iso3,iso2,name,region,income_level,year,value,rank
BHR,bh,"Bahrain","Middle East, North Africa, Afghanistan & Pakistan","High income",1990,0,20
BHR,bh,"Bahrain","Middle East, North Africa, Afghanistan & Pakistan","High income",1991,,
BHR,bh,"Bahrain","Middle East, North Africa, Afghanistan & Pakistan","High income",1992,,
BHR,bh,"Bahrain","Middle East, North Africa, Afghanistan & Pakistan","High income",1993,,
BHR,bh,"Bahrain","Middle East, North Africa, Afghanistan & Pakistan","High income",1994,,
BHR,bh,"Bahrain","Middle East, North Africa, Afghanistan & Pakistan","High income",1995,0.346,42
BHR,bh,"Bahrain","Middle East, North Africa, Afghanistan & Pakistan","High income",1996,0.843,47
BHR,bh,"Bahrain","Middle East, North Africa, Afghanistan & Pakistan","High income",1997,1.65,46
BHR,bh,"Bahrain","Middle East, North Africa, Afghanistan & Pakistan","High income",1998,3.22,45
BHR,bh,"Bahrain","Middle East, North Africa, Afghanistan & Pakistan","High income",1999,4.72,48
BHR,bh,"Bahrain","Middle East, North Africa, Afghanistan & Pakistan","High income",2000,6.15373254647607,59
BHR,bh,"Bahrain","Middle East, North Africa, Afghanistan & Pakistan","High income",2001,15.0386342513918,39
BHR,bh,"Bahrain","Middle East, North Africa, Afghanistan & Pakistan","High income",2002,18.0507208881153,46
BHR,bh,"Bahrain","Middle East, North Africa, Afghanistan & Pakistan","High income",2003,21.5549449917804,49
BHR,bh,"Bahrain","Middle East, North Africa, Afghanistan & Pakistan","High income",2004,21.4586805077435,58
BHR,bh,"Bahrain","Middle East, North Africa, Afghanistan & Pakistan","High income",2005,21.30369949,62
BHR,bh,"Bahrain","Middle East, North Africa, Afghanistan & Pakistan","High income",2006,28.24399948,58
BHR,bh,"Bahrain","Middle East, North Africa, Afghanistan & Pakistan","High income",2007,32.91,58
BHR,bh,"Bahrain","Middle East, North Africa, Afghanistan & Pakistan","High income",2008,51.95,40
BHR,bh,"Bahrain","Middle East, North Africa, Afghanistan & Pakistan","High income",2009,53,43
BHR,bh,"Bahrain","Middle East, North Africa, Afghanistan & Pakistan","High income",2010,55,43
BHR,bh,"Bahrain","Middle East, North Africa, Afghanistan & Pakistan","High income",2011,76.9999665032303,23
BHR,bh,"Bahrain","Middle East, North Africa, Afghanistan & Pakistan","High income",2012,88,9
BHR,bh,"Bahrain","Middle East, North Africa, Afghanistan & Pakistan","High income",2013,90.0000397,10
BHR,bh,"Bahrain","Middle East, North Africa, Afghanistan & Pakistan","High income",2014,90.5031334814656,11
BHR,bh,"Bahrain","Middle East, North Africa, Afghanistan & Pakistan","High income",2015,93.4783007986129,6
BHR,bh,"Bahrain","Middle East, North Africa, Afghanistan & Pakistan","High income",2016,97.9999807024146,4
BHR,bh,"Bahrain","Middle East, North Africa, Afghanistan & Pakistan","High income",2017,95.8781357543453,9
BHR,bh,"Bahrain","Middle East, North Africa, Afghanistan & Pakistan","High income",2018,98.6446725799886,4
BHR,bh,"Bahrain","Middle East, North Africa, Afghanistan & Pakistan","High income",2019,99.7015043807778,1
BHR,bh,"Bahrain","Middle East, North Africa, Afghanistan & Pakistan","High income",2020,99.67103159,2
BHR,bh,"Bahrain","Middle East, North Africa, Afghanistan & Pakistan","High income",2021,100,1
BHR,bh,"Bahrain","Middle East, North Africa, Afghanistan & Pakistan","High income",2022,100,1
BHR,bh,"Bahrain","Middle East, North Africa, Afghanistan & Pakistan","High income",2023,100,1
SAU,sa,"Saudi Arabia","Middle East, North Africa, Afghanistan & Pakistan","High income",1990,0,20
SAU,sa,"Saudi Arabia","Middle East, North Africa, Afghanistan & Pakistan","High income",1991,,
SAU,sa,"Saudi Arabia","Middle East, North Africa, Afghanistan & Pakistan","High income",1992,,
SAU,sa,"Saudi Arabia","Middle East, North Africa, Afghanistan & Pakistan","High income",1993,,
SAU,sa,"Saudi Arabia","Middle East, North Africa, Afghanistan & Pakistan","High income",1994,,
SAU,sa,"Saudi Arabia","Middle East, North Africa, Afghanistan & Pakistan","High income",1995,0.011,87
SAU,sa,"Saudi Arabia","Middle East, North Africa, Afghanistan & Pakistan","High income",1996,0.0267,109
SAU,sa,"Saudi Arabia","Middle East, North Africa, Afghanistan & Pakistan","High income",1997,0.0521,111
SAU,sa,"Saudi Arabia","Middle East, North Africa, Afghanistan & Pakistan","High income",1998,0.101,113
SAU,sa,"Saudi Arabia","Middle East, North Africa, Afghanistan & Pakistan","High income",1999,0.494,104
SAU,sa,"Saudi Arabia","Middle East, North Africa, Afghanistan & Pakistan","High income",2000,2.21069180908888,86
SAU,sa,"Saudi Arabia","Middle East, North Africa, Afghanistan & Pakistan","High income",2001,4.6810531658103,75
SAU,sa,"Saudi Arabia","Middle East, North Africa, Afghanistan & Pakistan","High income",2002,6.38470501955932,79
SAU,sa,"Saudi Arabia","Middle East, North Africa, Afghanistan & Pakistan","High income",2003,8.00158289090878,77
SAU,sa,"Saudi Arabia","Middle East, North Africa, Afghanistan & Pakistan","High income",2004,10.2345329969583,82
SAU,sa,"Saudi Arabia","Middle East, North Africa, Afghanistan & Pakistan","High income",2005,12.7050359882849,83
SAU,sa,"Saudi Arabia","Middle East, North Africa, Afghanistan & Pakistan","High income",2006,19.4595543513634,75
SAU,sa,"Saudi Arabia","Middle East, North Africa, Afghanistan & Pakistan","High income",2007,30,62
SAU,sa,"Saudi Arabia","Middle East, North Africa, Afghanistan & Pakistan","High income",2008,36,59
SAU,sa,"Saudi Arabia","Middle East, North Africa, Afghanistan & Pakistan","High income",2009,38,64
SAU,sa,"Saudi Arabia","Middle East, North Africa, Afghanistan & Pakistan","High income",2010,41,62
SAU,sa,"Saudi Arabia","Middle East, North Africa, Afghanistan & Pakistan","High income",2011,47.5,66
SAU,sa,"Saudi Arabia","Middle East, North Africa, Afghanistan & Pakistan","High income",2012,54,65
SAU,sa,"Saudi Arabia","Middle East, North Africa, Afghanistan & Pakistan","High income",2013,60.5,56
SAU,sa,"Saudi Arabia","Middle East, North Africa, Afghanistan & Pakistan","High income",2014,64.713657369019,54
SAU,sa,"Saudi Arabia","Middle East, North Africa, Afghanistan & Pakistan","High income",2015,69.6162358014004,55
SAU,sa,"Saudi Arabia","Middle East, North Africa, Afghanistan & Pakistan","High income",2016,74.8792746891625,48
SAU,sa,"Saudi Arabia","Middle East, North Africa, Afghanistan & Pakistan","High income",2017,94.1755996113911,13
SAU,sa,"Saudi Arabia","Middle East, North Africa, Afghanistan & Pakistan","High income",2018,93.3100018480347,13
SAU,sa,"Saudi Arabia","Middle East, North Africa, Afghanistan & Pakistan","High income",2019,95.7247355953812,11
SAU,sa,"Saudi Arabia","Middle East, North Africa, Afghanistan & Pakistan","High income",2020,97.8623325,8
SAU,sa,"Saudi Arabia","Middle East, North Africa, Afghanistan & Pakistan","High income",2021,100,1
SAU,sa,"Saudi Arabia","Middle East, North Africa, Afghanistan & Pakistan","High income",2022,100,1
SAU,sa,"Saudi Arabia","Middle East, North Africa, Afghanistan & Pakistan","High income",2023,100,1
ARE,ae,"United Arab Emirates","Middle East, North Africa, Afghanistan & Pakistan","High income",1990,0,20
ARE,ae,"United Arab Emirates","Middle East, North Africa, Afghanistan & Pakistan","High income",1991,,
ARE,ae,"United Arab Emirates","Middle East, North Africa, Afghanistan & Pakistan","High income",1992,,
ARE,ae,"United Arab Emirates","Middle East, North Africa, Afghanistan & Pakistan","High income",1993,,
ARE,ae,"United Arab Emirates","Middle East, North Africa, Afghanistan & Pakistan","High income",1994,,
ARE,ae,"United Arab Emirates","Middle East, North Africa, Afghanistan & Pakistan","High income",1995,0.103,60
ARE,ae,"United Arab Emirates","Middle East, North Africa, Afghanistan & Pakistan","High income",1996,0.375,63
ARE,ae,"United Arab Emirates","Middle East, North Africa, Afghanistan & Pakistan","High income",1997,3.3,31
ARE,ae,"United Arab Emirates","Middle East, North Africa, Afghanistan & Pakistan","High income",1998,6.91,28
ARE,ae,"United Arab Emirates","Middle East, North Africa, Afghanistan & Pakistan","High income",1999,14.9,21
ARE,ae,"United Arab Emirates","Middle East, North Africa, Afghanistan & Pakistan","High income",2000,23.6253008751553,24
ARE,ae,"United Arab Emirates","Middle East, North Africa, Afghanistan & Pakistan","High income",2001,26.2717542010006,29
ARE,ae,"United Arab Emirates","Middle East, North Africa, Afghanistan & Pakistan","High income",2002,28.3164853110439,29
ARE,ae,"United Arab Emirates","Middle East, North Africa, Afghanistan & Pakistan","High income",2003,29.4779534120864,35
ARE,ae,"United Arab Emirates","Middle East, North Africa, Afghanistan & Pakistan","High income",2004,30.1312961695367,42
ARE,ae,"United Arab Emirates","Middle East, North Africa, Afghanistan & Pakistan","High income",2005,40,32
ARE,ae,"United Arab Emirates","Middle East, North Africa, Afghanistan & Pakistan","High income",2006,52,29
ARE,ae,"United Arab Emirates","Middle East, North Africa, Afghanistan & Pakistan","High income",2007,61,28
ARE,ae,"United Arab Emirates","Middle East, North Africa, Afghanistan & Pakistan","High income",2008,63,29
ARE,ae,"United Arab Emirates","Middle East, North Africa, Afghanistan & Pakistan","High income",2009,64,31
ARE,ae,"United Arab Emirates","Middle East, North Africa, Afghanistan & Pakistan","High income",2010,68,31
ARE,ae,"United Arab Emirates","Middle East, North Africa, Afghanistan & Pakistan","High income",2011,78,21
ARE,ae,"United Arab Emirates","Middle East, North Africa, Afghanistan & Pakistan","High income",2012,84.9999915049492,13
ARE,ae,"United Arab Emirates","Middle East, North Africa, Afghanistan & Pakistan","High income",2013,88,13
ARE,ae,"United Arab Emirates","Middle East, North Africa, Afghanistan & Pakistan","High income",2014,90.4000107121939,12
ARE,ae,"United Arab Emirates","Middle East, North Africa, Afghanistan & Pakistan","High income",2015,90.5,13
ARE,ae,"United Arab Emirates","Middle East, North Africa, Afghanistan & Pakistan","High income",2016,90.6000073180483,13
ARE,ae,"United Arab Emirates","Middle East, North Africa, Afghanistan & Pakistan","High income",2017,94.8199225383446,12
ARE,ae,"United Arab Emirates","Middle East, North Africa, Afghanistan & Pakistan","High income",2018,98.4500017817194,5
ARE,ae,"United Arab Emirates","Middle East, North Africa, Afghanistan & Pakistan","High income",2019,99.1499979561243,5
ARE,ae,"United Arab Emirates","Middle East, North Africa, Afghanistan & Pakistan","High income",2020,100,1
ARE,ae,"United Arab Emirates","Middle East, North Africa, Afghanistan & Pakistan","High income",2021,100,1
ARE,ae,"United Arab Emirates","Middle East, North Africa, Afghanistan & Pakistan","High income",2022,100,1
ARE,ae,"United Arab Emirates","Middle East, North Africa, Afghanistan & Pakistan","High income",2023,100,1
KWT,kw,"Kuwait","Middle East, North Africa, Afghanistan & Pakistan","High income",1990,0,20
KWT,kw,"Kuwait","Middle East, North Africa, Afghanistan & Pakistan","High income",1991,,
KWT,kw,"Kuwait","Middle East, North Africa, Afghanistan & Pakistan","High income",1992,,
KWT,kw,"Kuwait","Middle East, North Africa, Afghanistan & Pakistan","High income",1993,0.0911,34
KWT,kw,"Kuwait","Middle East, North Africa, Afghanistan & Pakistan","High income",1994,0.147,36
KWT,kw,"Kuwait","Middle East, North Africa, Afghanistan & Pakistan","High income",1995,0.203,47
KWT,kw,"Kuwait","Middle East, North Africa, Afghanistan & Pakistan","High income",1996,0.856,45
KWT,kw,"Kuwait","Middle East, North Africa, Afghanistan & Pakistan","High income",1997,2.17,40
KWT,kw,"Kuwait","Middle East, North Africa, Afghanistan & Pakistan","High income",1998,3.05,46
KWT,kw,"Kuwait","Middle East, North Africa, Afghanistan & Pakistan","High income",1999,4.76,47
KWT,kw,"Kuwait","Middle East, North Africa, Afghanistan & Pakistan","High income",2000,6.73139576837536,53
KWT,kw,"Kuwait","Middle East, North Africa, Afghanistan & Pakistan","High income",2001,8.55179243431475,56
KWT,kw,"Kuwait","Middle East, North Africa, Afghanistan & Pakistan","High income",2002,10.2489679289296,65
KWT,kw,"Kuwait","Middle East, North Africa, Afghanistan & Pakistan","High income",2003,22.4029383804612,46
KWT,kw,"Kuwait","Middle East, North Africa, Afghanistan & Pakistan","High income",2004,22.9271120360078,55
KWT,kw,"Kuwait","Middle East, North Africa, Afghanistan & Pakistan","High income",2005,25.92609978,52
KWT,kw,"Kuwait","Middle East, North Africa, Afghanistan & Pakistan","High income",2006,28.79120064,56
KWT,kw,"Kuwait","Middle East, North Africa, Afghanistan & Pakistan","High income",2007,34.79999924,54
KWT,kw,"Kuwait","Middle East, North Africa, Afghanistan & Pakistan","High income",2008,42,51
KWT,kw,"Kuwait","Middle East, North Africa, Afghanistan & Pakistan","High income",2009,50.79999924,45
KWT,kw,"Kuwait","Middle East, North Africa, Afghanistan & Pakistan","High income",2010,61.40000153,39
KWT,kw,"Kuwait","Middle East, North Africa, Afghanistan & Pakistan","High income",2011,65.7690706867398,39
KWT,kw,"Kuwait","Middle East, North Africa, Afghanistan & Pakistan","High income",2012,70.44999695,36
KWT,kw,"Kuwait","Middle East, North Africa, Afghanistan & Pakistan","High income",2013,75.45999908,29
KWT,kw,"Kuwait","Middle East, North Africa, Afghanistan & Pakistan","High income",2014,78.69999695,29
KWT,kw,"Kuwait","Middle East, North Africa, Afghanistan & Pakistan","High income",2015,82,27
KWT,kw,"Kuwait","Middle East, North Africa, Afghanistan & Pakistan","High income",2016,85.59999847,25
KWT,kw,"Kuwait","Middle East, North Africa, Afghanistan & Pakistan","High income",2017,97.9999893344615,3
KWT,kw,"Kuwait","Middle East, North Africa, Afghanistan & Pakistan","High income",2018,99.5988495907557,2
KWT,kw,"Kuwait","Middle East, North Africa, Afghanistan & Pakistan","High income",2019,99.5426764518489,3
KWT,kw,"Kuwait","Middle East, North Africa, Afghanistan & Pakistan","High income",2020,99.10587017,5
KWT,kw,"Kuwait","Middle East, North Africa, Afghanistan & Pakistan","High income",2021,99.7,2
KWT,kw,"Kuwait","Middle East, North Africa, Afghanistan & Pakistan","High income",2022,99.74729919,2
KWT,kw,"Kuwait","Middle East, North Africa, Afghanistan & Pakistan","High income",2023,99.74731125,2
LUX,lu,"Luxembourg","Europe & Central Asia","High income",1990,0,20
LUX,lu,"Luxembourg","Europe & Central Asia","High income",1991,,
LUX,lu,"Luxembourg","Europe & Central Asia","High income",1992,0.153,21
LUX,lu,"Luxembourg","Europe & Central Asia","High income",1993,0.302,22
LUX,lu,"Luxembourg","Europe & Central Asia","High income",1994,0.496,26
LUX,lu,"Luxembourg","Europe & Central Asia","High income",1995,1.59,21
LUX,lu,"Luxembourg","Europe & Central Asia","High income",1996,5.55,12
LUX,lu,"Luxembourg","Europe & Central Asia","High income",1997,7.14,17
LUX,lu,"Luxembourg","Europe & Central Asia","High income",1998,11.7,17
LUX,lu,"Luxembourg","Europe & Central Asia","High income",1999,17.4,20
LUX,lu,"Luxembourg","Europe & Central Asia","High income",2000,22.8873279731211,26
LUX,lu,"Luxembourg","Europe & Central Asia","High income",2001,36.163422506306,20
LUX,lu,"Luxembourg","Europe & Central Asia","High income",2002,39.84,23
LUX,lu,"Luxembourg","Europe & Central Asia","High income",2003,54.55,15
LUX,lu,"Luxembourg","Europe & Central Asia","High income",2004,65.88,10
LUX,lu,"Luxembourg","Europe & Central Asia","High income",2005,70,10
LUX,lu,"Luxembourg","Europe & Central Asia","High income",2006,72.51,9
LUX,lu,"Luxembourg","Europe & Central Asia","High income",2007,78.92,7
LUX,lu,"Luxembourg","Europe & Central Asia","High income",2008,82.23,7
LUX,lu,"Luxembourg","Europe & Central Asia","High income",2009,87.31,5
LUX,lu,"Luxembourg","Europe & Central Asia","High income",2010,90.62,3
LUX,lu,"Luxembourg","Europe & Central Asia","High income",2011,90.0298585646936,5
LUX,lu,"Luxembourg","Europe & Central Asia","High income",2012,91.9499237417387,6
LUX,lu,"Luxembourg","Europe & Central Asia","High income",2013,93.7765,7
LUX,lu,"Luxembourg","Europe & Central Asia","High income",2014,94.6702052774766,5
LUX,lu,"Luxembourg","Europe & Central Asia","High income",2015,96.3767141704759,4
LUX,lu,"Luxembourg","Europe & Central Asia","High income",2016,98.1366986657616,2
LUX,lu,"Luxembourg","Europe & Central Asia","High income",2017,97.3629603241751,5
LUX,lu,"Luxembourg","Europe & Central Asia","High income",2018,97.061298705829,7
LUX,lu,"Luxembourg","Europe & Central Asia","High income",2019,97.120635693272,9
LUX,lu,"Luxembourg","Europe & Central Asia","High income",2020,98.45962893,7
LUX,lu,"Luxembourg","Europe & Central Asia","High income",2021,98.66086333,8
LUX,lu,"Luxembourg","Europe & Central Asia","High income",2022,98.24203749,6
LUX,lu,"Luxembourg","Europe & Central Asia","High income",2023,99.34785707,3
NOR,no,"Norway","Europe & Central Asia","High income",1990,0.707,2
NOR,no,"Norway","Europe & Central Asia","High income",1991,1.41,1
NOR,no,"Norway","Europe & Central Asia","High income",1992,2.22,1
NOR,no,"Norway","Europe & Central Asia","High income",1993,2.78,1
NOR,no,"Norway","Europe & Central Asia","High income",1994,4.15,4
NOR,no,"Norway","Europe & Central Asia","High income",1995,6.42,5
NOR,no,"Norway","Europe & Central Asia","High income",1996,18.3,1
NOR,no,"Norway","Europe & Central Asia","High income",1997,20.4,4
NOR,no,"Norway","Europe & Central Asia","High income",1998,22.6,10
NOR,no,"Norway","Europe & Central Asia","High income",1999,40,6
NOR,no,"Norway","Europe & Central Asia","High income",2000,52,1
NOR,no,"Norway","Europe & Central Asia","High income",2001,64,1
NOR,no,"Norway","Europe & Central Asia","High income",2002,72.84,2
NOR,no,"Norway","Europe & Central Asia","High income",2003,78.13,3
NOR,no,"Norway","Europe & Central Asia","High income",2004,77.69,4
NOR,no,"Norway","Europe & Central Asia","High income",2005,81.99,4
NOR,no,"Norway","Europe & Central Asia","High income",2006,82.55,5
NOR,no,"Norway","Europe & Central Asia","High income",2007,86.93,2
NOR,no,"Norway","Europe & Central Asia","High income",2008,90.57,2
NOR,no,"Norway","Europe & Central Asia","High income",2009,92.08,2
NOR,no,"Norway","Europe & Central Asia","High income",2010,93.39,1
NOR,no,"Norway","Europe & Central Asia","High income",2011,93.4899826515194,2
NOR,no,"Norway","Europe & Central Asia","High income",2012,94.6499780533304,2
NOR,no,"Norway","Europe & Central Asia","High income",2013,95.0534,2
NOR,no,"Norway","Europe & Central Asia","High income",2014,96.3005098242892,2
NOR,no,"Norway","Europe & Central Asia","High income",2015,96.810325691365,2
NOR,no,"Norway","Europe & Central Asia","High income",2016,97.2982036675068,5
NOR,no,"Norway","Europe & Central Asia","High income",2017,96.3576012951191,8
NOR,no,"Norway","Europe & Central Asia","High income",2018,96.4916579887094,8
NOR,no,"Norway","Europe & Central Asia","High income",2019,98.0000043853142,7
NOR,no,"Norway","Europe & Central Asia","High income",2020,94.60755647,15
NOR,no,"Norway","Europe & Central Asia","High income",2021,99.0000036,6
NOR,no,"Norway","Europe & Central Asia","High income",2022,98.99997764,3
NOR,no,"Norway","Europe & Central Asia","High income",2023,99.00000258,4
BRN,bn,"Brunei Darussalam","East Asia & Pacific","High income",1990,0,20
BRN,bn,"Brunei Darussalam","East Asia & Pacific","High income",1991,,
BRN,bn,"Brunei Darussalam","East Asia & Pacific","High income",1992,,
BRN,bn,"Brunei Darussalam","East Asia & Pacific","High income",1993,,
BRN,bn,"Brunei Darussalam","East Asia & Pacific","High income",1994,,
BRN,bn,"Brunei Darussalam","East Asia & Pacific","High income",1995,1.02,26
BRN,bn,"Brunei Darussalam","East Asia & Pacific","High income",1996,3.3,19
BRN,bn,"Brunei Darussalam","East Asia & Pacific","High income",1997,4.83,22
BRN,bn,"Brunei Darussalam","East Asia & Pacific","High income",1998,6.28,34
BRN,bn,"Brunei Darussalam","East Asia & Pacific","High income",1999,7.67,35
BRN,bn,"Brunei Darussalam","East Asia & Pacific","High income",2000,8.99628453448726,43
BRN,bn,"Brunei Darussalam","East Asia & Pacific","High income",2001,12.9177690823013,43
BRN,bn,"Brunei Darussalam","East Asia & Pacific","High income",2002,15.329879855735,53
BRN,bn,"Brunei Darussalam","East Asia & Pacific","High income",2003,19.5950032207342,53
BRN,bn,"Brunei Darussalam","East Asia & Pacific","High income",2004,29.7156041447864,43
BRN,bn,"Brunei Darussalam","East Asia & Pacific","High income",2005,36.4663919475782,37
BRN,bn,"Brunei Darussalam","East Asia & Pacific","High income",2006,42.1863491609307,40
BRN,bn,"Brunei Darussalam","East Asia & Pacific","High income",2007,44.68,42
BRN,bn,"Brunei Darussalam","East Asia & Pacific","High income",2008,46,45
BRN,bn,"Brunei Darussalam","East Asia & Pacific","High income",2009,49,48
BRN,bn,"Brunei Darussalam","East Asia & Pacific","High income",2010,53,46
BRN,bn,"Brunei Darussalam","East Asia & Pacific","High income",2011,56,50
BRN,bn,"Brunei Darussalam","East Asia & Pacific","High income",2012,60.27310181,52
BRN,bn,"Brunei Darussalam","East Asia & Pacific","High income",2013,64.5,51
BRN,bn,"Brunei Darussalam","East Asia & Pacific","High income",2014,68.76999664,46
BRN,bn,"Brunei Darussalam","East Asia & Pacific","High income",2015,71.19999695,48
BRN,bn,"Brunei Darussalam","East Asia & Pacific","High income",2016,90,15
BRN,bn,"Brunei Darussalam","East Asia & Pacific","High income",2017,94.86669922,11
BRN,bn,"Brunei Darussalam","East Asia & Pacific","High income",2018,95,10
BRN,bn,"Brunei Darussalam","East Asia & Pacific","High income",2019,95,12
BRN,bn,"Brunei Darussalam","East Asia & Pacific","High income",2020,96.30549622,11
BRN,bn,"Brunei Darussalam","East Asia & Pacific","High income",2021,97.62879944,9
BRN,bn,"Brunei Darussalam","East Asia & Pacific","High income",2022,98.97042579,4
BRN,bn,"Brunei Darussalam","East Asia & Pacific","High income",2023,98.97039795,5
MCO,mc,"Monaco","Europe & Central Asia","High income",1990,0,20
MCO,mc,"Monaco","Europe & Central Asia","High income",1991,,
MCO,mc,"Monaco","Europe & Central Asia","High income",1992,,
MCO,mc,"Monaco","Europe & Central Asia","High income",1993,,
MCO,mc,"Monaco","Europe & Central Asia","High income",1994,,
MCO,mc,"Monaco","Europe & Central Asia","High income",1995,,
MCO,mc,"Monaco","Europe & Central Asia","High income",1996,,
MCO,mc,"Monaco","Europe & Central Asia","High income",1997,,
MCO,mc,"Monaco","Europe & Central Asia","High income",1998,,
MCO,mc,"Monaco","Europe & Central Asia","High income",1999,,
MCO,mc,"Monaco","Europe & Central Asia","High income",2000,42.1848634460346,12
MCO,mc,"Monaco","Europe & Central Asia","High income",2001,46.6461423640265,12
MCO,mc,"Monaco","Europe & Central Asia","High income",2002,48.0471171729696,16
MCO,mc,"Monaco","Europe & Central Asia","High income",2003,49.4911689195459,20
MCO,mc,"Monaco","Europe & Central Asia","High income",2004,52.4901966838546,23
MCO,mc,"Monaco","Europe & Central Asia","High income",2005,55.46480179,22
MCO,mc,"Monaco","Europe & Central Asia","High income",2006,61.47600174,21
MCO,mc,"Monaco","Europe & Central Asia","High income",2007,64.37770081,25
MCO,mc,"Monaco","Europe & Central Asia","High income",2008,67.25,24
MCO,mc,"Monaco","Europe & Central Asia","High income",2009,70.1,23
MCO,mc,"Monaco","Europe & Central Asia","High income",2010,75,21
MCO,mc,"Monaco","Europe & Central Asia","High income",2011,80.30000305,17
MCO,mc,"Monaco","Europe & Central Asia","High income",2012,87,11
MCO,mc,"Monaco","Europe & Central Asia","High income",2013,90.69999695,9
MCO,mc,"Monaco","Europe & Central Asia","High income",2014,92.40000153,7
MCO,mc,"Monaco","Europe & Central Asia","High income",2015,93.36329651,7
MCO,mc,"Monaco","Europe & Central Asia","High income",2016,95.20819855,7
MCO,mc,"Monaco","Europe & Central Asia","High income",2017,97.0530014,7
MCO,mc,"Monaco","Europe & Central Asia","High income",2018,,
MCO,mc,"Monaco","Europe & Central Asia","High income",2019,98,8
MCO,mc,"Monaco","Europe & Central Asia","High income",2020,98.57080078,6
MCO,mc,"Monaco","Europe & Central Asia","High income",2021,99.07759857,5
MCO,mc,"Monaco","Europe & Central Asia","High income",2022,98.75189972,5
MCO,mc,"Monaco","Europe & Central Asia","High income",2023,98.87049866,6
DNK,dk,"Denmark","Europe & Central Asia","High income",1990,0.0973,12
DNK,dk,"Denmark","Europe & Central Asia","High income",1991,0.194,12
DNK,dk,"Denmark","Europe & Central Asia","High income",1992,0.387,14
DNK,dk,"Denmark","Europe & Central Asia","High income",1993,0.578,15
DNK,dk,"Denmark","Europe & Central Asia","High income",1994,1.34,13
DNK,dk,"Denmark","Europe & Central Asia","High income",1995,3.83,9
DNK,dk,"Denmark","Europe & Central Asia","High income",1996,5.71,11
DNK,dk,"Denmark","Europe & Central Asia","High income",1997,11.4,11
DNK,dk,"Denmark","Europe & Central Asia","High income",1998,22.7,9
DNK,dk,"Denmark","Europe & Central Asia","High income",1999,30.6,12
DNK,dk,"Denmark","Europe & Central Asia","High income",2000,39.1724308555053,13
DNK,dk,"Denmark","Europe & Central Asia","High income",2001,42.9575247201878,15
DNK,dk,"Denmark","Europe & Central Asia","High income",2002,64.25,4
DNK,dk,"Denmark","Europe & Central Asia","High income",2003,76.26,4
DNK,dk,"Denmark","Europe & Central Asia","High income",2004,80.93,3
DNK,dk,"Denmark","Europe & Central Asia","High income",2005,82.74,3
DNK,dk,"Denmark","Europe & Central Asia","High income",2006,86.65,3
DNK,dk,"Denmark","Europe & Central Asia","High income",2007,85.03,4
DNK,dk,"Denmark","Europe & Central Asia","High income",2008,85.02,5
DNK,dk,"Denmark","Europe & Central Asia","High income",2009,86.84,6
DNK,dk,"Denmark","Europe & Central Asia","High income",2010,88.72,5
DNK,dk,"Denmark","Europe & Central Asia","High income",2011,89.8100133895232,6
DNK,dk,"Denmark","Europe & Central Asia","High income",2012,92.2600117153012,5
DNK,dk,"Denmark","Europe & Central Asia","High income",2013,94.6297,4
DNK,dk,"Denmark","Europe & Central Asia","High income",2014,95.9935053764454,3
DNK,dk,"Denmark","Europe & Central Asia","High income",2015,96.3305016195436,5
DNK,dk,"Denmark","Europe & Central Asia","High income",2016,96.9677852516645,6
DNK,dk,"Denmark","Europe & Central Asia","High income",2017,97.0993621555621,6
DNK,dk,"Denmark","Europe & Central Asia","High income",2018,97.3192043651002,6
DNK,dk,"Denmark","Europe & Central Asia","High income",2019,98.0464347521549,6
DNK,dk,"Denmark","Europe & Central Asia","High income",2020,96.54914573,9
DNK,dk,"Denmark","Europe & Central Asia","High income",2021,98.8658506,7
DNK,dk,"Denmark","Europe & Central Asia","High income",2022,97.86011812,9
DNK,dk,"Denmark","Europe & Central Asia","High income",2023,98.77559197,7
QAT,qa,"Qatar","Middle East, North Africa, Afghanistan & Pakistan","High income",1990,0,20
QAT,qa,"Qatar","Middle East, North Africa, Afghanistan & Pakistan","High income",1991,,
QAT,qa,"Qatar","Middle East, North Africa, Afghanistan & Pakistan","High income",1992,,
QAT,qa,"Qatar","Middle East, North Africa, Afghanistan & Pakistan","High income",1993,,
QAT,qa,"Qatar","Middle East, North Africa, Afghanistan & Pakistan","High income",1994,,
QAT,qa,"Qatar","Middle East, North Africa, Afghanistan & Pakistan","High income",1995,0.19,48
QAT,qa,"Qatar","Middle East, North Africa, Afghanistan & Pakistan","High income",1996,0.93,42
QAT,qa,"Qatar","Middle East, North Africa, Afghanistan & Pakistan","High income",1997,3.08,32
QAT,qa,"Qatar","Middle East, North Africa, Afghanistan & Pakistan","High income",1998,3.52,41
QAT,qa,"Qatar","Middle East, North Africa, Afghanistan & Pakistan","High income",1999,4.07,56
QAT,qa,"Qatar","Middle East, North Africa, Afghanistan & Pakistan","High income",2000,4.86367917875156,67
QAT,qa,"Qatar","Middle East, North Africa, Afghanistan & Pakistan","High income",2001,6.17026856093911,68
QAT,qa,"Qatar","Middle East, North Africa, Afghanistan & Pakistan","High income",2002,10.2261289281118,66
QAT,qa,"Qatar","Middle East, North Africa, Afghanistan & Pakistan","High income",2003,19.242336421002,55
QAT,qa,"Qatar","Middle East, North Africa, Afghanistan & Pakistan","High income",2004,20.701647851169,62
QAT,qa,"Qatar","Middle East, North Africa, Afghanistan & Pakistan","High income",2005,24.73349953,56
QAT,qa,"Qatar","Middle East, North Africa, Afghanistan & Pakistan","High income",2006,28.97410011,54
QAT,qa,"Qatar","Middle East, North Africa, Afghanistan & Pakistan","High income",2007,37,50
QAT,qa,"Qatar","Middle East, North Africa, Afghanistan & Pakistan","High income",2008,44.29999924,47
QAT,qa,"Qatar","Middle East, North Africa, Afghanistan & Pakistan","High income",2009,53.09999847,42
QAT,qa,"Qatar","Middle East, North Africa, Afghanistan & Pakistan","High income",2010,69,28
QAT,qa,"Qatar","Middle East, North Africa, Afghanistan & Pakistan","High income",2011,69,32
QAT,qa,"Qatar","Middle East, North Africa, Afghanistan & Pakistan","High income",2012,69.3,38
QAT,qa,"Qatar","Middle East, North Africa, Afghanistan & Pakistan","High income",2013,85.3,16
QAT,qa,"Qatar","Middle East, North Africa, Afghanistan & Pakistan","High income",2014,91.48999786,10
QAT,qa,"Qatar","Middle East, North Africa, Afghanistan & Pakistan","High income",2015,92.8848264535481,8
QAT,qa,"Qatar","Middle East, North Africa, Afghanistan & Pakistan","High income",2016,95.1246621661148,8
QAT,qa,"Qatar","Middle East, North Africa, Afghanistan & Pakistan","High income",2017,97.3888491654164,4
QAT,qa,"Qatar","Middle East, North Africa, Afghanistan & Pakistan","High income",2018,99.6528491261175,1
QAT,qa,"Qatar","Middle East, North Africa, Afghanistan & Pakistan","High income",2019,99.6528042086389,2
QAT,qa,"Qatar","Middle East, North Africa, Afghanistan & Pakistan","High income",2020,99.65284913,3
QAT,qa,"Qatar","Middle East, North Africa, Afghanistan & Pakistan","High income",2021,99.65280151,4
QAT,qa,"Qatar","Middle East, North Africa, Afghanistan & Pakistan","High income",2022,98.03800201,7
QAT,qa,"Qatar","Middle East, North Africa, Afghanistan & Pakistan","High income",2023,98.15229797,8
LIE,li,"Liechtenstein","Europe & Central Asia","High income",1990,0,20
LIE,li,"Liechtenstein","Europe & Central Asia","High income",1991,,
LIE,li,"Liechtenstein","Europe & Central Asia","High income",1992,,
LIE,li,"Liechtenstein","Europe & Central Asia","High income",1993,,
LIE,li,"Liechtenstein","Europe & Central Asia","High income",1994,,
LIE,li,"Liechtenstein","Europe & Central Asia","High income",1995,,
LIE,li,"Liechtenstein","Europe & Central Asia","High income",1996,,
LIE,li,"Liechtenstein","Europe & Central Asia","High income",1997,,
LIE,li,"Liechtenstein","Europe & Central Asia","High income",1998,,
LIE,li,"Liechtenstein","Europe & Central Asia","High income",1999,,
LIE,li,"Liechtenstein","Europe & Central Asia","High income",2000,36.5152298938015,15
LIE,li,"Liechtenstein","Europe & Central Asia","High income",2001,45.1168526483592,13
LIE,li,"Liechtenstein","Europe & Central Asia","High income",2002,59.4707106749926,9
LIE,li,"Liechtenstein","Europe & Central Asia","High income",2003,58.8096918372148,13
LIE,li,"Liechtenstein","Europe & Central Asia","High income",2004,64.0074481394199,14
LIE,li,"Liechtenstein","Europe & Central Asia","High income",2005,63.37139893,14
LIE,li,"Liechtenstein","Europe & Central Asia","High income",2006,64.21420288,17
LIE,li,"Liechtenstein","Europe & Central Asia","High income",2007,65.0802002,23
LIE,li,"Liechtenstein","Europe & Central Asia","High income",2008,70,21
LIE,li,"Liechtenstein","Europe & Central Asia","High income",2009,75,16
LIE,li,"Liechtenstein","Europe & Central Asia","High income",2010,80,14
LIE,li,"Liechtenstein","Europe & Central Asia","High income",2011,85,10
LIE,li,"Liechtenstein","Europe & Central Asia","High income",2012,89.40769958,8
LIE,li,"Liechtenstein","Europe & Central Asia","High income",2013,93.80000305,6
LIE,li,"Liechtenstein","Europe & Central Asia","High income",2014,95.20999908,4
LIE,li,"Liechtenstein","Europe & Central Asia","High income",2015,96.6411972,3
LIE,li,"Liechtenstein","Europe & Central Asia","High income",2016,98.09390259,3
LIE,li,"Liechtenstein","Europe & Central Asia","High income",2017,99.54660034,1
LIE,li,"Liechtenstein","Europe & Central Asia","High income",2018,,
LIE,li,"Liechtenstein","Europe & Central Asia","High income",2019,93.14610291,16
LIE,li,"Liechtenstein","Europe & Central Asia","High income",2020,94.34999847,17
LIE,li,"Liechtenstein","Europe & Central Asia","High income",2021,95.56939697,15
LIE,li,"Liechtenstein","Europe & Central Asia","High income",2022,97.88069916,8
LIE,li,"Liechtenstein","Europe & Central Asia","High income",2023,98.13230133,9
ISL,is,"Iceland","Europe & Central Asia","High income",1990,0,20
ISL,is,"Iceland","Europe & Central Asia","High income",1991,0.505,8
ISL,is,"Iceland","Europe & Central Asia","High income",1992,1.54,6
ISL,is,"Iceland","Europe & Central Asia","High income",1993,2.67,2
ISL,is,"Iceland","Europe & Central Asia","High income",1994,6.79,1
ISL,is,"Iceland","Europe & Central Asia","High income",1995,11.2,2
ISL,is,"Iceland","Europe & Central Asia","High income",1996,14.8,4
ISL,is,"Iceland","Europe & Central Asia","High income",1997,27.5,1
ISL,is,"Iceland","Europe & Central Asia","High income",1998,36.3,1
ISL,is,"Iceland","Europe & Central Asia","High income",1999,41.3,4
ISL,is,"Iceland","Europe & Central Asia","High income",2000,44.470533824288,9
ISL,is,"Iceland","Europe & Central Asia","High income",2001,49.3929953676426,9
ISL,is,"Iceland","Europe & Central Asia","High income",2002,79.12,1
ISL,is,"Iceland","Europe & Central Asia","High income",2003,83.14,1
ISL,is,"Iceland","Europe & Central Asia","High income",2004,83.88,2
ISL,is,"Iceland","Europe & Central Asia","High income",2005,87,1
ISL,is,"Iceland","Europe & Central Asia","High income",2006,89.51,1
ISL,is,"Iceland","Europe & Central Asia","High income",2007,90.6,1
ISL,is,"Iceland","Europe & Central Asia","High income",2008,91,1
ISL,is,"Iceland","Europe & Central Asia","High income",2009,93,1
ISL,is,"Iceland","Europe & Central Asia","High income",2010,93.39,1
ISL,is,"Iceland","Europe & Central Asia","High income",2011,94.8196868008949,1
ISL,is,"Iceland","Europe & Central Asia","High income",2012,96.2097995545657,1
ISL,is,"Iceland","Europe & Central Asia","High income",2013,96.5468,1
ISL,is,"Iceland","Europe & Central Asia","High income",2014,98.1580233097118,1
ISL,is,"Iceland","Europe & Central Asia","High income",2015,98.19999695,1
ISL,is,"Iceland","Europe & Central Asia","High income",2016,98.23999786,1
ISL,is,"Iceland","Europe & Central Asia","High income",2017,98.2552011867973,2
ISL,is,"Iceland","Europe & Central Asia","High income",2018,99.0109539916991,3
ISL,is,"Iceland","Europe & Central Asia","High income",2019,99.5049411693787,4
ISL,is,"Iceland","Europe & Central Asia","High income",2020,99.5327519,4
ISL,is,"Iceland","Europe & Central Asia","High income",2021,99.68701957,3
ISL,is,"Iceland","Europe & Central Asia","High income",2022,97.58339691,10
ISL,is,"Iceland","Europe & Central Asia","High income",2023,97.94860077,10
MYS,my,"Malaysia","East Asia & Pacific","Upper middle income",1990,0,20
MYS,my,"Malaysia","East Asia & Pacific","Upper middle income",1991,,
MYS,my,"Malaysia","East Asia & Pacific","Upper middle income",1992,0.00105,40
MYS,my,"Malaysia","East Asia & Pacific","Upper middle income",1993,0.0255,41
MYS,my,"Malaysia","East Asia & Pacific","Upper middle income",1994,0.0996,40
MYS,my,"Malaysia","East Asia & Pacific","Upper middle income",1995,0.146,52
MYS,my,"Malaysia","East Asia & Pacific","Upper middle income",1996,0.852,46
MYS,my,"Malaysia","East Asia & Pacific","Upper middle income",1997,2.31,37
MYS,my,"Malaysia","East Asia & Pacific","Upper middle income",1998,6.75,31
MYS,my,"Malaysia","East Asia & Pacific","Upper middle income",1999,12.3,28
MYS,my,"Malaysia","East Asia & Pacific","Upper middle income",2000,21.3847311644538,27
MYS,my,"Malaysia","East Asia & Pacific","Upper middle income",2001,26.6959725007084,27
MYS,my,"Malaysia","East Asia & Pacific","Upper middle income",2002,32.3382043389359,25
MYS,my,"Malaysia","East Asia & Pacific","Upper middle income",2003,34.9711523397291,28
MYS,my,"Malaysia","East Asia & Pacific","Upper middle income",2004,42.2522656295248,27
MYS,my,"Malaysia","East Asia & Pacific","Upper middle income",2005,48.6291702459839,25
MYS,my,"Malaysia","East Asia & Pacific","Upper middle income",2006,51.6379889864403,30
MYS,my,"Malaysia","East Asia & Pacific","Upper middle income",2007,55.7,32
MYS,my,"Malaysia","East Asia & Pacific","Upper middle income",2008,55.8,36
MYS,my,"Malaysia","East Asia & Pacific","Upper middle income",2009,55.9,38
MYS,my,"Malaysia","East Asia & Pacific","Upper middle income",2010,56.3,41
MYS,my,"Malaysia","East Asia & Pacific","Upper middle income",2011,61,44
MYS,my,"Malaysia","East Asia & Pacific","Upper middle income",2012,65.8,43
MYS,my,"Malaysia","East Asia & Pacific","Upper middle income",2013,57.05751226,63
MYS,my,"Malaysia","East Asia & Pacific","Upper middle income",2014,63.6654258813225,58
MYS,my,"Malaysia","East Asia & Pacific","Upper middle income",2015,71.0640678111957,49
MYS,my,"Malaysia","East Asia & Pacific","Upper middle income",2016,78.7883099275229,40
MYS,my,"Malaysia","East Asia & Pacific","Upper middle income",2017,80.1404790103961,42
MYS,my,"Malaysia","East Asia & Pacific","Upper middle income",2018,81.2010486181174,40
MYS,my,"Malaysia","East Asia & Pacific","Upper middle income",2019,84.1871450078281,41
MYS,my,"Malaysia","East Asia & Pacific","Upper middle income",2020,89.55501192,35
MYS,my,"Malaysia","East Asia & Pacific","Upper middle income",2021,96.7514278,13
MYS,my,"Malaysia","East Asia & Pacific","Upper middle income",2022,97.3986404,11
MYS,my,"Malaysia","East Asia & Pacific","Upper middle income",2023,97.69272633,11
KOR,kr,"Korea, Rep.","East Asia & Pacific","High income",1990,0.0233,15
KOR,kr,"Korea, Rep.","East Asia & Pacific","High income",1991,0.0461,20
KOR,kr,"Korea, Rep.","East Asia & Pacific","High income",1992,0.0984,23
KOR,kr,"Korea, Rep.","East Asia & Pacific","High income",1993,0.25,25
KOR,kr,"Korea, Rep.","East Asia & Pacific","High income",1994,0.311,31
KOR,kr,"Korea, Rep.","East Asia & Pacific","High income",1995,0.82,30
KOR,kr,"Korea, Rep.","East Asia & Pacific","High income",1996,1.62,32
KOR,kr,"Korea, Rep.","East Asia & Pacific","High income",1997,3.6,28
KOR,kr,"Korea, Rep.","East Asia & Pacific","High income",1998,6.78,30
KOR,kr,"Korea, Rep.","East Asia & Pacific","High income",1999,23.6,14
KOR,kr,"Korea, Rep.","East Asia & Pacific","High income",2000,44.7,8
KOR,kr,"Korea, Rep.","East Asia & Pacific","High income",2001,56.6,3
KOR,kr,"Korea, Rep.","East Asia & Pacific","High income",2002,59.4,10
KOR,kr,"Korea, Rep.","East Asia & Pacific","High income",2003,65.5,6
KOR,kr,"Korea, Rep.","East Asia & Pacific","High income",2004,72.7,5
KOR,kr,"Korea, Rep.","East Asia & Pacific","High income",2005,73.5,7
KOR,kr,"Korea, Rep.","East Asia & Pacific","High income",2006,78.1,7
KOR,kr,"Korea, Rep.","East Asia & Pacific","High income",2007,78.8,8
KOR,kr,"Korea, Rep.","East Asia & Pacific","High income",2008,81,8
KOR,kr,"Korea, Rep.","East Asia & Pacific","High income",2009,81.6,9
KOR,kr,"Korea, Rep.","East Asia & Pacific","High income",2010,83.7,9
KOR,kr,"Korea, Rep.","East Asia & Pacific","High income",2011,83.7591201534472,11
KOR,kr,"Korea, Rep.","East Asia & Pacific","High income",2012,84.07,14
KOR,kr,"Korea, Rep.","East Asia & Pacific","High income",2013,84.77,17
KOR,kr,"Korea, Rep.","East Asia & Pacific","High income",2014,87.5568264944747,14
KOR,kr,"Korea, Rep.","East Asia & Pacific","High income",2015,89.8962557995106,15
KOR,kr,"Korea, Rep.","East Asia & Pacific","High income",2016,92.8430256796075,11
KOR,kr,"Korea, Rep.","East Asia & Pacific","High income",2017,95.0694218761004,10
KOR,kr,"Korea, Rep.","East Asia & Pacific","High income",2018,96.0228595797887,9
KOR,kr,"Korea, Rep.","East Asia & Pacific","High income",2019,96.157579184239,10
KOR,kr,"Korea, Rep.","East Asia & Pacific","High income",2020,96.50506052,10
KOR,kr,"Korea, Rep.","East Asia & Pacific","High income",2021,97.57132698,10
KOR,kr,"Korea, Rep.","East Asia & Pacific","High income",2022,97.16855335,13
KOR,kr,"Korea, Rep.","East Asia & Pacific","High income",2023,97.41597478,12
CHE,ch,"Switzerland","Europe & Central Asia","High income",1990,0.596,3
CHE,ch,"Switzerland","Europe & Central Asia","High income",1991,1.18,3
CHE,ch,"Switzerland","Europe & Central Asia","High income",1992,1.75,4
CHE,ch,"Switzerland","Europe & Central Asia","High income",1993,2.17,5
CHE,ch,"Switzerland","Europe & Central Asia","High income",1994,2.72,9
CHE,ch,"Switzerland","Europe & Central Asia","High income",1995,3.55,10
CHE,ch,"Switzerland","Europe & Central Asia","High income",1996,4.55,15
CHE,ch,"Switzerland","Europe & Central Asia","High income",1997,15.1,7
CHE,ch,"Switzerland","Europe & Central Asia","High income",1998,24.8,8
CHE,ch,"Switzerland","Europe & Central Asia","High income",1999,34,10
CHE,ch,"Switzerland","Europe & Central Asia","High income",2000,47.1,5
CHE,ch,"Switzerland","Europe & Central Asia","High income",2001,55.1,4
CHE,ch,"Switzerland","Europe & Central Asia","High income",2002,61.4,7
CHE,ch,"Switzerland","Europe & Central Asia","High income",2003,65.1,7
CHE,ch,"Switzerland","Europe & Central Asia","High income",2004,67.8,8
CHE,ch,"Switzerland","Europe & Central Asia","High income",2005,70.1,9
CHE,ch,"Switzerland","Europe & Central Asia","High income",2006,75.7,8
CHE,ch,"Switzerland","Europe & Central Asia","High income",2007,77.2,9
CHE,ch,"Switzerland","Europe & Central Asia","High income",2008,79.2,9
CHE,ch,"Switzerland","Europe & Central Asia","High income",2009,81.3,10
CHE,ch,"Switzerland","Europe & Central Asia","High income",2010,83.9,8
CHE,ch,"Switzerland","Europe & Central Asia","High income",2011,85.1930281804854,9
CHE,ch,"Switzerland","Europe & Central Asia","High income",2012,85.2,12
CHE,ch,"Switzerland","Europe & Central Asia","High income",2013,86.34,14
CHE,ch,"Switzerland","Europe & Central Asia","High income",2014,83.6172512621702,23
CHE,ch,"Switzerland","Europe & Central Asia","High income",2015,87.4790555978675,19
CHE,ch,"Switzerland","Europe & Central Asia","High income",2016,89.1346877351392,18
CHE,ch,"Switzerland","Europe & Central Asia","High income",2017,89.6861476710225,20
CHE,ch,"Switzerland","Europe & Central Asia","High income",2018,91.80000305,15
CHE,ch,"Switzerland","Europe & Central Asia","High income",2019,93.1460869535177,17
CHE,ch,"Switzerland","Europe & Central Asia","High income",2020,94.34999847,17
CHE,ch,"Switzerland","Europe & Central Asia","High income",2021,95.56937154,16
CHE,ch,"Switzerland","Europe & Central Asia","High income",2022,96.45279694,14
CHE,ch,"Switzerland","Europe & Central Asia","High income",2023,97.34436623,13
SMR,sm,"San Marino","Europe & Central Asia","High income",1990,0,20
SMR,sm,"San Marino","Europe & Central Asia","High income",1991,,
SMR,sm,"San Marino","Europe & Central Asia","High income",1992,,
SMR,sm,"San Marino","Europe & Central Asia","High income",1993,,
SMR,sm,"San Marino","Europe & Central Asia","High income",1994,,
SMR,sm,"San Marino","Europe & Central Asia","High income",1995,1.36,24
SMR,sm,"San Marino","Europe & Central Asia","High income",1996,1.43,34
SMR,sm,"San Marino","Europe & Central Asia","High income",1997,1.42,49
SMR,sm,"San Marino","Europe & Central Asia","High income",1998,1.41,66
SMR,sm,"San Marino","Europe & Central Asia","High income",1999,42.8,1
SMR,sm,"San Marino","Europe & Central Asia","High income",2000,48.7994953055999,3
SMR,sm,"San Marino","Europe & Central Asia","High income",2001,50.3416690898517,8
SMR,sm,"San Marino","Europe & Central Asia","High income",2002,50.8348399446985,14
SMR,sm,"San Marino","Europe & Central Asia","High income",2003,50.003453038674,18
SMR,sm,"San Marino","Europe & Central Asia","High income",2004,50.5663430420712,24
SMR,sm,"San Marino","Europe & Central Asia","High income",2005,,
SMR,sm,"San Marino","Europe & Central Asia","High income",2006,50.2086593635889,32
SMR,sm,"San Marino","Europe & Central Asia","High income",2007,50.3648221088655,36
SMR,sm,"San Marino","Europe & Central Asia","High income",2008,54.52,38
SMR,sm,"San Marino","Europe & Central Asia","High income",2009,54.21,40
SMR,sm,"San Marino","Europe & Central Asia","High income",2010,,
SMR,sm,"San Marino","Europe & Central Asia","High income",2011,49.6,62
SMR,sm,"San Marino","Europe & Central Asia","High income",2012,,
SMR,sm,"San Marino","Europe & Central Asia","High income",2013,,
SMR,sm,"San Marino","Europe & Central Asia","High income",2014,,
SMR,sm,"San Marino","Europe & Central Asia","High income",2015,,
SMR,sm,"San Marino","Europe & Central Asia","High income",2016,55,88
SMR,sm,"San Marino","Europe & Central Asia","High income",2017,60.18230057,87
SMR,sm,"San Marino","Europe & Central Asia","High income",2018,,
SMR,sm,"San Marino","Europe & Central Asia","High income",2019,67.85070038,95
SMR,sm,"San Marino","Europe & Central Asia","High income",2020,77.94999695,68
SMR,sm,"San Marino","Europe & Central Asia","High income",2021,81.66999817,68
SMR,sm,"San Marino","Europe & Central Asia","High income",2022,97.32790375,12
SMR,sm,"San Marino","Europe & Central Asia","High income",2023,97.33640289,14
NLD,nl,"Netherlands","Europe & Central Asia","High income",1990,0.334,8
NLD,nl,"Netherlands","Europe & Central Asia","High income",1991,0.531,7
NLD,nl,"Netherlands","Europe & Central Asia","High income",1992,1.32,8
NLD,nl,"Netherlands","Europe & Central Asia","High income",1993,1.97,6
NLD,nl,"Netherlands","Europe & Central Asia","High income",1994,3.26,6
NLD,nl,"Netherlands","Europe & Central Asia","High income",1995,6.47,4
NLD,nl,"Netherlands","Europe & Central Asia","High income",1996,9.65,5
NLD,nl,"Netherlands","Europe & Central Asia","High income",1997,14.1,9
NLD,nl,"Netherlands","Europe & Central Asia","High income",1998,22.2,11
NLD,nl,"Netherlands","Europe & Central Asia","High income",1999,39.2,7
NLD,nl,"Netherlands","Europe & Central Asia","High income",2000,43.984351373138,10
NLD,nl,"Netherlands","Europe & Central Asia","High income",2001,49.3730621073123,10
NLD,nl,"Netherlands","Europe & Central Asia","High income",2002,61.29,8
NLD,nl,"Netherlands","Europe & Central Asia","High income",2003,64.35,9
NLD,nl,"Netherlands","Europe & Central Asia","High income",2004,68.52,7
NLD,nl,"Netherlands","Europe & Central Asia","High income",2005,81,5
NLD,nl,"Netherlands","Europe & Central Asia","High income",2006,83.7,4
NLD,nl,"Netherlands","Europe & Central Asia","High income",2007,85.82,3
NLD,nl,"Netherlands","Europe & Central Asia","High income",2008,87.42,4
NLD,nl,"Netherlands","Europe & Central Asia","High income",2009,89.63,4
NLD,nl,"Netherlands","Europe & Central Asia","High income",2010,90.72,2
NLD,nl,"Netherlands","Europe & Central Asia","High income",2011,91.4199957622284,4
NLD,nl,"Netherlands","Europe & Central Asia","High income",2012,92.859992359525,4
NLD,nl,"Netherlands","Europe & Central Asia","High income",2013,93.9564,5
NLD,nl,"Netherlands","Europe & Central Asia","High income",2014,91.6666666666667,8
NLD,nl,"Netherlands","Europe & Central Asia","High income",2015,91.7241379310345,10
NLD,nl,"Netherlands","Europe & Central Asia","High income",2016,90.4109589041096,14
NLD,nl,"Netherlands","Europe & Central Asia","High income",2017,93.1972789115646,14
NLD,nl,"Netherlands","Europe & Central Asia","High income",2018,91.8918918918919,14
NLD,nl,"Netherlands","Europe & Central Asia","High income",2019,93.2885906040269,15
NLD,nl,"Netherlands","Europe & Central Asia","High income",2020,91.33333333,27
NLD,nl,"Netherlands","Europe & Central Asia","High income",2021,92.05298013,28
NLD,nl,"Netherlands","Europe & Central Asia","High income",2022,92.51968504,30
NLD,nl,"Netherlands","Europe & Central Asia","High income",2023,97.00680272,15
IRL,ie,"Ireland","Europe & Central Asia","High income",1990,0,20
IRL,ie,"Ireland","Europe & Central Asia","High income",1991,0.0568,18
IRL,ie,"Ireland","Europe & Central Asia","High income",1992,0.17,20
IRL,ie,"Ireland","Europe & Central Asia","High income",1993,0.281,24
IRL,ie,"Ireland","Europe & Central Asia","High income",1994,0.558,25
IRL,ie,"Ireland","Europe & Central Asia","High income",1995,1.11,25
IRL,ie,"Ireland","Europe & Central Asia","High income",1996,2.2,26
IRL,ie,"Ireland","Europe & Central Asia","High income",1997,4.09,26
IRL,ie,"Ireland","Europe & Central Asia","High income",1998,8.1,24
IRL,ie,"Ireland","Europe & Central Asia","High income",1999,10.9,30
IRL,ie,"Ireland","Europe & Central Asia","High income",2000,17.8504672405807,29
IRL,ie,"Ireland","Europe & Central Asia","High income",2001,23.1388121904053,30
IRL,ie,"Ireland","Europe & Central Asia","High income",2002,25.85,33
IRL,ie,"Ireland","Europe & Central Asia","High income",2003,34.31,29
IRL,ie,"Ireland","Europe & Central Asia","High income",2004,36.99,31
IRL,ie,"Ireland","Europe & Central Asia","High income",2005,41.61,30
IRL,ie,"Ireland","Europe & Central Asia","High income",2006,54.82,26
IRL,ie,"Ireland","Europe & Central Asia","High income",2007,61.158324551,27
IRL,ie,"Ireland","Europe & Central Asia","High income",2008,65.34,27
IRL,ie,"Ireland","Europe & Central Asia","High income",2009,67.38,27
IRL,ie,"Ireland","Europe & Central Asia","High income",2010,69.85,27
IRL,ie,"Ireland","Europe & Central Asia","High income",2011,74.8899729670944,25
IRL,ie,"Ireland","Europe & Central Asia","High income",2012,76.919992540097,25
IRL,ie,"Ireland","Europe & Central Asia","High income",2013,78.2477,27
IRL,ie,"Ireland","Europe & Central Asia","High income",2014,83.4917223351728,24
IRL,ie,"Ireland","Europe & Central Asia","High income",2015,83.4947916666667,26
IRL,ie,"Ireland","Europe & Central Asia","High income",2016,83.5,31
IRL,ie,"Ireland","Europe & Central Asia","High income",2017,84.1140070623844,32
IRL,ie,"Ireland","Europe & Central Asia","High income",2018,87.0001401148942,29
IRL,ie,"Ireland","Europe & Central Asia","High income",2019,87.0000552425146,34
IRL,ie,"Ireland","Europe & Central Asia","High income",2020,91.99989097,25
IRL,ie,"Ireland","Europe & Central Asia","High income",2021,93.50610352,22
IRL,ie,"Ireland","Europe & Central Asia","High income",2022,95.03690338,20
IRL,ie,"Ireland","Europe & Central Asia","High income",2023,96.8660965,16
AUS,au,"Australia","East Asia & Pacific","High income",1990,0.585,4
AUS,au,"Australia","East Asia & Pacific","High income",1991,1.1,5
AUS,au,"Australia","East Asia & Pacific","High income",1992,1.77,3
AUS,au,"Australia","East Asia & Pacific","High income",1993,1.97,6
AUS,au,"Australia","East Asia & Pacific","High income",1994,2.23,11
AUS,au,"Australia","East Asia & Pacific","High income",1995,2.76,15
AUS,au,"Australia","East Asia & Pacific","High income",1996,3.28,20
AUS,au,"Australia","East Asia & Pacific","High income",1997,16.4,6
AUS,au,"Australia","East Asia & Pacific","High income",1998,30.8,4
AUS,au,"Australia","East Asia & Pacific","High income",1999,40.8,5
AUS,au,"Australia","East Asia & Pacific","High income",2000,46.7561156116738,6
AUS,au,"Australia","East Asia & Pacific","High income",2001,52.6892664310395,6
AUS,au,"Australia","East Asia & Pacific","High income",2002,,
AUS,au,"Australia","East Asia & Pacific","High income",2003,,
AUS,au,"Australia","East Asia & Pacific","High income",2004,,
AUS,au,"Australia","East Asia & Pacific","High income",2005,63,15
AUS,au,"Australia","East Asia & Pacific","High income",2006,66,16
AUS,au,"Australia","East Asia & Pacific","High income",2007,69.45,18
AUS,au,"Australia","East Asia & Pacific","High income",2008,71.67,17
AUS,au,"Australia","East Asia & Pacific","High income",2009,74.25,18
AUS,au,"Australia","East Asia & Pacific","High income",2010,76,18
AUS,au,"Australia","East Asia & Pacific","High income",2011,79.4876977139029,18
AUS,au,"Australia","East Asia & Pacific","High income",2012,79,23
AUS,au,"Australia","East Asia & Pacific","High income",2013,83.453497167,20
AUS,au,"Australia","East Asia & Pacific","High income",2014,84,21
AUS,au,"Australia","East Asia & Pacific","High income",2015,84.5605149091408,24
AUS,au,"Australia","East Asia & Pacific","High income",2016,86.54000092,22
AUS,au,"Australia","East Asia & Pacific","High income",2017,86.5450488476768,28
AUS,au,"Australia","East Asia & Pacific","High income",2018,90.0082016,18
AUS,au,"Australia","East Asia & Pacific","High income",2019,93.60990143,14
AUS,au,"Australia","East Asia & Pacific","High income",2020,94.6934967,14
AUS,au,"Australia","East Asia & Pacific","High income",2021,96.97219849,11
AUS,au,"Australia","East Asia & Pacific","High income",2022,96.11940002,15
AUS,au,"Australia","East Asia & Pacific","High income",2023,96.1160965,17
HKG,hk,"Hong Kong SAR, China","East Asia & Pacific","High income",1990,0,20
HKG,hk,"Hong Kong SAR, China","East Asia & Pacific","High income",1991,0.121,16
HKG,hk,"Hong Kong SAR, China","East Asia & Pacific","High income",1992,0.85,10
HKG,hk,"Hong Kong SAR, China","East Asia & Pacific","High income",1993,1.33,8
HKG,hk,"Hong Kong SAR, China","East Asia & Pacific","High income",1994,2.78,8
HKG,hk,"Hong Kong SAR, China","East Asia & Pacific","High income",1995,3.22,11
HKG,hk,"Hong Kong SAR, China","East Asia & Pacific","High income",1996,4.75,14
HKG,hk,"Hong Kong SAR, China","East Asia & Pacific","High income",1997,10.5,12
HKG,hk,"Hong Kong SAR, China","East Asia & Pacific","High income",1998,14.5,14
HKG,hk,"Hong Kong SAR, China","East Asia & Pacific","High income",1999,21.2,18
HKG,hk,"Hong Kong SAR, China","East Asia & Pacific","High income",2000,27.8277606812581,22
HKG,hk,"Hong Kong SAR, China","East Asia & Pacific","High income",2001,38.6714032309569,18
HKG,hk,"Hong Kong SAR, China","East Asia & Pacific","High income",2002,43.0823830278909,20
HKG,hk,"Hong Kong SAR, China","East Asia & Pacific","High income",2003,52.2000433497404,17
HKG,hk,"Hong Kong SAR, China","East Asia & Pacific","High income",2004,56.3998803935333,18
HKG,hk,"Hong Kong SAR, China","East Asia & Pacific","High income",2005,56.9,20
HKG,hk,"Hong Kong SAR, China","East Asia & Pacific","High income",2006,60.8,22
HKG,hk,"Hong Kong SAR, China","East Asia & Pacific","High income",2007,64.8,24
HKG,hk,"Hong Kong SAR, China","East Asia & Pacific","High income",2008,66.7,25
HKG,hk,"Hong Kong SAR, China","East Asia & Pacific","High income",2009,69.4,25
HKG,hk,"Hong Kong SAR, China","East Asia & Pacific","High income",2010,72,23
HKG,hk,"Hong Kong SAR, China","East Asia & Pacific","High income",2011,72.19999695,27
HKG,hk,"Hong Kong SAR, China","East Asia & Pacific","High income",2012,72.9,30
HKG,hk,"Hong Kong SAR, China","East Asia & Pacific","High income",2013,74.2,31
HKG,hk,"Hong Kong SAR, China","East Asia & Pacific","High income",2014,79.8662704309064,27
HKG,hk,"Hong Kong SAR, China","East Asia & Pacific","High income",2015,84.9483529634062,23
HKG,hk,"Hong Kong SAR, China","East Asia & Pacific","High income",2016,87.47941467087,20
HKG,hk,"Hong Kong SAR, China","East Asia & Pacific","High income",2017,89.4159446487565,21
HKG,hk,"Hong Kong SAR, China","East Asia & Pacific","High income",2018,90.5073953294283,17
HKG,hk,"Hong Kong SAR, China","East Asia & Pacific","High income",2019,91.7434003891587,21
HKG,hk,"Hong Kong SAR, China","East Asia & Pacific","High income",2020,92.41313602,21
HKG,hk,"Hong Kong SAR, China","East Asia & Pacific","High income",2021,93.08715788,23
HKG,hk,"Hong Kong SAR, China","East Asia & Pacific","High income",2022,95.61357052,17
HKG,hk,"Hong Kong SAR, China","East Asia & Pacific","High income",2023,95.97781908,18
SWE,se,"Sweden","Europe & Central Asia","High income",1990,0.584,5
SWE,se,"Sweden","Europe & Central Asia","High income",1991,1.16,4
SWE,se,"Sweden","Europe & Central Asia","High income",1992,1.5,7
SWE,se,"Sweden","Europe & Central Asia","High income",1993,1.72,7
SWE,se,"Sweden","Europe & Central Asia","High income",1994,3.41,5
SWE,se,"Sweden","Europe & Central Asia","High income",1995,5.1,6
SWE,se,"Sweden","Europe & Central Asia","High income",1996,9.04,6
SWE,se,"Sweden","Europe & Central Asia","High income",1997,23.7,2
SWE,se,"Sweden","Europe & Central Asia","High income",1998,33.5,2
SWE,se,"Sweden","Europe & Central Asia","High income",1999,41.4,3
SWE,se,"Sweden","Europe & Central Asia","High income",2000,45.6876522122282,7
SWE,se,"Sweden","Europe & Central Asia","High income",2001,51.7656649372808,7
SWE,se,"Sweden","Europe & Central Asia","High income",2002,70.57,3
SWE,se,"Sweden","Europe & Central Asia","High income",2003,79.13,2
SWE,se,"Sweden","Europe & Central Asia","High income",2004,83.89,1
SWE,se,"Sweden","Europe & Central Asia","High income",2005,84.83,2
SWE,se,"Sweden","Europe & Central Asia","High income",2006,87.76,2
SWE,se,"Sweden","Europe & Central Asia","High income",2007,82.01,5
SWE,se,"Sweden","Europe & Central Asia","High income",2008,90,3
SWE,se,"Sweden","Europe & Central Asia","High income",2009,91,3
SWE,se,"Sweden","Europe & Central Asia","High income",2010,90,4
SWE,se,"Sweden","Europe & Central Asia","High income",2011,92.7699860554046,3
SWE,se,"Sweden","Europe & Central Asia","High income",2012,93.1799880065108,3
SWE,se,"Sweden","Europe & Central Asia","High income",2013,94.7836,3
SWE,se,"Sweden","Europe & Central Asia","High income",2014,92.5236065037579,6
SWE,se,"Sweden","Europe & Central Asia","High income",2015,90.6101966398616,12
SWE,se,"Sweden","Europe & Central Asia","High income",2016,89.6509476102355,17
SWE,se,"Sweden","Europe & Central Asia","High income",2017,93.0062669652127,15
SWE,se,"Sweden","Europe & Central Asia","High income",2018,89.2469631588137,20
SWE,se,"Sweden","Europe & Central Asia","High income",2019,94.4934434072202,13
SWE,se,"Sweden","Europe & Central Asia","High income",2020,94.53943122,16
SWE,se,"Sweden","Europe & Central Asia","High income",2021,94.6703163,18
SWE,se,"Sweden","Europe & Central Asia","High income",2022,95.00970335,21
SWE,se,"Sweden","Europe & Central Asia","High income",2023,95.70327461,19
GBR,gb,"United Kingdom","Europe & Central Asia","High income",1990,0.0874,13
GBR,gb,"United Kingdom","Europe & Central Asia","High income",1991,0.174,13
GBR,gb,"United Kingdom","Europe & Central Asia","High income",1992,0.261,18
GBR,gb,"United Kingdom","Europe & Central Asia","High income",1993,0.52,16
GBR,gb,"United Kingdom","Europe & Central Asia","High income",1994,1.04,18
GBR,gb,"United Kingdom","Europe & Central Asia","High income",1995,1.9,17
GBR,gb,"United Kingdom","Europe & Central Asia","High income",1996,4.12,17
GBR,gb,"United Kingdom","Europe & Central Asia","High income",1997,7.39,16
GBR,gb,"United Kingdom","Europe & Central Asia","High income",1998,13.7,15
GBR,gb,"United Kingdom","Europe & Central Asia","High income",1999,21.3,17
GBR,gb,"United Kingdom","Europe & Central Asia","High income",2000,26.8217543508578,23
GBR,gb,"United Kingdom","Europe & Central Asia","High income",2001,33.4810948744147,21
GBR,gb,"United Kingdom","Europe & Central Asia","High income",2002,56.48,13
GBR,gb,"United Kingdom","Europe & Central Asia","High income",2003,64.82,8
GBR,gb,"United Kingdom","Europe & Central Asia","High income",2004,65.61,11
GBR,gb,"United Kingdom","Europe & Central Asia","High income",2005,70,10
GBR,gb,"United Kingdom","Europe & Central Asia","High income",2006,68.82,14
GBR,gb,"United Kingdom","Europe & Central Asia","High income",2007,75.09,11
GBR,gb,"United Kingdom","Europe & Central Asia","High income",2008,78.39,10
GBR,gb,"United Kingdom","Europe & Central Asia","High income",2009,83.56,7
GBR,gb,"United Kingdom","Europe & Central Asia","High income",2010,85,7
GBR,gb,"United Kingdom","Europe & Central Asia","High income",2011,85.3799985496322,8
GBR,gb,"United Kingdom","Europe & Central Asia","High income",2012,87.4799984242111,10
GBR,gb,"United Kingdom","Europe & Central Asia","High income",2013,89.8441,11
GBR,gb,"United Kingdom","Europe & Central Asia","High income",2014,91.6133009176453,9
GBR,gb,"United Kingdom","Europe & Central Asia","High income",2015,92.0002998740234,9
GBR,gb,"United Kingdom","Europe & Central Asia","High income",2016,94.7758006318882,9
GBR,gb,"United Kingdom","Europe & Central Asia","High income",2017,90.4245504868553,19
GBR,gb,"United Kingdom","Europe & Central Asia","High income",2018,90.692008988783,16
GBR,gb,"United Kingdom","Europe & Central Asia","High income",2019,92.5166285497138,19
GBR,gb,"United Kingdom","Europe & Central Asia","High income",2020,94.81820132,13
GBR,gb,"United Kingdom","Europe & Central Asia","High income",2021,96.19650269,14
GBR,gb,"United Kingdom","Europe & Central Asia","High income",2022,95.46530151,18
GBR,gb,"United Kingdom","Europe & Central Asia","High income",2023,95.44719696,20
ESP,es,"Spain","Europe & Central Asia","High income",1990,0.0129,18
ESP,es,"Spain","Europe & Central Asia","High income",1991,0.0257,23
ESP,es,"Spain","Europe & Central Asia","High income",1992,0.0768,25
ESP,es,"Spain","Europe & Central Asia","High income",1993,0.128,30
ESP,es,"Spain","Europe & Central Asia","High income",1994,0.28,32
ESP,es,"Spain","Europe & Central Asia","High income",1995,0.381,40
ESP,es,"Spain","Europe & Central Asia","High income",1996,1.33,36
ESP,es,"Spain","Europe & Central Asia","High income",1997,2.8,35
ESP,es,"Spain","Europe & Central Asia","High income",1998,4.36,36
ESP,es,"Spain","Europe & Central Asia","High income",1999,7.09,37
ESP,es,"Spain","Europe & Central Asia","High income",2000,13.6249608089899,35
ESP,es,"Spain","Europe & Central Asia","High income",2001,18.1487226902932,34
ESP,es,"Spain","Europe & Central Asia","High income",2002,20.39,41
ESP,es,"Spain","Europe & Central Asia","High income",2003,39.93,25
ESP,es,"Spain","Europe & Central Asia","High income",2004,44.01,26
ESP,es,"Spain","Europe & Central Asia","High income",2005,47.88,26
ESP,es,"Spain","Europe & Central Asia","High income",2006,50.37,31
ESP,es,"Spain","Europe & Central Asia","High income",2007,55.11,33
ESP,es,"Spain","Europe & Central Asia","High income",2008,59.6,33
ESP,es,"Spain","Europe & Central Asia","High income",2009,62.4,33
ESP,es,"Spain","Europe & Central Asia","High income",2010,65.8,33
ESP,es,"Spain","Europe & Central Asia","High income",2011,67.0899993926581,37
ESP,es,"Spain","Europe & Central Asia","High income",2012,69.8099999420024,37
ESP,es,"Spain","Europe & Central Asia","High income",2013,71.635,38
ESP,es,"Spain","Europe & Central Asia","High income",2014,76.1867089778712,31
ESP,es,"Spain","Europe & Central Asia","High income",2015,78.6896318703515,30
ESP,es,"Spain","Europe & Central Asia","High income",2016,80.5613329432179,33
ESP,es,"Spain","Europe & Central Asia","High income",2017,84.6022457016524,29
ESP,es,"Spain","Europe & Central Asia","High income",2018,86.107235525659,30
ESP,es,"Spain","Europe & Central Asia","High income",2019,90.718665325267,23
ESP,es,"Spain","Europe & Central Asia","High income",2020,93.20564892,19
ESP,es,"Spain","Europe & Central Asia","High income",2021,93.89752157,20
ESP,es,"Spain","Europe & Central Asia","High income",2022,94.4855432,22
ESP,es,"Spain","Europe & Central Asia","High income",2023,95.44564516,21
AUT,at,"Austria","Europe & Central Asia","High income",1990,0.13,9
AUT,at,"Austria","Europe & Central Asia","High income",1991,0.259,9
AUT,at,"Austria","Europe & Central Asia","High income",1992,0.643,11
AUT,at,"Austria","Europe & Central Asia","High income",1993,0.765,10
AUT,at,"Austria","Europe & Central Asia","High income",1994,1.39,12
AUT,at,"Austria","Europe & Central Asia","High income",1995,1.89,18
AUT,at,"Austria","Europe & Central Asia","High income",1996,6.91,9
AUT,at,"Austria","Europe & Central Asia","High income",1997,9.53,13
AUT,at,"Austria","Europe & Central Asia","High income",1998,15.4,13
AUT,at,"Austria","Europe & Central Asia","High income",1999,23,15
AUT,at,"Austria","Europe & Central Asia","High income",2000,33.7301329516915,17
AUT,at,"Austria","Europe & Central Asia","High income",2001,39.1854501811114,17
AUT,at,"Austria","Europe & Central Asia","High income",2002,36.56,24
AUT,at,"Austria","Europe & Central Asia","High income",2003,42.7,24
AUT,at,"Austria","Europe & Central Asia","High income",2004,54.28,19
AUT,at,"Austria","Europe & Central Asia","High income",2005,58,19
AUT,at,"Austria","Europe & Central Asia","High income",2006,63.6,18
AUT,at,"Austria","Europe & Central Asia","High income",2007,69.37,19
AUT,at,"Austria","Europe & Central Asia","High income",2008,72.87,15
AUT,at,"Austria","Europe & Central Asia","High income",2009,73.45,19
AUT,at,"Austria","Europe & Central Asia","High income",2010,75.17,20
AUT,at,"Austria","Europe & Central Asia","High income",2011,78.7399930986888,20
AUT,at,"Austria","Europe & Central Asia","High income",2012,80.0299939169903,21
AUT,at,"Austria","Europe & Central Asia","High income",2013,80.6188,25
AUT,at,"Austria","Europe & Central Asia","High income",2014,80.9958249574764,25
AUT,at,"Austria","Europe & Central Asia","High income",2015,83.9401419315026,25
AUT,at,"Austria","Europe & Central Asia","High income",2016,84.3237425711653,28
AUT,at,"Austria","Europe & Central Asia","High income",2017,87.9355865856062,23
AUT,at,"Austria","Europe & Central Asia","High income",2018,87.4791372262556,27
AUT,at,"Austria","Europe & Central Asia","High income",2019,87.7522047870069,33
AUT,at,"Austria","Europe & Central Asia","High income",2020,87.52942813,38
AUT,at,"Austria","Europe & Central Asia","High income",2021,92.52915104,26
AUT,at,"Austria","Europe & Central Asia","High income",2022,93.61409139,26
AUT,at,"Austria","Europe & Central Asia","High income",2023,95.33467117,22
OMN,om,"Oman","Middle East, North Africa, Afghanistan & Pakistan","High income",1990,0,20
OMN,om,"Oman","Middle East, North Africa, Afghanistan & Pakistan","High income",1991,,
OMN,om,"Oman","Middle East, North Africa, Afghanistan & Pakistan","High income",1992,,
OMN,om,"Oman","Middle East, North Africa, Afghanistan & Pakistan","High income",1993,,
OMN,om,"Oman","Middle East, North Africa, Afghanistan & Pakistan","High income",1994,,
OMN,om,"Oman","Middle East, North Africa, Afghanistan & Pakistan","High income",1995,,
OMN,om,"Oman","Middle East, North Africa, Afghanistan & Pakistan","High income",1996,0,153
OMN,om,"Oman","Middle East, North Africa, Afghanistan & Pakistan","High income",1997,0.44,77
OMN,om,"Oman","Middle East, North Africa, Afghanistan & Pakistan","High income",1998,0.863,76
OMN,om,"Oman","Middle East, North Africa, Afghanistan & Pakistan","High income",1999,2.52,69
OMN,om,"Oman","Middle East, North Africa, Afghanistan & Pakistan","High income",2000,3.52042141651097,76
OMN,om,"Oman","Middle East, North Africa, Afghanistan & Pakistan","High income",2001,5.89384152148671,69
OMN,om,"Oman","Middle East, North Africa, Afghanistan & Pakistan","High income",2002,6.87339603918545,75
OMN,om,"Oman","Middle East, North Africa, Afghanistan & Pakistan","High income",2003,7.25574294536556,84
OMN,om,"Oman","Middle East, North Africa, Afghanistan & Pakistan","High income",2004,6.75885217024525,96
OMN,om,"Oman","Middle East, North Africa, Afghanistan & Pakistan","High income",2005,6.683599949,101
OMN,om,"Oman","Middle East, North Africa, Afghanistan & Pakistan","High income",2006,8.299699783,105
OMN,om,"Oman","Middle East, North Africa, Afghanistan & Pakistan","High income",2007,16.68,88
OMN,om,"Oman","Middle East, North Africa, Afghanistan & Pakistan","High income",2008,20,93
OMN,om,"Oman","Middle East, North Africa, Afghanistan & Pakistan","High income",2009,26.79999924,85
OMN,om,"Oman","Middle East, North Africa, Afghanistan & Pakistan","High income",2010,35.8278,72
OMN,om,"Oman","Middle East, North Africa, Afghanistan & Pakistan","High income",2011,48,64
OMN,om,"Oman","Middle East, North Africa, Afghanistan & Pakistan","High income",2012,60,53
OMN,om,"Oman","Middle East, North Africa, Afghanistan & Pakistan","High income",2013,66.45,46
OMN,om,"Oman","Middle East, North Africa, Afghanistan & Pakistan","High income",2014,70.22000122,43
OMN,om,"Oman","Middle East, North Africa, Afghanistan & Pakistan","High income",2015,73.52999878,42
OMN,om,"Oman","Middle East, North Africa, Afghanistan & Pakistan","High income",2016,76.8453904741456,43
OMN,om,"Oman","Middle East, North Africa, Afghanistan & Pakistan","High income",2017,80.18560028,41
OMN,om,"Oman","Middle East, North Africa, Afghanistan & Pakistan","High income",2018,85.5,31
OMN,om,"Oman","Middle East, North Africa, Afghanistan & Pakistan","High income",2019,90.25939941,26
OMN,om,"Oman","Middle East, North Africa, Afghanistan & Pakistan","High income",2020,95.23229321,12
OMN,om,"Oman","Middle East, North Africa, Afghanistan & Pakistan","High income",2021,95.23880005,17
OMN,om,"Oman","Middle East, North Africa, Afghanistan & Pakistan","High income",2022,95.24530029,19
OMN,om,"Oman","Middle East, North Africa, Afghanistan & Pakistan","High income",2023,95.25170135,23
BEL,be,"Belgium","Europe & Central Asia","High income",1990,0.00101,19
BEL,be,"Belgium","Europe & Central Asia","High income",1991,0.0201,24
BEL,be,"Belgium","Europe & Central Asia","High income",1992,0.1,22
BEL,be,"Belgium","Europe & Central Asia","High income",1993,0.199,26
BEL,be,"Belgium","Europe & Central Asia","High income",1994,0.696,23
BEL,be,"Belgium","Europe & Central Asia","High income",1995,0.992,27
BEL,be,"Belgium","Europe & Central Asia","High income",1996,2.97,23
BEL,be,"Belgium","Europe & Central Asia","High income",1997,4.94,21
BEL,be,"Belgium","Europe & Central Asia","High income",1998,7.89,25
BEL,be,"Belgium","Europe & Central Asia","High income",1999,13.8,25
BEL,be,"Belgium","Europe & Central Asia","High income",2000,29.4316916924341,20
BEL,be,"Belgium","Europe & Central Asia","High income",2001,31.2883955056566,24
BEL,be,"Belgium","Europe & Central Asia","High income",2002,46.33,19
BEL,be,"Belgium","Europe & Central Asia","High income",2003,49.97,19
BEL,be,"Belgium","Europe & Central Asia","High income",2004,53.86,20
BEL,be,"Belgium","Europe & Central Asia","High income",2005,55.81999969,21
BEL,be,"Belgium","Europe & Central Asia","High income",2006,61.9818700222023,20
BEL,be,"Belgium","Europe & Central Asia","High income",2007,66.7604202433135,20
BEL,be,"Belgium","Europe & Central Asia","High income",2008,68.8573221425131,23
BEL,be,"Belgium","Europe & Central Asia","High income",2009,74.5441455527336,17
BEL,be,"Belgium","Europe & Central Asia","High income",2010,77.6397855126946,16
BEL,be,"Belgium","Europe & Central Asia","High income",2011,81.6099959955952,13
BEL,be,"Belgium","Europe & Central Asia","High income",2012,80.7199905482042,20
BEL,be,"Belgium","Europe & Central Asia","High income",2013,82.1702,22
BEL,be,"Belgium","Europe & Central Asia","High income",2014,85.0012379539925,19
BEL,be,"Belgium","Europe & Central Asia","High income",2015,85.0529417508701,22
BEL,be,"Belgium","Europe & Central Asia","High income",2016,86.5164766644457,23
BEL,be,"Belgium","Europe & Central Asia","High income",2017,87.6796808175598,25
BEL,be,"Belgium","Europe & Central Asia","High income",2018,88.6473429951691,24
BEL,be,"Belgium","Europe & Central Asia","High income",2019,90.275428012141,25
BEL,be,"Belgium","Europe & Central Asia","High income",2020,91.52641629,26
BEL,be,"Belgium","Europe & Central Asia","High income",2021,92.78867618,25
BEL,be,"Belgium","Europe & Central Asia","High income",2022,94.00783071,24
BEL,be,"Belgium","Europe & Central Asia","High income",2023,94.62625074,24
CHL,cl,"Chile","Latin America & Caribbean ","High income",1990,0,20
CHL,cl,"Chile","Latin America & Caribbean ","High income",1991,,
CHL,cl,"Chile","Latin America & Caribbean ","High income",1992,0.0365,33
CHL,cl,"Chile","Latin America & Caribbean ","High income",1993,0.0718,36
CHL,cl,"Chile","Latin America & Caribbean ","High income",1994,0.141,37
CHL,cl,"Chile","Latin America & Caribbean ","High income",1995,0.347,41
CHL,cl,"Chile","Latin America & Caribbean ","High income",1996,0.683,54
CHL,cl,"Chile","Latin America & Caribbean ","High income",1997,1.06,56
CHL,cl,"Chile","Latin America & Caribbean ","High income",1998,1.66,64
CHL,cl,"Chile","Latin America & Caribbean ","High income",1999,4.1,54
CHL,cl,"Chile","Latin America & Caribbean ","High income",2000,16.6,30
CHL,cl,"Chile","Latin America & Caribbean ","High income",2001,19.1,32
CHL,cl,"Chile","Latin America & Caribbean ","High income",2002,22.1,36
CHL,cl,"Chile","Latin America & Caribbean ","High income",2003,25.4737788864723,41
CHL,cl,"Chile","Latin America & Caribbean ","High income",2004,28.1779101232438,44
CHL,cl,"Chile","Latin America & Caribbean ","High income",2005,31.1753006,46
CHL,cl,"Chile","Latin America & Caribbean ","High income",2006,34.4977511736017,49
CHL,cl,"Chile","Latin America & Caribbean ","High income",2007,35.90000153,52
CHL,cl,"Chile","Latin America & Caribbean ","High income",2008,37.29999924,58
CHL,cl,"Chile","Latin America & Caribbean ","High income",2009,41.56,58
CHL,cl,"Chile","Latin America & Caribbean ","High income",2010,45,57
CHL,cl,"Chile","Latin America & Caribbean ","High income",2011,52.2496072877744,55
CHL,cl,"Chile","Latin America & Caribbean ","High income",2012,55.04999924,62
CHL,cl,"Chile","Latin America & Caribbean ","High income",2013,58,61
CHL,cl,"Chile","Latin America & Caribbean ","High income",2014,61.11000061,63
CHL,cl,"Chile","Latin America & Caribbean ","High income",2015,76.6295919508796,37
CHL,cl,"Chile","Latin America & Caribbean ","High income",2016,83.5585860244169,30
CHL,cl,"Chile","Latin America & Caribbean ","High income",2017,82.3274869338464,34
CHL,cl,"Chile","Latin America & Caribbean ","High income",2018,84.90000153,32
CHL,cl,"Chile","Latin America & Caribbean ","High income",2019,85.01760101,40
CHL,cl,"Chile","Latin America & Caribbean ","High income",2020,87.45929718,40
CHL,cl,"Chile","Latin America & Caribbean ","High income",2021,90.23280334,37
CHL,cl,"Chile","Latin America & Caribbean ","High income",2022,92.31819916,31
CHL,cl,"Chile","Latin America & Caribbean ","High income",2023,94.45742345,25
SGP,sg,"Singapore","East Asia & Pacific","High income",1990,0,20
SGP,sg,"Singapore","East Asia & Pacific","High income",1991,0.162,14
SGP,sg,"Singapore","East Asia & Pacific","High income",1992,0.471,12
SGP,sg,"Singapore","East Asia & Pacific","High income",1993,0.763,11
SGP,sg,"Singapore","East Asia & Pacific","High income",1994,1.19,15
SGP,sg,"Singapore","East Asia & Pacific","High income",1995,2.87,13
SGP,sg,"Singapore","East Asia & Pacific","High income",1996,8.35,7
SGP,sg,"Singapore","East Asia & Pacific","High income",1997,13.5,10
SGP,sg,"Singapore","East Asia & Pacific","High income",1998,19.6,12
SGP,sg,"Singapore","East Asia & Pacific","High income",1999,24.2,13
SGP,sg,"Singapore","East Asia & Pacific","High income",2000,36,16
SGP,sg,"Singapore","East Asia & Pacific","High income",2001,41.6704251756041,16
SGP,sg,"Singapore","East Asia & Pacific","High income",2002,47,17
SGP,sg,"Singapore","East Asia & Pacific","High income",2003,53.8379432881911,16
SGP,sg,"Singapore","East Asia & Pacific","High income",2004,62,16
SGP,sg,"Singapore","East Asia & Pacific","High income",2005,61,18
SGP,sg,"Singapore","East Asia & Pacific","High income",2006,59,23
SGP,sg,"Singapore","East Asia & Pacific","High income",2007,69.9,16
SGP,sg,"Singapore","East Asia & Pacific","High income",2008,69,22
SGP,sg,"Singapore","East Asia & Pacific","High income",2009,69,26
SGP,sg,"Singapore","East Asia & Pacific","High income",2010,71,25
SGP,sg,"Singapore","East Asia & Pacific","High income",2011,71,28
SGP,sg,"Singapore","East Asia & Pacific","High income",2012,72,31
SGP,sg,"Singapore","East Asia & Pacific","High income",2013,80.90209961,24
SGP,sg,"Singapore","East Asia & Pacific","High income",2014,79.0292358633435,28
SGP,sg,"Singapore","East Asia & Pacific","High income",2015,79.0129570025584,29
SGP,sg,"Singapore","East Asia & Pacific","High income",2016,84.4522678893074,27
SGP,sg,"Singapore","East Asia & Pacific","High income",2017,84.4522678893074,30
SGP,sg,"Singapore","East Asia & Pacific","High income",2018,88.1656360313447,26
SGP,sg,"Singapore","East Asia & Pacific","High income",2019,88.9492526850762,31
SGP,sg,"Singapore","East Asia & Pacific","High income",2020,92.00434653,24
SGP,sg,"Singapore","East Asia & Pacific","High income",2021,96.92468156,12
SGP,sg,"Singapore","East Asia & Pacific","High income",2022,95.95386476,16
SGP,sg,"Singapore","East Asia & Pacific","High income",2023,94.28518987,26
AND,ad,"Andorra","Europe & Central Asia","High income",1990,0,20
AND,ad,"Andorra","Europe & Central Asia","High income",1991,,
AND,ad,"Andorra","Europe & Central Asia","High income",1992,,
AND,ad,"Andorra","Europe & Central Asia","High income",1993,,
AND,ad,"Andorra","Europe & Central Asia","High income",1994,,
AND,ad,"Andorra","Europe & Central Asia","High income",1995,,
AND,ad,"Andorra","Europe & Central Asia","High income",1996,1.53,33
AND,ad,"Andorra","Europe & Central Asia","High income",1997,3.05,33
AND,ad,"Andorra","Europe & Central Asia","High income",1998,6.89,29
AND,ad,"Andorra","Europe & Central Asia","High income",1999,7.64,36
AND,ad,"Andorra","Europe & Central Asia","High income",2000,10.53883560922,39
AND,ad,"Andorra","Europe & Central Asia","High income",2001,,
AND,ad,"Andorra","Europe & Central Asia","High income",2002,11.2604687170103,62
AND,ad,"Andorra","Europe & Central Asia","High income",2003,13.546412876439,62
AND,ad,"Andorra","Europe & Central Asia","High income",2004,26.8379543894637,48
AND,ad,"Andorra","Europe & Central Asia","High income",2005,37.6057662174867,36
AND,ad,"Andorra","Europe & Central Asia","High income",2006,48.9368469989479,33
AND,ad,"Andorra","Europe & Central Asia","High income",2007,70.87,15
AND,ad,"Andorra","Europe & Central Asia","High income",2008,70.04,20
AND,ad,"Andorra","Europe & Central Asia","High income",2009,78.53,14
AND,ad,"Andorra","Europe & Central Asia","High income",2010,81,11
AND,ad,"Andorra","Europe & Central Asia","High income",2011,81,16
AND,ad,"Andorra","Europe & Central Asia","High income",2012,82.69999695,16
AND,ad,"Andorra","Europe & Central Asia","High income",2013,84.40000153,18
AND,ad,"Andorra","Europe & Central Asia","High income",2014,86.09999847,18
AND,ad,"Andorra","Europe & Central Asia","High income",2015,87.90000153,17
AND,ad,"Andorra","Europe & Central Asia","High income",2016,89.69999695,16
AND,ad,"Andorra","Europe & Central Asia","High income",2017,91.5674670273926,18
AND,ad,"Andorra","Europe & Central Asia","High income",2018,93.5,12
AND,ad,"Andorra","Europe & Central Asia","High income",2019,90.71869659,22
AND,ad,"Andorra","Europe & Central Asia","High income",2020,93.20570374,18
AND,ad,"Andorra","Europe & Central Asia","High income",2021,93.89749908,21
AND,ad,"Andorra","Europe & Central Asia","High income",2022,94.05169678,23
AND,ad,"Andorra","Europe & Central Asia","High income",2023,94.21499634,27
CAN,ca,"Canada","North America","High income",1990,0.361,7
CAN,ca,"Canada","North America","High income",1991,0.57,6
CAN,ca,"Canada","North America","High income",1992,0.916,9
CAN,ca,"Canada","North America","High income",1993,1.18,9
CAN,ca,"Canada","North America","High income",1994,2.38,10
CAN,ca,"Canada","North America","High income",1995,4.16,8
CAN,ca,"Canada","North America","High income",1996,6.76,10
CAN,ca,"Canada","North America","High income",1997,15.1,7
CAN,ca,"Canada","North America","High income",1998,24.9,7
CAN,ca,"Canada","North America","High income",1999,36.2,8
CAN,ca,"Canada","North America","High income",2000,51.3,2
CAN,ca,"Canada","North America","High income",2001,60.2,2
CAN,ca,"Canada","North America","High income",2002,61.5932992681952,6
CAN,ca,"Canada","North America","High income",2003,64.2,10
CAN,ca,"Canada","North America","High income",2004,65.9559634648989,9
CAN,ca,"Canada","North America","High income",2005,71.66,8
CAN,ca,"Canada","North America","High income",2006,72.40000153,10
CAN,ca,"Canada","North America","High income",2007,73.2,14
CAN,ca,"Canada","North America","High income",2008,76.69999695,12
CAN,ca,"Canada","North America","High income",2009,80.3,11
CAN,ca,"Canada","North America","High income",2010,80.3,13
CAN,ca,"Canada","North America","High income",2011,83,12
CAN,ca,"Canada","North America","High income",2012,83,15
CAN,ca,"Canada","North America","High income",2013,85.80000305,15
CAN,ca,"Canada","North America","High income",2014,87.12000275,15
CAN,ca,"Canada","North America","High income",2015,90,14
CAN,ca,"Canada","North America","High income",2016,91.16000366,12
CAN,ca,"Canada","North America","High income",2017,92.70140076,16
CAN,ca,"Canada","North America","High income",2018,94.64,11
CAN,ca,"Canada","North America","High income",2019,91.91290283,20
CAN,ca,"Canada","North America","High income",2020,92.3,22
CAN,ca,"Canada","North America","High income",2021,93.93710327,19
CAN,ca,"Canada","North America","High income",2022,94,25
CAN,ca,"Canada","North America","High income",2023,94.14530182,28
USA,us,"United States","North America","High income",1990,0.785,1
USA,us,"United States","North America","High income",1991,1.16,4
USA,us,"United States","North America","High income",1992,1.72,5
USA,us,"United States","North America","High income",1993,2.27,4
USA,us,"United States","North America","High income",1994,4.86,3
USA,us,"United States","North America","High income",1995,9.24,3
USA,us,"United States","North America","High income",1996,16.4,3
USA,us,"United States","North America","High income",1997,21.6,3
USA,us,"United States","North America","High income",1998,30.1,5
USA,us,"United States","North America","High income",1999,35.8,9
USA,us,"United States","North America","High income",2000,43.0791626375201,11
USA,us,"United States","North America","High income",2001,49.0808315896951,11
USA,us,"United States","North America","High income",2002,58.7854038836952,12
USA,us,"United States","North America","High income",2003,61.6971171244207,11
USA,us,"United States","North America","High income",2004,64.7582564759896,12
USA,us,"United States","North America","High income",2005,67.9681015,12
USA,us,"United States","North America","High income",2006,68.93119812,13
USA,us,"United States","North America","High income",2007,75,12
USA,us,"United States","North America","High income",2008,74,14
USA,us,"United States","North America","High income",2009,71,22
USA,us,"United States","North America","High income",2010,71.69,24
USA,us,"United States","North America","High income",2011,69.7294607619268,31
USA,us,"United States","North America","High income",2012,74.7,27
USA,us,"United States","North America","High income",2013,71.4,39
USA,us,"United States","North America","High income",2014,73,38
USA,us,"United States","North America","High income",2015,74.5542024462761,40
USA,us,"United States","North America","High income",2016,85.5444212887222,26
USA,us,"United States","North America","High income",2017,87.2748891687657,27
USA,us,"United States","North America","High income",2018,88.498903165152,25
USA,us,"United States","North America","High income",2019,89.4302848575712,30
USA,us,"United States","North America","High income",2020,90.34470367,30
USA,us,"United States","North America","High income",2021,91.2684021,31
USA,us,"United States","North America","High income",2022,92.72850037,29
USA,us,"United States","North America","High income",2023,93.52559662,29
FIN,fi,"Finland","Europe & Central Asia","High income",1990,0.401,6
FIN,fi,"Finland","Europe & Central Asia","High income",1991,1.4,2
FIN,fi,"Finland","Europe & Central Asia","High income",1992,1.89,2
FIN,fi,"Finland","Europe & Central Asia","High income",1993,2.57,3
FIN,fi,"Finland","Europe & Central Asia","High income",1994,4.92,2
FIN,fi,"Finland","Europe & Central Asia","High income",1995,13.9,1
FIN,fi,"Finland","Europe & Central Asia","High income",1996,16.8,2
FIN,fi,"Finland","Europe & Central Asia","High income",1997,19.5,5
FIN,fi,"Finland","Europe & Central Asia","High income",1998,25.5,6
FIN,fi,"Finland","Europe & Central Asia","High income",1999,32.3,11
FIN,fi,"Finland","Europe & Central Asia","High income",2000,37.2484617371121,14
FIN,fi,"Finland","Europe & Central Asia","High income",2001,43.1053633522263,14
FIN,fi,"Finland","Europe & Central Asia","High income",2002,62.43,5
FIN,fi,"Finland","Europe & Central Asia","High income",2003,69.22,5
FIN,fi,"Finland","Europe & Central Asia","High income",2004,72.39,6
FIN,fi,"Finland","Europe & Central Asia","High income",2005,74.48,6
FIN,fi,"Finland","Europe & Central Asia","High income",2006,79.66,6
FIN,fi,"Finland","Europe & Central Asia","High income",2007,80.78,6
FIN,fi,"Finland","Europe & Central Asia","High income",2008,83.67,6
FIN,fi,"Finland","Europe & Central Asia","High income",2009,82.49,8
FIN,fi,"Finland","Europe & Central Asia","High income",2010,86.89,6
FIN,fi,"Finland","Europe & Central Asia","High income",2011,88.70999491353,7
FIN,fi,"Finland","Europe & Central Asia","High income",2012,89.879997974222,7
FIN,fi,"Finland","Europe & Central Asia","High income",2013,91.5144,8
FIN,fi,"Finland","Europe & Central Asia","High income",2014,86.5303927529377,16
FIN,fi,"Finland","Europe & Central Asia","High income",2015,86.4221333325445,20
FIN,fi,"Finland","Europe & Central Asia","High income",2016,87.7036499599455,19
FIN,fi,"Finland","Europe & Central Asia","High income",2017,87.4689290730615,26
FIN,fi,"Finland","Europe & Central Asia","High income",2018,88.8899599985585,22
FIN,fi,"Finland","Europe & Central Asia","High income",2019,89.6073851129779,29
FIN,fi,"Finland","Europe & Central Asia","High income",2020,92.17027106,23
FIN,fi,"Finland","Europe & Central Asia","High income",2021,92.80806082,24
FIN,fi,"Finland","Europe & Central Asia","High income",2022,92.98879471,28
FIN,fi,"Finland","Europe & Central Asia","High income",2023,93.51385075,30
NZL,nz,"New Zealand","East Asia & Pacific","High income",1990,0,20
NZL,nz,"New Zealand","East Asia & Pacific","High income",1991,,
NZL,nz,"New Zealand","East Asia & Pacific","High income",1992,0.286,16
NZL,nz,"New Zealand","East Asia & Pacific","High income",1993,0.631,12
NZL,nz,"New Zealand","East Asia & Pacific","High income",1994,3.17,7
NZL,nz,"New Zealand","East Asia & Pacific","High income",1995,4.88,7
NZL,nz,"New Zealand","East Asia & Pacific","High income",1996,8.04,8
NZL,nz,"New Zealand","East Asia & Pacific","High income",1997,14.6,8
NZL,nz,"New Zealand","East Asia & Pacific","High income",1998,31.6,3
NZL,nz,"New Zealand","East Asia & Pacific","High income",1999,41.5,2
NZL,nz,"New Zealand","East Asia & Pacific","High income",2000,47.3795565432096,4
NZL,nz,"New Zealand","East Asia & Pacific","High income",2001,53.2410152941279,5
NZL,nz,"New Zealand","East Asia & Pacific","High income",2002,59.0807532812931,11
NZL,nz,"New Zealand","East Asia & Pacific","High income",2003,60.9625398663824,12
NZL,nz,"New Zealand","East Asia & Pacific","High income",2004,61.8476278106481,17
NZL,nz,"New Zealand","East Asia & Pacific","High income",2005,62.72019958,16
NZL,nz,"New Zealand","East Asia & Pacific","High income",2006,69,12
NZL,nz,"New Zealand","East Asia & Pacific","High income",2007,69.76000214,17
NZL,nz,"New Zealand","East Asia & Pacific","High income",2008,72.02999878,16
NZL,nz,"New Zealand","East Asia & Pacific","High income",2009,79.7,12
NZL,nz,"New Zealand","East Asia & Pacific","High income",2010,80.45999908,12
NZL,nz,"New Zealand","East Asia & Pacific","High income",2011,81.23000336,15
NZL,nz,"New Zealand","East Asia & Pacific","High income",2012,81.644470179502,18
NZL,nz,"New Zealand","East Asia & Pacific","High income",2013,82.77999878,21
NZL,nz,"New Zealand","East Asia & Pacific","High income",2014,84,21
NZL,nz,"New Zealand","East Asia & Pacific","High income",2015,85.19999695,21
NZL,nz,"New Zealand","East Asia & Pacific","High income",2016,86.5,24
NZL,nz,"New Zealand","East Asia & Pacific","High income",2017,87.69999695,24
NZL,nz,"New Zealand","East Asia & Pacific","High income",2018,89,21
NZL,nz,"New Zealand","East Asia & Pacific","High income",2019,89.86370087,28
NZL,nz,"New Zealand","East Asia & Pacific","High income",2020,90.92099762,28
NZL,nz,"New Zealand","East Asia & Pacific","High income",2021,91.99060059,29
NZL,nz,"New Zealand","East Asia & Pacific","High income",2022,93.07289886,27
NZL,nz,"New Zealand","East Asia & Pacific","High income",2023,93.32610321,31
EST,ee,"Estonia","Europe & Central Asia","High income",1990,0,20
EST,ee,"Estonia","Europe & Central Asia","High income",1991,,
EST,ee,"Estonia","Europe & Central Asia","High income",1992,0.0655,27
EST,ee,"Estonia","Europe & Central Asia","High income",1993,0.301,23
EST,ee,"Estonia","Europe & Central Asia","High income",1994,1.16,16
EST,ee,"Estonia","Europe & Central Asia","High income",1995,2.78,14
EST,ee,"Estonia","Europe & Central Asia","High income",1996,3.53,18
EST,ee,"Estonia","Europe & Central Asia","High income",1997,5.71,19
EST,ee,"Estonia","Europe & Central Asia","High income",1998,10.8,18
EST,ee,"Estonia","Europe & Central Asia","High income",1999,14.5,23
EST,ee,"Estonia","Europe & Central Asia","High income",2000,28.5769538105646,21
EST,ee,"Estonia","Europe & Central Asia","High income",2001,31.5274897673756,23
EST,ee,"Estonia","Europe & Central Asia","High income",2002,41.52,21
EST,ee,"Estonia","Europe & Central Asia","High income",2003,45.32,22
EST,ee,"Estonia","Europe & Central Asia","High income",2004,53.2,21
EST,ee,"Estonia","Europe & Central Asia","High income",2005,61.45,17
EST,ee,"Estonia","Europe & Central Asia","High income",2006,63.51,19
EST,ee,"Estonia","Europe & Central Asia","High income",2007,66.19,21
EST,ee,"Estonia","Europe & Central Asia","High income",2008,70.58,19
EST,ee,"Estonia","Europe & Central Asia","High income",2009,72.5,20
EST,ee,"Estonia","Europe & Central Asia","High income",2010,74.1,22
EST,ee,"Estonia","Europe & Central Asia","High income",2011,76.5,24
EST,ee,"Estonia","Europe & Central Asia","High income",2012,78.3899259259259,24
EST,ee,"Estonia","Europe & Central Asia","High income",2013,80.0043,26
EST,ee,"Estonia","Europe & Central Asia","High income",2014,84.2415280294352,20
EST,ee,"Estonia","Europe & Central Asia","High income",2015,88.4097035040431,16
EST,ee,"Estonia","Europe & Central Asia","High income",2016,87.2402327514547,21
EST,ee,"Estonia","Europe & Central Asia","High income",2017,88.1024568740199,22
EST,ee,"Estonia","Europe & Central Asia","High income",2018,89.3570077747426,19
EST,ee,"Estonia","Europe & Central Asia","High income",2019,90.2289281997919,27
EST,ee,"Estonia","Europe & Central Asia","High income",2020,89.05828666,36
EST,ee,"Estonia","Europe & Central Asia","High income",2021,90.97970174,33
EST,ee,"Estonia","Europe & Central Asia","High income",2022,91.52016546,37
EST,ee,"Estonia","Europe & Central Asia","High income",2023,93.18342241,32
KAZ,kz,"Kazakhstan","Europe & Central Asia","Upper middle income",1990,0,20
KAZ,kz,"Kazakhstan","Europe & Central Asia","Upper middle income",1991,,
KAZ,kz,"Kazakhstan","Europe & Central Asia","Upper middle income",1992,,
KAZ,kz,"Kazakhstan","Europe & Central Asia","Upper middle income",1993,,
KAZ,kz,"Kazakhstan","Europe & Central Asia","Upper middle income",1994,0.000521,70
KAZ,kz,"Kazakhstan","Europe & Central Asia","Upper middle income",1995,0.0113,85
KAZ,kz,"Kazakhstan","Europe & Central Asia","Upper middle income",1996,0.0318,106
KAZ,kz,"Kazakhstan","Europe & Central Asia","Upper middle income",1997,0.0646,107
KAZ,kz,"Kazakhstan","Europe & Central Asia","Upper middle income",1998,0.131,109
KAZ,kz,"Kazakhstan","Europe & Central Asia","Upper middle income",1999,0.464,106
KAZ,kz,"Kazakhstan","Europe & Central Asia","Upper middle income",2000,0.668594402621264,120
KAZ,kz,"Kazakhstan","Europe & Central Asia","Upper middle income",2001,1.00612421099739,119
KAZ,kz,"Kazakhstan","Europe & Central Asia","Upper middle income",2002,1.67477099516366,124
KAZ,kz,"Kazakhstan","Europe & Central Asia","Upper middle income",2003,2.00041475265872,124
KAZ,kz,"Kazakhstan","Europe & Central Asia","Upper middle income",2004,2.6503946570164,126
KAZ,kz,"Kazakhstan","Europe & Central Asia","Upper middle income",2005,2.961699963,130
KAZ,kz,"Kazakhstan","Europe & Central Asia","Upper middle income",2006,3.268399954,135
KAZ,kz,"Kazakhstan","Europe & Central Asia","Upper middle income",2007,4.02,131
KAZ,kz,"Kazakhstan","Europe & Central Asia","Upper middle income",2008,11,107
KAZ,kz,"Kazakhstan","Europe & Central Asia","Upper middle income",2009,18.2,100
KAZ,kz,"Kazakhstan","Europe & Central Asia","Upper middle income",2010,31.6,78
KAZ,kz,"Kazakhstan","Europe & Central Asia","Upper middle income",2011,50.6,60
KAZ,kz,"Kazakhstan","Europe & Central Asia","Upper middle income",2012,61.9066274652008,47
KAZ,kz,"Kazakhstan","Europe & Central Asia","Upper middle income",2013,63.30422443,53
KAZ,kz,"Kazakhstan","Europe & Central Asia","Upper middle income",2014,66,52
KAZ,kz,"Kazakhstan","Europe & Central Asia","Upper middle income",2015,70.82993359566,50
KAZ,kz,"Kazakhstan","Europe & Central Asia","Upper middle income",2016,74.5877264735738,49
KAZ,kz,"Kazakhstan","Europe & Central Asia","Upper middle income",2017,76.4267482325439,50
KAZ,kz,"Kazakhstan","Europe & Central Asia","Upper middle income",2018,78.9039190578816,51
KAZ,kz,"Kazakhstan","Europe & Central Asia","Upper middle income",2019,81.8776204746284,49
KAZ,kz,"Kazakhstan","Europe & Central Asia","Upper middle income",2020,85.94259898,43
KAZ,kz,"Kazakhstan","Europe & Central Asia","Upper middle income",2021,90.9239507,34
KAZ,kz,"Kazakhstan","Europe & Central Asia","Upper middle income",2022,92.29685266,32
KAZ,kz,"Kazakhstan","Europe & Central Asia","Upper middle income",2023,92.87846096,33
JOR,jo,"Jordan","Middle East, North Africa, Afghanistan & Pakistan","Upper middle income",1990,0,20
JOR,jo,"Jordan","Middle East, North Africa, Afghanistan & Pakistan","Upper middle income",1991,,
JOR,jo,"Jordan","Middle East, North Africa, Afghanistan & Pakistan","Upper middle income",1992,,
JOR,jo,"Jordan","Middle East, North Africa, Afghanistan & Pakistan","Upper middle income",1993,,
JOR,jo,"Jordan","Middle East, North Africa, Afghanistan & Pakistan","Upper middle income",1994,,
JOR,jo,"Jordan","Middle East, North Africa, Afghanistan & Pakistan","Upper middle income",1995,0.0232,81
JOR,jo,"Jordan","Middle East, North Africa, Afghanistan & Pakistan","Upper middle income",1996,0.0449,99
JOR,jo,"Jordan","Middle East, North Africa, Afghanistan & Pakistan","Upper middle income",1997,0.599,66
JOR,jo,"Jordan","Middle East, North Africa, Afghanistan & Pakistan","Upper middle income",1998,1.31,68
JOR,jo,"Jordan","Middle East, North Africa, Afghanistan & Pakistan","Upper middle income",1999,2.53,68
JOR,jo,"Jordan","Middle East, North Africa, Afghanistan & Pakistan","Upper middle income",2000,2.62327542156362,82
JOR,jo,"Jordan","Middle East, North Africa, Afghanistan & Pakistan","Upper middle income",2001,4.70571958094159,74
JOR,jo,"Jordan","Middle East, North Africa, Afghanistan & Pakistan","Upper middle income",2002,6.02553241191204,82
JOR,jo,"Jordan","Middle East, North Africa, Afghanistan & Pakistan","Upper middle income",2003,8.46600501623938,75
JOR,jo,"Jordan","Middle East, North Africa, Afghanistan & Pakistan","Upper middle income",2004,11.6587413706379,76
JOR,jo,"Jordan","Middle East, North Africa, Afghanistan & Pakistan","Upper middle income",2005,12.93290043,79
JOR,jo,"Jordan","Middle East, North Africa, Afghanistan & Pakistan","Upper middle income",2006,13.86709976,90
JOR,jo,"Jordan","Middle East, North Africa, Afghanistan & Pakistan","Upper middle income",2007,20,84
JOR,jo,"Jordan","Middle East, North Africa, Afghanistan & Pakistan","Upper middle income",2008,23,85
JOR,jo,"Jordan","Middle East, North Africa, Afghanistan & Pakistan","Upper middle income",2009,26,88
JOR,jo,"Jordan","Middle East, North Africa, Afghanistan & Pakistan","Upper middle income",2010,27.2,90
JOR,jo,"Jordan","Middle East, North Africa, Afghanistan & Pakistan","Upper middle income",2011,34.9,90
JOR,jo,"Jordan","Middle East, North Africa, Afghanistan & Pakistan","Upper middle income",2012,37,90
JOR,jo,"Jordan","Middle East, North Africa, Afghanistan & Pakistan","Upper middle income",2013,41.4,89
JOR,jo,"Jordan","Middle East, North Africa, Afghanistan & Pakistan","Upper middle income",2014,46.2,89
JOR,jo,"Jordan","Middle East, North Africa, Afghanistan & Pakistan","Upper middle income",2015,54.22000122,83
JOR,jo,"Jordan","Middle East, North Africa, Afghanistan & Pakistan","Upper middle income",2016,56.15000153,87
JOR,jo,"Jordan","Middle East, North Africa, Afghanistan & Pakistan","Upper middle income",2017,64.5,75
JOR,jo,"Jordan","Middle East, North Africa, Afghanistan & Pakistan","Upper middle income",2018,65.2,80
JOR,jo,"Jordan","Middle East, North Africa, Afghanistan & Pakistan","Upper middle income",2019,70.08470154,83
JOR,jo,"Jordan","Middle East, North Africa, Afghanistan & Pakistan","Upper middle income",2020,78.4178009,63
JOR,jo,"Jordan","Middle East, North Africa, Afghanistan & Pakistan","Upper middle income",2021,85.999997,50
JOR,jo,"Jordan","Middle East, North Africa, Afghanistan & Pakistan","Upper middle income",2022,90.4999984,39
JOR,jo,"Jordan","Middle East, North Africa, Afghanistan & Pakistan","Upper middle income",2023,92.53443944,34
DEU,de,"Germany","Europe & Central Asia","High income",1990,0.126,10
DEU,de,"Germany","Europe & Central Asia","High income",1991,0.25,10
DEU,de,"Germany","Europe & Central Asia","High income",1992,0.435,13
DEU,de,"Germany","Europe & Central Asia","High income",1993,0.464,17
DEU,de,"Germany","Europe & Central Asia","High income",1994,0.923,19
DEU,de,"Germany","Europe & Central Asia","High income",1995,1.84,19
DEU,de,"Germany","Europe & Central Asia","High income",1996,3.05,21
DEU,de,"Germany","Europe & Central Asia","High income",1997,6.71,18
DEU,de,"Germany","Europe & Central Asia","High income",1998,9.88,21
DEU,de,"Germany","Europe & Central Asia","High income",1999,20.8,19
DEU,de,"Germany","Europe & Central Asia","High income",2000,30.2163466048889,18
DEU,de,"Germany","Europe & Central Asia","High income",2001,31.650939416316,22
DEU,de,"Germany","Europe & Central Asia","High income",2002,48.82,15
DEU,de,"Germany","Europe & Central Asia","High income",2003,55.9,14
DEU,de,"Germany","Europe & Central Asia","High income",2004,64.73,13
DEU,de,"Germany","Europe & Central Asia","High income",2005,68.71,11
DEU,de,"Germany","Europe & Central Asia","High income",2006,72.16,11
DEU,de,"Germany","Europe & Central Asia","High income",2007,75.16,10
DEU,de,"Germany","Europe & Central Asia","High income",2008,78,11
DEU,de,"Germany","Europe & Central Asia","High income",2009,79,13
DEU,de,"Germany","Europe & Central Asia","High income",2010,82,10
DEU,de,"Germany","Europe & Central Asia","High income",2011,81.26999953602,14
DEU,de,"Germany","Europe & Central Asia","High income",2012,82.3499984738392,17
DEU,de,"Germany","Europe & Central Asia","High income",2013,84.17,19
DEU,de,"Germany","Europe & Central Asia","High income",2014,86.1937006578756,17
DEU,de,"Germany","Europe & Central Asia","High income",2015,87.5897993525767,18
DEU,de,"Germany","Europe & Central Asia","High income",2016,84.1652066441212,29
DEU,de,"Germany","Europe & Central Asia","High income",2017,84.3941537010844,31
DEU,de,"Germany","Europe & Central Asia","High income",2018,87.037112092841,28
DEU,de,"Germany","Europe & Central Asia","High income",2019,88.1345169091916,32
DEU,de,"Germany","Europe & Central Asia","High income",2020,89.81294133,34
DEU,de,"Germany","Europe & Central Asia","High income",2021,91.43060973,30
DEU,de,"Germany","Europe & Central Asia","High income",2022,91.62984383,35
DEU,de,"Germany","Europe & Central Asia","High income",2023,92.4763763,35
BHS,bs,"Bahamas, The","Latin America & Caribbean ","High income",1990,0,20
BHS,bs,"Bahamas, The","Latin America & Caribbean ","High income",1991,,
BHS,bs,"Bahamas, The","Latin America & Caribbean ","High income",1992,,
BHS,bs,"Bahamas, The","Latin America & Caribbean ","High income",1993,,
BHS,bs,"Bahamas, The","Latin America & Caribbean ","High income",1994,,
BHS,bs,"Bahamas, The","Latin America & Caribbean ","High income",1995,0.96,28
BHS,bs,"Bahamas, The","Latin America & Caribbean ","High income",1996,1.75,31
BHS,bs,"Bahamas, The","Latin America & Caribbean ","High income",1997,1.36,50
BHS,bs,"Bahamas, The","Latin America & Caribbean ","High income",1998,2.34,55
BHS,bs,"Bahamas, The","Latin America & Caribbean ","High income",1999,3.76,59
BHS,bs,"Bahamas, The","Latin America & Caribbean ","High income",2000,8,45
BHS,bs,"Bahamas, The","Latin America & Caribbean ","High income",2001,11.8,46
BHS,bs,"Bahamas, The","Latin America & Caribbean ","High income",2002,18,47
BHS,bs,"Bahamas, The","Latin America & Caribbean ","High income",2003,20,52
BHS,bs,"Bahamas, The","Latin America & Caribbean ","High income",2004,22,57
BHS,bs,"Bahamas, The","Latin America & Caribbean ","High income",2005,25,55
BHS,bs,"Bahamas, The","Latin America & Caribbean ","High income",2006,26,63
BHS,bs,"Bahamas, The","Latin America & Caribbean ","High income",2007,27,68
BHS,bs,"Bahamas, The","Latin America & Caribbean ","High income",2008,31.54,71
BHS,bs,"Bahamas, The","Latin America & Caribbean ","High income",2009,33.88,71
BHS,bs,"Bahamas, The","Latin America & Caribbean ","High income",2010,43,60
BHS,bs,"Bahamas, The","Latin America & Caribbean ","High income",2011,65,40
BHS,bs,"Bahamas, The","Latin America & Caribbean ","High income",2012,71.74819946,32
BHS,bs,"Bahamas, The","Latin America & Caribbean ","High income",2013,72,36
BHS,bs,"Bahamas, The","Latin America & Caribbean ","High income",2014,76.91999817,30
BHS,bs,"Bahamas, The","Latin America & Caribbean ","High income",2015,78,32
BHS,bs,"Bahamas, The","Latin America & Caribbean ","High income",2016,80,35
BHS,bs,"Bahamas, The","Latin America & Caribbean ","High income",2017,80.59999847,39
BHS,bs,"Bahamas, The","Latin America & Caribbean ","High income",2018,83,37
BHS,bs,"Bahamas, The","Latin America & Caribbean ","High income",2019,90.69329834,24
BHS,bs,"Bahamas, The","Latin America & Caribbean ","High income",2020,92.4437027,20
BHS,bs,"Bahamas, The","Latin America & Caribbean ","High income",2021,92.34980011,27
BHS,bs,"Bahamas, The","Latin America & Caribbean ","High income",2022,92.2559967,33
BHS,bs,"Bahamas, The","Latin America & Caribbean ","High income",2023,92.38729858,36
RUS,ru,"Russian Federation","Europe & Central Asia","High income",1990,0,20
RUS,ru,"Russian Federation","Europe & Central Asia","High income",1991,,
RUS,ru,"Russian Federation","Europe & Central Asia","High income",1992,0.000673,41
RUS,ru,"Russian Federation","Europe & Central Asia","High income",1993,0.0134,44
RUS,ru,"Russian Federation","Europe & Central Asia","High income",1994,0.0538,43
RUS,ru,"Russian Federation","Europe & Central Asia","High income",1995,0.148,51
RUS,ru,"Russian Federation","Europe & Central Asia","High income",1996,0.27,68
RUS,ru,"Russian Federation","Europe & Central Asia","High income",1997,0.473,74
RUS,ru,"Russian Federation","Europe & Central Asia","High income",1998,0.813,78
RUS,ru,"Russian Federation","Europe & Central Asia","High income",1999,1.02,87
RUS,ru,"Russian Federation","Europe & Central Asia","High income",2000,1.97723010897647,90
RUS,ru,"Russian Federation","Europe & Central Asia","High income",2001,2.94436778664985,88
RUS,ru,"Russian Federation","Europe & Central Asia","High income",2002,4.12827181796644,95
RUS,ru,"Russian Federation","Europe & Central Asia","High income",2003,8.29886061553908,76
RUS,ru,"Russian Federation","Europe & Central Asia","High income",2004,12.8593889008473,74
RUS,ru,"Russian Federation","Europe & Central Asia","High income",2005,15.22669983,73
RUS,ru,"Russian Federation","Europe & Central Asia","High income",2006,18.02330017,78
RUS,ru,"Russian Federation","Europe & Central Asia","High income",2007,24.66,71
RUS,ru,"Russian Federation","Europe & Central Asia","High income",2008,32,70
RUS,ru,"Russian Federation","Europe & Central Asia","High income",2009,42.55,53
RUS,ru,"Russian Federation","Europe & Central Asia","High income",2010,49,50
RUS,ru,"Russian Federation","Europe & Central Asia","High income",2011,58,46
RUS,ru,"Russian Federation","Europe & Central Asia","High income",2012,66,42
RUS,ru,"Russian Federation","Europe & Central Asia","High income",2013,67.97,44
RUS,ru,"Russian Federation","Europe & Central Asia","High income",2014,70.5175682574413,42
RUS,ru,"Russian Federation","Europe & Central Asia","High income",2015,70.0992412263947,52
RUS,ru,"Russian Federation","Europe & Central Asia","High income",2016,73.091434617897,52
RUS,ru,"Russian Federation","Europe & Central Asia","High income",2017,76.0081385339105,51
RUS,ru,"Russian Federation","Europe & Central Asia","High income",2018,80.8647218726954,42
RUS,ru,"Russian Federation","Europe & Central Asia","High income",2019,82.6421618670668,48
RUS,ru,"Russian Federation","Europe & Central Asia","High income",2020,84.99466978,47
RUS,ru,"Russian Federation","Europe & Central Asia","High income",2021,88.21384578,42
RUS,ru,"Russian Federation","Europe & Central Asia","High income",2022,90.41799163,40
RUS,ru,"Russian Federation","Europe & Central Asia","High income",2023,92.24496346,37
LVA,lv,"Latvia","Europe & Central Asia","High income",1990,0,20
LVA,lv,"Latvia","Europe & Central Asia","High income",1991,,
LVA,lv,"Latvia","Europe & Central Asia","High income",1992,,
LVA,lv,"Latvia","Europe & Central Asia","High income",1993,,
LVA,lv,"Latvia","Europe & Central Asia","High income",1994,,
LVA,lv,"Latvia","Europe & Central Asia","High income",1995,,
LVA,lv,"Latvia","Europe & Central Asia","High income",1996,0.813,50
LVA,lv,"Latvia","Europe & Central Asia","High income",1997,2.05,42
LVA,lv,"Latvia","Europe & Central Asia","High income",1998,3.32,43
LVA,lv,"Latvia","Europe & Central Asia","High income",1999,4.39,52
LVA,lv,"Latvia","Europe & Central Asia","High income",2000,6.31906208267861,58
LVA,lv,"Latvia","Europe & Central Asia","High income",2001,7.21934580836289,62
LVA,lv,"Latvia","Europe & Central Asia","High income",2002,21.94,38
LVA,lv,"Latvia","Europe & Central Asia","High income",2003,26.98,37
LVA,lv,"Latvia","Europe & Central Asia","High income",2004,38.58,30
LVA,lv,"Latvia","Europe & Central Asia","High income",2005,46,28
LVA,lv,"Latvia","Europe & Central Asia","High income",2006,53.63,28
LVA,lv,"Latvia","Europe & Central Asia","High income",2007,59.17,29
LVA,lv,"Latvia","Europe & Central Asia","High income",2008,63.41,28
LVA,lv,"Latvia","Europe & Central Asia","High income",2009,66.84,28
LVA,lv,"Latvia","Europe & Central Asia","High income",2010,68.42,30
LVA,lv,"Latvia","Europe & Central Asia","High income",2011,69.7499545592245,30
LVA,lv,"Latvia","Europe & Central Asia","High income",2012,73.1199437663748,29
LVA,lv,"Latvia","Europe & Central Asia","High income",2013,75.2344,30
LVA,lv,"Latvia","Europe & Central Asia","High income",2014,75.8261041383556,32
LVA,lv,"Latvia","Europe & Central Asia","High income",2015,79.2005829239344,28
LVA,lv,"Latvia","Europe & Central Asia","High income",2016,79.8420977843089,36
LVA,lv,"Latvia","Europe & Central Asia","High income",2017,80.1140770037369,43
LVA,lv,"Latvia","Europe & Central Asia","High income",2018,83.5771748630956,36
LVA,lv,"Latvia","Europe & Central Asia","High income",2019,86.13545644343,37
LVA,lv,"Latvia","Europe & Central Asia","High income",2020,88.89796078,37
LVA,lv,"Latvia","Europe & Central Asia","High income",2021,91.17964988,32
LVA,lv,"Latvia","Europe & Central Asia","High income",2022,91.03009059,38
LVA,lv,"Latvia","Europe & Central Asia","High income",2023,92.18791291,38
MLT,mt,"Malta","Middle East, North Africa, Afghanistan & Pakistan","High income",1990,0,20
MLT,mt,"Malta","Middle East, North Africa, Afghanistan & Pakistan","High income",1991,,
MLT,mt,"Malta","Middle East, North Africa, Afghanistan & Pakistan","High income",1992,,
MLT,mt,"Malta","Middle East, North Africa, Afghanistan & Pakistan","High income",1993,,
MLT,mt,"Malta","Middle East, North Africa, Afghanistan & Pakistan","High income",1994,,
MLT,mt,"Malta","Middle East, North Africa, Afghanistan & Pakistan","High income",1995,0.225,46
MLT,mt,"Malta","Middle East, North Africa, Afghanistan & Pakistan","High income",1996,1.05,39
MLT,mt,"Malta","Middle East, North Africa, Afghanistan & Pakistan","High income",1997,3.92,27
MLT,mt,"Malta","Middle East, North Africa, Afghanistan & Pakistan","High income",1998,6.5,32
MLT,mt,"Malta","Middle East, North Africa, Afghanistan & Pakistan","High income",1999,7.76,34
MLT,mt,"Malta","Middle East, North Africa, Afghanistan & Pakistan","High income",2000,13.1137087111024,37
MLT,mt,"Malta","Middle East, North Africa, Afghanistan & Pakistan","High income",2001,17.8778483243348,36
MLT,mt,"Malta","Middle East, North Africa, Afghanistan & Pakistan","High income",2002,28.92,27
MLT,mt,"Malta","Middle East, North Africa, Afghanistan & Pakistan","High income",2003,31.64,32
MLT,mt,"Malta","Middle East, North Africa, Afghanistan & Pakistan","High income",2004,34.62,33
MLT,mt,"Malta","Middle East, North Africa, Afghanistan & Pakistan","High income",2005,41.24,31
MLT,mt,"Malta","Middle East, North Africa, Afghanistan & Pakistan","High income",2006,40.41,41
MLT,mt,"Malta","Middle East, North Africa, Afghanistan & Pakistan","High income",2007,46.9,41
MLT,mt,"Malta","Middle East, North Africa, Afghanistan & Pakistan","High income",2008,50.08,41
MLT,mt,"Malta","Middle East, North Africa, Afghanistan & Pakistan","High income",2009,58.86,37
MLT,mt,"Malta","Middle East, North Africa, Afghanistan & Pakistan","High income",2010,63,36
MLT,mt,"Malta","Middle East, North Africa, Afghanistan & Pakistan","High income",2011,68.0198237885462,35
MLT,mt,"Malta","Middle East, North Africa, Afghanistan & Pakistan","High income",2012,68.1998742928975,40
MLT,mt,"Malta","Middle East, North Africa, Afghanistan & Pakistan","High income",2013,68.9138,42
MLT,mt,"Malta","Middle East, North Africa, Afghanistan & Pakistan","High income",2014,73.1141157845193,37
MLT,mt,"Malta","Middle East, North Africa, Afghanistan & Pakistan","High income",2015,75.9600189752747,38
MLT,mt,"Malta","Middle East, North Africa, Afghanistan & Pakistan","High income",2016,78.0751488032182,42
MLT,mt,"Malta","Middle East, North Africa, Afghanistan & Pakistan","High income",2017,81.0119110762945,37
MLT,mt,"Malta","Middle East, North Africa, Afghanistan & Pakistan","High income",2018,81.6580442928014,39
MLT,mt,"Malta","Middle East, North Africa, Afghanistan & Pakistan","High income",2019,85.7785963798031,39
MLT,mt,"Malta","Middle East, North Africa, Afghanistan & Pakistan","High income",2020,86.85876183,41
MLT,mt,"Malta","Middle East, North Africa, Afghanistan & Pakistan","High income",2021,87.46977742,45
MLT,mt,"Malta","Middle East, North Africa, Afghanistan & Pakistan","High income",2022,91.54062209,36
MLT,mt,"Malta","Middle East, North Africa, Afghanistan & Pakistan","High income",2023,92.07266941,39
BLR,by,"Belarus","Europe & Central Asia","Upper middle income",1990,0,20
BLR,by,"Belarus","Europe & Central Asia","Upper middle income",1991,,
BLR,by,"Belarus","Europe & Central Asia","Upper middle income",1992,,
BLR,by,"Belarus","Europe & Central Asia","Upper middle income",1993,,
BLR,by,"Belarus","Europe & Central Asia","Upper middle income",1994,0.000486,71
BLR,by,"Belarus","Europe & Central Asia","Upper middle income",1995,0.00292,101
BLR,by,"Belarus","Europe & Central Asia","Upper middle income",1996,0.0293,108
BLR,by,"Belarus","Europe & Central Asia","Upper middle income",1997,0.049,113
BLR,by,"Belarus","Europe & Central Asia","Upper middle income",1998,0.0739,120
BLR,by,"Belarus","Europe & Central Asia","Upper middle income",1999,0.495,103
BLR,by,"Belarus","Europe & Central Asia","Upper middle income",2000,1.86039812615388,91
BLR,by,"Belarus","Europe & Central Asia","Upper middle income",2001,4.30061602151712,81
BLR,by,"Belarus","Europe & Central Asia","Upper middle income",2002,8.95097131467325,70
BLR,by,"Belarus","Europe & Central Asia","Upper middle income",2003,,
BLR,by,"Belarus","Europe & Central Asia","Upper middle income",2004,,
BLR,by,"Belarus","Europe & Central Asia","Upper middle income",2005,,
BLR,by,"Belarus","Europe & Central Asia","Upper middle income",2006,16.2,84
BLR,by,"Belarus","Europe & Central Asia","Upper middle income",2007,19.7,85
BLR,by,"Belarus","Europe & Central Asia","Upper middle income",2008,23,85
BLR,by,"Belarus","Europe & Central Asia","Upper middle income",2009,27.43,82
BLR,by,"Belarus","Europe & Central Asia","Upper middle income",2010,31.8,77
BLR,by,"Belarus","Europe & Central Asia","Upper middle income",2011,39.6488956598961,79
BLR,by,"Belarus","Europe & Central Asia","Upper middle income",2012,46.91,75
BLR,by,"Belarus","Europe & Central Asia","Upper middle income",2013,54.17,66
BLR,by,"Belarus","Europe & Central Asia","Upper middle income",2014,59.0163187101542,64
BLR,by,"Belarus","Europe & Central Asia","Upper middle income",2015,62.230360906803,67
BLR,by,"Belarus","Europe & Central Asia","Upper middle income",2016,71.1130457603832,56
BLR,by,"Belarus","Europe & Central Asia","Upper middle income",2017,74.4364454136036,54
BLR,by,"Belarus","Europe & Central Asia","Upper middle income",2018,79.1298866919307,50
BLR,by,"Belarus","Europe & Central Asia","Upper middle income",2019,82.7891520910901,47
BLR,by,"Belarus","Europe & Central Asia","Upper middle income",2020,85.08791245,46
BLR,by,"Belarus","Europe & Central Asia","Upper middle income",2021,86.88841196,48
BLR,by,"Belarus","Europe & Central Asia","Upper middle income",2022,89.50733148,44
BLR,by,"Belarus","Europe & Central Asia","Upper middle income",2023,91.51249979,40
HUN,hu,"Hungary","Europe & Central Asia","High income",1990,0,20
HUN,hu,"Hungary","Europe & Central Asia","High income",1991,0.00338,28
HUN,hu,"Hungary","Europe & Central Asia","High income",1992,0.0484,30
HUN,hu,"Hungary","Europe & Central Asia","High income",1993,0.193,27
HUN,hu,"Hungary","Europe & Central Asia","High income",1994,0.484,27
HUN,hu,"Hungary","Europe & Central Asia","High income",1995,0.677,32
HUN,hu,"Hungary","Europe & Central Asia","High income",1996,0.969,41
HUN,hu,"Hungary","Europe & Central Asia","High income",1997,1.94,43
HUN,hu,"Hungary","Europe & Central Asia","High income",1998,3.89,40
HUN,hu,"Hungary","Europe & Central Asia","High income",1999,5.86,41
HUN,hu,"Hungary","Europe & Central Asia","High income",2000,6.99967635062916,52
HUN,hu,"Hungary","Europe & Central Asia","High income",2001,14.5285543028277,41
HUN,hu,"Hungary","Europe & Central Asia","High income",2002,16.67,52
HUN,hu,"Hungary","Europe & Central Asia","High income",2003,21.63,47
HUN,hu,"Hungary","Europe & Central Asia","High income",2004,27.74,45
HUN,hu,"Hungary","Europe & Central Asia","High income",2005,38.97,33
HUN,hu,"Hungary","Europe & Central Asia","High income",2006,47.06,35
HUN,hu,"Hungary","Europe & Central Asia","High income",2007,53.3,34
HUN,hu,"Hungary","Europe & Central Asia","High income",2008,61,32
HUN,hu,"Hungary","Europe & Central Asia","High income",2009,62,34
HUN,hu,"Hungary","Europe & Central Asia","High income",2010,65,35
HUN,hu,"Hungary","Europe & Central Asia","High income",2011,68.0199878861296,34
HUN,hu,"Hungary","Europe & Central Asia","High income",2012,70.579998153838,35
HUN,hu,"Hungary","Europe & Central Asia","High income",2013,72.6439,35
HUN,hu,"Hungary","Europe & Central Asia","High income",2014,75.6531974544103,33
HUN,hu,"Hungary","Europe & Central Asia","High income",2015,72.8347370323805,44
HUN,hu,"Hungary","Europe & Central Asia","High income",2016,79.2594121273057,39
HUN,hu,"Hungary","Europe & Central Asia","High income",2017,76.7505471201922,49
HUN,hu,"Hungary","Europe & Central Asia","High income",2018,76.0743606365063,54
HUN,hu,"Hungary","Europe & Central Asia","High income",2019,80.3716936050482,57
HUN,hu,"Hungary","Europe & Central Asia","High income",2020,84.77115202,48
HUN,hu,"Hungary","Europe & Central Asia","High income",2021,88.64083466,40
HUN,hu,"Hungary","Europe & Central Asia","High income",2022,89.14282688,46
HUN,hu,"Hungary","Europe & Central Asia","High income",2023,91.4500713,41
CYP,cy,"Cyprus","Europe & Central Asia","High income",1990,0,20
CYP,cy,"Cyprus","Europe & Central Asia","High income",1991,,
CYP,cy,"Cyprus","Europe & Central Asia","High income",1992,0.0501,29
CYP,cy,"Cyprus","Europe & Central Asia","High income",1993,0.0564,37
CYP,cy,"Cyprus","Europe & Central Asia","High income",1994,0.111,38
CYP,cy,"Cyprus","Europe & Central Asia","High income",1995,0.41,39
CYP,cy,"Cyprus","Europe & Central Asia","High income",1996,0.673,55
CYP,cy,"Cyprus","Europe & Central Asia","High income",1997,4.38,24
CYP,cy,"Cyprus","Europe & Central Asia","High income",1998,8.89,23
CYP,cy,"Cyprus","Europe & Central Asia","High income",1999,11.3,29
CYP,cy,"Cyprus","Europe & Central Asia","High income",2000,15.2553943710137,32
CYP,cy,"Cyprus","Europe & Central Asia","High income",2001,18.8187590408455,33
CYP,cy,"Cyprus","Europe & Central Asia","High income",2002,28.32,28
CYP,cy,"Cyprus","Europe & Central Asia","High income",2003,30.09,33
CYP,cy,"Cyprus","Europe & Central Asia","High income",2004,33.83,34
CYP,cy,"Cyprus","Europe & Central Asia","High income",2005,32.81,45
CYP,cy,"Cyprus","Europe & Central Asia","High income",2006,35.83,47
CYP,cy,"Cyprus","Europe & Central Asia","High income",2007,40.77,47
CYP,cy,"Cyprus","Europe & Central Asia","High income",2008,42.31,50
CYP,cy,"Cyprus","Europe & Central Asia","High income",2009,49.81,47
CYP,cy,"Cyprus","Europe & Central Asia","High income",2010,52.99,47
CYP,cy,"Cyprus","Europe & Central Asia","High income",2011,56.8598923503507,48
CYP,cy,"Cyprus","Europe & Central Asia","High income",2012,60.6898684001903,50
CYP,cy,"Cyprus","Europe & Central Asia","High income",2013,65.4548,48
CYP,cy,"Cyprus","Europe & Central Asia","High income",2014,69.3286967086473,45
CYP,cy,"Cyprus","Europe & Central Asia","High income",2015,71.7157409175171,46
CYP,cy,"Cyprus","Europe & Central Asia","High income",2016,75.9002054030125,46
CYP,cy,"Cyprus","Europe & Central Asia","High income",2017,80.743188971932,38
CYP,cy,"Cyprus","Europe & Central Asia","High income",2018,84.4335825186889,33
CYP,cy,"Cyprus","Europe & Central Asia","High income",2019,86.0636299618935,38
CYP,cy,"Cyprus","Europe & Central Asia","High income",2020,90.80194644,29
CYP,cy,"Cyprus","Europe & Central Asia","High income",2021,90.75951564,35
CYP,cy,"Cyprus","Europe & Central Asia","High income",2022,89.60099194,43
CYP,cy,"Cyprus","Europe & Central Asia","High income",2023,91.22110357,42
KGZ,kg,"Kyrgyz Republic","Europe & Central Asia","Lower middle income",1990,0,20
KGZ,kg,"Kyrgyz Republic","Europe & Central Asia","Lower middle income",1991,,
KGZ,kg,"Kyrgyz Republic","Europe & Central Asia","Lower middle income",1992,,
KGZ,kg,"Kyrgyz Republic","Europe & Central Asia","Lower middle income",1993,,
KGZ,kg,"Kyrgyz Republic","Europe & Central Asia","Lower middle income",1994,,
KGZ,kg,"Kyrgyz Republic","Europe & Central Asia","Lower middle income",1995,,
KGZ,kg,"Kyrgyz Republic","Europe & Central Asia","Lower middle income",1996,,
KGZ,kg,"Kyrgyz Republic","Europe & Central Asia","Lower middle income",1997,,
KGZ,kg,"Kyrgyz Republic","Europe & Central Asia","Lower middle income",1998,0.0728,121
KGZ,kg,"Kyrgyz Republic","Europe & Central Asia","Lower middle income",1999,0.205,121
KGZ,kg,"Kyrgyz Republic","Europe & Central Asia","Lower middle income",2000,1.04140114469361,108
KGZ,kg,"Kyrgyz Republic","Europe & Central Asia","Lower middle income",2001,3.00294132719239,86
KGZ,kg,"Kyrgyz Republic","Europe & Central Asia","Lower middle income",2002,2.99926518003089,102
KGZ,kg,"Kyrgyz Republic","Europe & Central Asia","Lower middle income",2003,3.90876626828521,102
KGZ,kg,"Kyrgyz Republic","Europe & Central Asia","Lower middle income",2004,5.09038530732863,104
KGZ,kg,"Kyrgyz Republic","Europe & Central Asia","Lower middle income",2005,10.53380013,89
KGZ,kg,"Kyrgyz Republic","Europe & Central Asia","Lower middle income",2006,12.30690002,93
KGZ,kg,"Kyrgyz Republic","Europe & Central Asia","Lower middle income",2007,14.03,96
KGZ,kg,"Kyrgyz Republic","Europe & Central Asia","Lower middle income",2008,15.69999981,98
KGZ,kg,"Kyrgyz Republic","Europe & Central Asia","Lower middle income",2009,16,105
KGZ,kg,"Kyrgyz Republic","Europe & Central Asia","Lower middle income",2010,16.29999924,103
KGZ,kg,"Kyrgyz Republic","Europe & Central Asia","Lower middle income",2011,17.5,113
KGZ,kg,"Kyrgyz Republic","Europe & Central Asia","Lower middle income",2012,19.79999924,118
KGZ,kg,"Kyrgyz Republic","Europe & Central Asia","Lower middle income",2013,23,116
KGZ,kg,"Kyrgyz Republic","Europe & Central Asia","Lower middle income",2014,28.29999924,115
KGZ,kg,"Kyrgyz Republic","Europe & Central Asia","Lower middle income",2015,30.24699974,118
KGZ,kg,"Kyrgyz Republic","Europe & Central Asia","Lower middle income",2016,40.52619934,113
KGZ,kg,"Kyrgyz Republic","Europe & Central Asia","Lower middle income",2017,50.80530167,108
KGZ,kg,"Kyrgyz Republic","Europe & Central Asia","Lower middle income",2018,62.8,88
KGZ,kg,"Kyrgyz Republic","Europe & Central Asia","Lower middle income",2019,64.1,100
KGZ,kg,"Kyrgyz Republic","Europe & Central Asia","Lower middle income",2020,72,89
KGZ,kg,"Kyrgyz Republic","Europe & Central Asia","Lower middle income",2021,77.11769867,82
KGZ,kg,"Kyrgyz Republic","Europe & Central Asia","Lower middle income",2022,84.1937027,66
KGZ,kg,"Kyrgyz Republic","Europe & Central Asia","Lower middle income",2023,91.04440308,43
MAR,ma,"Morocco","Middle East, North Africa, Afghanistan & Pakistan","Lower middle income",1990,0,20
MAR,ma,"Morocco","Middle East, North Africa, Afghanistan & Pakistan","Lower middle income",1991,,
MAR,ma,"Morocco","Middle East, North Africa, Afghanistan & Pakistan","Lower middle income",1992,,
MAR,ma,"Morocco","Middle East, North Africa, Afghanistan & Pakistan","Lower middle income",1993,,
MAR,ma,"Morocco","Middle East, North Africa, Afghanistan & Pakistan","Lower middle income",1994,,
MAR,ma,"Morocco","Middle East, North Africa, Afghanistan & Pakistan","Lower middle income",1995,0.00371,98
MAR,ma,"Morocco","Middle East, North Africa, Afghanistan & Pakistan","Lower middle income",1996,0.00568,127
MAR,ma,"Morocco","Middle East, North Africa, Afghanistan & Pakistan","Lower middle income",1997,0.0216,127
MAR,ma,"Morocco","Middle East, North Africa, Afghanistan & Pakistan","Lower middle income",1998,0.142,107
MAR,ma,"Morocco","Middle East, North Africa, Afghanistan & Pakistan","Lower middle income",1999,0.176,124
MAR,ma,"Morocco","Middle East, North Africa, Afghanistan & Pakistan","Lower middle income",2000,0.693791244805455,119
MAR,ma,"Morocco","Middle East, North Africa, Afghanistan & Pakistan","Lower middle income",2001,1.37143810096418,110
MAR,ma,"Morocco","Middle East, North Africa, Afghanistan & Pakistan","Lower middle income",2002,2.37325319241544,109
MAR,ma,"Morocco","Middle East, North Africa, Afghanistan & Pakistan","Lower middle income",2003,3.35336668122363,106
MAR,ma,"Morocco","Middle East, North Africa, Afghanistan & Pakistan","Lower middle income",2004,11.6079347729582,77
MAR,ma,"Morocco","Middle East, North Africa, Afghanistan & Pakistan","Lower middle income",2005,15.0844445240204,75
MAR,ma,"Morocco","Middle East, North Africa, Afghanistan & Pakistan","Lower middle income",2006,19.7711915653115,72
MAR,ma,"Morocco","Middle East, North Africa, Afghanistan & Pakistan","Lower middle income",2007,21.5,75
MAR,ma,"Morocco","Middle East, North Africa, Afghanistan & Pakistan","Lower middle income",2008,33.1,66
MAR,ma,"Morocco","Middle East, North Africa, Afghanistan & Pakistan","Lower middle income",2009,41.3,59
MAR,ma,"Morocco","Middle East, North Africa, Afghanistan & Pakistan","Lower middle income",2010,52,48
MAR,ma,"Morocco","Middle East, North Africa, Afghanistan & Pakistan","Lower middle income",2011,46.107482597,68
MAR,ma,"Morocco","Middle East, North Africa, Afghanistan & Pakistan","Lower middle income",2012,55.4160531914894,60
MAR,ma,"Morocco","Middle East, North Africa, Afghanistan & Pakistan","Lower middle income",2013,56,64
MAR,ma,"Morocco","Middle East, North Africa, Afghanistan & Pakistan","Lower middle income",2014,56.7746379160074,67
MAR,ma,"Morocco","Middle East, North Africa, Afghanistan & Pakistan","Lower middle income",2015,57.0799993486116,75
MAR,ma,"Morocco","Middle East, North Africa, Afghanistan & Pakistan","Lower middle income",2016,58.271236420398,83
MAR,ma,"Morocco","Middle East, North Africa, Afghanistan & Pakistan","Lower middle income",2017,61.7622120123071,85
MAR,ma,"Morocco","Middle East, North Africa, Afghanistan & Pakistan","Lower middle income",2018,64.8038651924043,83
MAR,ma,"Morocco","Middle East, North Africa, Afghanistan & Pakistan","Lower middle income",2019,84.1203630467602,42
MAR,ma,"Morocco","Middle East, North Africa, Afghanistan & Pakistan","Lower middle income",2020,84.12036305,51
MAR,ma,"Morocco","Middle East, North Africa, Afghanistan & Pakistan","Lower middle income",2021,88.13031937,43
MAR,ma,"Morocco","Middle East, North Africa, Afghanistan & Pakistan","Lower middle income",2022,89.9,41
MAR,ma,"Morocco","Middle East, North Africa, Afghanistan & Pakistan","Lower middle income",2023,91,44
URY,uy,"Uruguay","Latin America & Caribbean ","High income",1990,0,20
URY,uy,"Uruguay","Latin America & Caribbean ","High income",1991,,
URY,uy,"Uruguay","Latin America & Caribbean ","High income",1992,,
URY,uy,"Uruguay","Latin America & Caribbean ","High income",1993,,
URY,uy,"Uruguay","Latin America & Caribbean ","High income",1994,0.0625,41
URY,uy,"Uruguay","Latin America & Caribbean ","High income",1995,0.31,43
URY,uy,"Uruguay","Latin America & Caribbean ","High income",1996,1.85,30
URY,uy,"Uruguay","Latin America & Caribbean ","High income",1997,3.36,30
URY,uy,"Uruguay","Latin America & Caribbean ","High income",1998,6.99,27
URY,uy,"Uruguay","Latin America & Caribbean ","High income",1999,9.97,31
URY,uy,"Uruguay","Latin America & Caribbean ","High income",2000,10.5390577480141,38
URY,uy,"Uruguay","Latin America & Caribbean ","High income",2001,11.1214376832783,48
URY,uy,"Uruguay","Latin America & Caribbean ","High income",2002,11.4194701966853,60
URY,uy,"Uruguay","Latin America & Caribbean ","High income",2003,15.9371367159756,60
URY,uy,"Uruguay","Latin America & Caribbean ","High income",2004,17.0630983403661,66
URY,uy,"Uruguay","Latin America & Caribbean ","High income",2005,20.0881895579305,65
URY,uy,"Uruguay","Latin America & Caribbean ","High income",2006,29.39999962,53
URY,uy,"Uruguay","Latin America & Caribbean ","High income",2007,34,55
URY,uy,"Uruguay","Latin America & Caribbean ","High income",2008,39.3,55
URY,uy,"Uruguay","Latin America & Caribbean ","High income",2009,41.8,57
URY,uy,"Uruguay","Latin America & Caribbean ","High income",2010,46.4,54
URY,uy,"Uruguay","Latin America & Caribbean ","High income",2011,51.4046610563616,58
URY,uy,"Uruguay","Latin America & Caribbean ","High income",2012,54.453768680746,63
URY,uy,"Uruguay","Latin America & Caribbean ","High income",2013,57.69,62
URY,uy,"Uruguay","Latin America & Caribbean ","High income",2014,61.4624951684405,62
URY,uy,"Uruguay","Latin America & Caribbean ","High income",2015,64.5707870971624,66
URY,uy,"Uruguay","Latin America & Caribbean ","High income",2016,66.40000153,67
URY,uy,"Uruguay","Latin America & Caribbean ","High income",2017,70.3223543994698,64
URY,uy,"Uruguay","Latin America & Caribbean ","High income",2018,80.7268428795854,43
URY,uy,"Uruguay","Latin America & Caribbean ","High income",2019,83.3515337667548,43
URY,uy,"Uruguay","Latin America & Caribbean ","High income",2020,85.47100067,45
URY,uy,"Uruguay","Latin America & Caribbean ","High income",2021,87.64440155,44
URY,uy,"Uruguay","Latin America & Caribbean ","High income",2022,89.87304314,42
URY,uy,"Uruguay","Latin America & Caribbean ","High income",2023,90.92590332,45
CHN,cn,"China","East Asia & Pacific","Upper middle income",1990,0,20
CHN,cn,"China","East Asia & Pacific","Upper middle income",1991,,
CHN,cn,"China","East Asia & Pacific","Upper middle income",1992,,
CHN,cn,"China","East Asia & Pacific","Upper middle income",1993,0.000169,52
CHN,cn,"China","East Asia & Pacific","Upper middle income",1994,0.00117,66
CHN,cn,"China","East Asia & Pacific","Upper middle income",1995,0.00495,96
CHN,cn,"China","East Asia & Pacific","Upper middle income",1996,0.0131,116
CHN,cn,"China","East Asia & Pacific","Upper middle income",1997,0.0324,120
CHN,cn,"China","East Asia & Pacific","Upper middle income",1998,0.169,103
CHN,cn,"China","East Asia & Pacific","Upper middle income",1999,0.708,95
CHN,cn,"China","East Asia & Pacific","Upper middle income",2000,1.77591320677415,94
CHN,cn,"China","East Asia & Pacific","Upper middle income",2001,2.63965021485872,93
CHN,cn,"China","East Asia & Pacific","Upper middle income",2002,4.59570433077551,91
CHN,cn,"China","East Asia & Pacific","Upper middle income",2003,6.2,89
CHN,cn,"China","East Asia & Pacific","Upper middle income",2004,7.3,95
CHN,cn,"China","East Asia & Pacific","Upper middle income",2005,8.52325700269541,94
CHN,cn,"China","East Asia & Pacific","Upper middle income",2006,10.5231526193851,98
CHN,cn,"China","East Asia & Pacific","Upper middle income",2007,16,91
CHN,cn,"China","East Asia & Pacific","Upper middle income",2008,22.6,86
CHN,cn,"China","East Asia & Pacific","Upper middle income",2009,28.9,79
CHN,cn,"China","East Asia & Pacific","Upper middle income",2010,34.3,74
CHN,cn,"China","East Asia & Pacific","Upper middle income",2011,38.3,81
CHN,cn,"China","East Asia & Pacific","Upper middle income",2012,42.30009842,82
CHN,cn,"China","East Asia & Pacific","Upper middle income",2013,45.79999924,82
CHN,cn,"China","East Asia & Pacific","Upper middle income",2014,47.90000153,86
CHN,cn,"China","East Asia & Pacific","Upper middle income",2015,50.29999924,90
CHN,cn,"China","East Asia & Pacific","Upper middle income",2016,53.2,94
CHN,cn,"China","East Asia & Pacific","Upper middle income",2017,54.3,101
CHN,cn,"China","East Asia & Pacific","Upper middle income",2018,65.35839844,79
CHN,cn,"China","East Asia & Pacific","Upper middle income",2019,64.080881297515,101
CHN,cn,"China","East Asia & Pacific","Upper middle income",2020,70.05275998,100
CHN,cn,"China","East Asia & Pacific","Upper middle income",2021,73.05323517,95
CHN,cn,"China","East Asia & Pacific","Upper middle income",2022,75.61131603,99
CHN,cn,"China","East Asia & Pacific","Upper middle income",2023,90.6,46
SVN,si,"Slovenia","Europe & Central Asia","High income",1990,0,20
SVN,si,"Slovenia","Europe & Central Asia","High income",1991,,
SVN,si,"Slovenia","Europe & Central Asia","High income",1992,,
SVN,si,"Slovenia","Europe & Central Asia","High income",1993,0.41,19
SVN,si,"Slovenia","Europe & Central Asia","High income",1994,1.07,17
SVN,si,"Slovenia","Europe & Central Asia","High income",1995,2.9,12
SVN,si,"Slovenia","Europe & Central Asia","High income",1996,5.07,13
SVN,si,"Slovenia","Europe & Central Asia","High income",1997,7.59,15
SVN,si,"Slovenia","Europe & Central Asia","High income",1998,10.1,20
SVN,si,"Slovenia","Europe & Central Asia","High income",1999,12.6,27
SVN,si,"Slovenia","Europe & Central Asia","High income",2000,15.1102595640388,33
SVN,si,"Slovenia","Europe & Central Asia","High income",2001,30.1759104700854,25
SVN,si,"Slovenia","Europe & Central Asia","High income",2002,27.8388854180687,31
SVN,si,"Slovenia","Europe & Central Asia","High income",2003,31.8547930120441,31
SVN,si,"Slovenia","Europe & Central Asia","High income",2004,40.81,28
SVN,si,"Slovenia","Europe & Central Asia","High income",2005,46.81,27
SVN,si,"Slovenia","Europe & Central Asia","High income",2006,54.01,27
SVN,si,"Slovenia","Europe & Central Asia","High income",2007,56.74,31
SVN,si,"Slovenia","Europe & Central Asia","High income",2008,58,35
SVN,si,"Slovenia","Europe & Central Asia","High income",2009,64,31
SVN,si,"Slovenia","Europe & Central Asia","High income",2010,70,26
SVN,si,"Slovenia","Europe & Central Asia","High income",2011,67.3399948092396,36
SVN,si,"Slovenia","Europe & Central Asia","High income",2012,68.3499745287825,39
SVN,si,"Slovenia","Europe & Central Asia","High income",2013,72.6756,34
SVN,si,"Slovenia","Europe & Central Asia","High income",2014,71.5862515855601,41
SVN,si,"Slovenia","Europe & Central Asia","High income",2015,73.0986599745829,43
SVN,si,"Slovenia","Europe & Central Asia","High income",2016,75.4985042610791,47
SVN,si,"Slovenia","Europe & Central Asia","High income",2017,78.8854263554775,45
SVN,si,"Slovenia","Europe & Central Asia","High income",2018,79.7499765956562,47
SVN,si,"Slovenia","Europe & Central Asia","High income",2019,83.1083578026717,45
SVN,si,"Slovenia","Europe & Central Asia","High income",2020,86.60130109,42
SVN,si,"Slovenia","Europe & Central Asia","High income",2021,89.00399524,38
SVN,si,"Slovenia","Europe & Central Asia","High income",2022,88.91248552,48
SVN,si,"Slovenia","Europe & Central Asia","High income",2023,90.37794678,47
BTN,bt,"Bhutan","South Asia","Lower middle income",1990,0,20
BTN,bt,"Bhutan","South Asia","Lower middle income",1991,,
BTN,bt,"Bhutan","South Asia","Lower middle income",1992,,
BTN,bt,"Bhutan","South Asia","Lower middle income",1993,,
BTN,bt,"Bhutan","South Asia","Lower middle income",1994,,
BTN,bt,"Bhutan","South Asia","Lower middle income",1995,,
BTN,bt,"Bhutan","South Asia","Lower middle income",1996,,
BTN,bt,"Bhutan","South Asia","Lower middle income",1997,,
BTN,bt,"Bhutan","South Asia","Lower middle income",1998,,
BTN,bt,"Bhutan","South Asia","Lower middle income",1999,0.138,130
BTN,bt,"Bhutan","South Asia","Lower middle income",2000,0.40094444691941,132
BTN,bt,"Bhutan","South Asia","Lower middle income",2001,0.864628564215099,125
BTN,bt,"Bhutan","South Asia","Lower middle income",2002,1.67580258375242,123
BTN,bt,"Bhutan","South Asia","Lower middle income",2003,2.43691239949767,117
BTN,bt,"Bhutan","South Asia","Lower middle income",2004,3.15698419613711,123
BTN,bt,"Bhutan","South Asia","Lower middle income",2005,3.847100019,122
BTN,bt,"Bhutan","South Asia","Lower middle income",2006,4.518300056,126
BTN,bt,"Bhutan","South Asia","Lower middle income",2007,5.92,124
BTN,bt,"Bhutan","South Asia","Lower middle income",2008,6.55,127
BTN,bt,"Bhutan","South Asia","Lower middle income",2009,7.17,127
BTN,bt,"Bhutan","South Asia","Lower middle income",2010,13.6,108
BTN,bt,"Bhutan","South Asia","Lower middle income",2011,14.39999962,117
BTN,bt,"Bhutan","South Asia","Lower middle income",2012,15.60000038,124
BTN,bt,"Bhutan","South Asia","Lower middle income",2013,22.39999962,118
BTN,bt,"Bhutan","South Asia","Lower middle income",2014,30.29999924,111
BTN,bt,"Bhutan","South Asia","Lower middle income",2015,39.79999924,107
BTN,bt,"Bhutan","South Asia","Lower middle income",2016,46.50320053,104
BTN,bt,"Bhutan","South Asia","Lower middle income",2017,54.33549881,100
BTN,bt,"Bhutan","South Asia","Lower middle income",2018,63.48680115,87
BTN,bt,"Bhutan","South Asia","Lower middle income",2019,74.17939758,68
BTN,bt,"Bhutan","South Asia","Lower middle income",2020,76.85079956,74
BTN,bt,"Bhutan","South Asia","Lower middle income",2021,85.63688389,52
BTN,bt,"Bhutan","South Asia","Lower middle income",2022,88.35620117,51
BTN,bt,"Bhutan","South Asia","Lower middle income",2023,90.02140045,48
MAC,mo,"Macao SAR, China","East Asia & Pacific","High income",1990,0,20
MAC,mo,"Macao SAR, China","East Asia & Pacific","High income",1991,,
MAC,mo,"Macao SAR, China","East Asia & Pacific","High income",1992,,
MAC,mo,"Macao SAR, China","East Asia & Pacific","High income",1993,,
MAC,mo,"Macao SAR, China","East Asia & Pacific","High income",1994,0.037,49
MAC,mo,"Macao SAR, China","East Asia & Pacific","High income",1995,0.28,45
MAC,mo,"Macao SAR, China","East Asia & Pacific","High income",1996,0.727,52
MAC,mo,"Macao SAR, China","East Asia & Pacific","High income",1997,2.36,36
MAC,mo,"Macao SAR, China","East Asia & Pacific","High income",1998,7,26
MAC,mo,"Macao SAR, China","East Asia & Pacific","High income",1999,9.21,32
MAC,mo,"Macao SAR, China","East Asia & Pacific","High income",2000,13.6085897418451,36
MAC,mo,"Macao SAR, China","East Asia & Pacific","High income",2001,22.5212167700561,31
MAC,mo,"Macao SAR, China","East Asia & Pacific","High income",2002,25.1718801643395,34
MAC,mo,"Macao SAR, China","East Asia & Pacific","High income",2003,25.7421239826498,40
MAC,mo,"Macao SAR, China","East Asia & Pacific","High income",2004,31.4840973824121,38
MAC,mo,"Macao SAR, China","East Asia & Pacific","High income",2005,34.86289978,42
MAC,mo,"Macao SAR, China","East Asia & Pacific","High income",2006,46.4,37
MAC,mo,"Macao SAR, China","East Asia & Pacific","High income",2007,47.32699966,40
MAC,mo,"Macao SAR, China","East Asia & Pacific","High income",2008,49.24,42
MAC,mo,"Macao SAR, China","East Asia & Pacific","High income",2009,54,41
MAC,mo,"Macao SAR, China","East Asia & Pacific","High income",2010,55.198,42
MAC,mo,"Macao SAR, China","East Asia & Pacific","High income",2011,60.2036967182195,45
MAC,mo,"Macao SAR, China","East Asia & Pacific","High income",2012,61.31,48
MAC,mo,"Macao SAR, China","East Asia & Pacific","High income",2013,65.8,47
MAC,mo,"Macao SAR, China","East Asia & Pacific","High income",2014,69.7809492200465,44
MAC,mo,"Macao SAR, China","East Asia & Pacific","High income",2015,77.6001318608868,34
MAC,mo,"Macao SAR, China","East Asia & Pacific","High income",2016,81.6429854646415,32
MAC,mo,"Macao SAR, China","East Asia & Pacific","High income",2017,83.1740890688259,33
MAC,mo,"Macao SAR, China","East Asia & Pacific","High income",2018,83.7940896091516,34
MAC,mo,"Macao SAR, China","East Asia & Pacific","High income",2019,86.4679257062588,36
MAC,mo,"Macao SAR, China","East Asia & Pacific","High income",2020,87.46230316,39
MAC,mo,"Macao SAR, China","East Asia & Pacific","High income",2021,88.46810492,41
MAC,mo,"Macao SAR, China","East Asia & Pacific","High income",2022,89.48549652,45
MAC,mo,"Macao SAR, China","East Asia & Pacific","High income",2023,89.82640076,49
THA,th,"Thailand","East Asia & Pacific","Upper middle income",1990,0,20
THA,th,"Thailand","East Asia & Pacific","Upper middle income",1991,0.0000522,30
THA,th,"Thailand","East Asia & Pacific","Upper middle income",1992,0.000344,42
THA,th,"Thailand","East Asia & Pacific","Upper middle income",1993,0.0136,43
THA,th,"Thailand","East Asia & Pacific","Upper middle income",1994,0.0386,47
THA,th,"Thailand","East Asia & Pacific","Upper middle income",1995,0.0748,64
THA,th,"Thailand","East Asia & Pacific","Upper middle income",1996,0.115,83
THA,th,"Thailand","East Asia & Pacific","Upper middle income",1997,0.361,81
THA,th,"Thailand","East Asia & Pacific","Upper middle income",1998,1.09,74
THA,th,"Thailand","East Asia & Pacific","Upper middle income",1999,2.43,71
THA,th,"Thailand","East Asia & Pacific","Upper middle income",2000,3.68904127944164,74
THA,th,"Thailand","East Asia & Pacific","Upper middle income",2001,5.55632612097332,70
THA,th,"Thailand","East Asia & Pacific","Upper middle income",2002,7.53125033488567,73
THA,th,"Thailand","East Asia & Pacific","Upper middle income",2003,9.29902723805965,72
THA,th,"Thailand","East Asia & Pacific","Upper middle income",2004,10.6773033237281,80
THA,th,"Thailand","East Asia & Pacific","Upper middle income",2005,15.0260043588909,76
THA,th,"Thailand","East Asia & Pacific","Upper middle income",2006,17.1607147169285,81
THA,th,"Thailand","East Asia & Pacific","Upper middle income",2007,20.03,83
THA,th,"Thailand","East Asia & Pacific","Upper middle income",2008,18.2,95
THA,th,"Thailand","East Asia & Pacific","Upper middle income",2009,20.1,96
THA,th,"Thailand","East Asia & Pacific","Upper middle income",2010,22.4,97
THA,th,"Thailand","East Asia & Pacific","Upper middle income",2011,23.669925618731,105
THA,th,"Thailand","East Asia & Pacific","Upper middle income",2012,26.46,108
THA,th,"Thailand","East Asia & Pacific","Upper middle income",2013,28.94,110
THA,th,"Thailand","East Asia & Pacific","Upper middle income",2014,34.8860535783465,106
THA,th,"Thailand","East Asia & Pacific","Upper middle income",2015,39.3161267365004,108
THA,th,"Thailand","East Asia & Pacific","Upper middle income",2016,47.5049656215909,102
THA,th,"Thailand","East Asia & Pacific","Upper middle income",2017,52.8919293439676,106
THA,th,"Thailand","East Asia & Pacific","Upper middle income",2018,56.8174809301456,101
THA,th,"Thailand","East Asia & Pacific","Upper middle income",2019,66.6524194587528,96
THA,th,"Thailand","East Asia & Pacific","Upper middle income",2020,77.84374066,69
THA,th,"Thailand","East Asia & Pacific","Upper middle income",2021,85.26956666,54
THA,th,"Thailand","East Asia & Pacific","Upper middle income",2022,87.97724503,54
THA,th,"Thailand","East Asia & Pacific","Upper middle income",2023,89.53525238,50
JAM,jm,"Jamaica","Latin America & Caribbean ","Upper middle income",1990,0,20
JAM,jm,"Jamaica","Latin America & Caribbean ","Upper middle income",1991,,
JAM,jm,"Jamaica","Latin America & Caribbean ","Upper middle income",1992,,
JAM,jm,"Jamaica","Latin America & Caribbean ","Upper middle income",1993,,
JAM,jm,"Jamaica","Latin America & Caribbean ","Upper middle income",1994,0.0368,50
JAM,jm,"Jamaica","Latin America & Caribbean ","Upper middle income",1995,0.109,58
JAM,jm,"Jamaica","Latin America & Caribbean ","Upper middle income",1996,0.591,58
JAM,jm,"Jamaica","Latin America & Caribbean ","Upper middle income",1997,0.798,62
JAM,jm,"Jamaica","Latin America & Caribbean ","Upper middle income",1998,1.98,58
JAM,jm,"Jamaica","Latin America & Caribbean ","Upper middle income",1999,2.36,73
JAM,jm,"Jamaica","Latin America & Caribbean ","Upper middle income",2000,3.11577802729967,79
JAM,jm,"Jamaica","Latin America & Caribbean ","Upper middle income",2001,3.8630203874764,82
JAM,jm,"Jamaica","Latin America & Caribbean ","Upper middle income",2002,6.1,81
JAM,jm,"Jamaica","Latin America & Caribbean ","Upper middle income",2003,7.8,80
JAM,jm,"Jamaica","Latin America & Caribbean ","Upper middle income",2004,10,83
JAM,jm,"Jamaica","Latin America & Caribbean ","Upper middle income",2005,12.80000019,80
JAM,jm,"Jamaica","Latin America & Caribbean ","Upper middle income",2006,16.39999962,83
JAM,jm,"Jamaica","Latin America & Caribbean ","Upper middle income",2007,21.10000038,77
JAM,jm,"Jamaica","Latin America & Caribbean ","Upper middle income",2008,23.6,81
JAM,jm,"Jamaica","Latin America & Caribbean ","Upper middle income",2009,24.3,91
JAM,jm,"Jamaica","Latin America & Caribbean ","Upper middle income",2010,27.67,89
JAM,jm,"Jamaica","Latin America & Caribbean ","Upper middle income",2011,37.438613414848,83
JAM,jm,"Jamaica","Latin America & Caribbean ","Upper middle income",2012,33.79,100
JAM,jm,"Jamaica","Latin America & Caribbean ","Upper middle income",2013,37.1,98
JAM,jm,"Jamaica","Latin America & Caribbean ","Upper middle income",2014,40.4027351046672,96
JAM,jm,"Jamaica","Latin America & Caribbean ","Upper middle income",2015,42.2212211907441,104
JAM,jm,"Jamaica","Latin America & Caribbean ","Upper middle income",2016,44.3668563671334,108
JAM,jm,"Jamaica","Latin America & Caribbean ","Upper middle income",2017,55.0720670507751,99
JAM,jm,"Jamaica","Latin America & Caribbean ","Upper middle income",2018,68.2145170876072,77
JAM,jm,"Jamaica","Latin America & Caribbean ","Upper middle income",2019,70.8410169743356,78
JAM,jm,"Jamaica","Latin America & Caribbean ","Upper middle income",2020,76.38400269,76
JAM,jm,"Jamaica","Latin America & Caribbean ","Upper middle income",2021,82.36071561,62
JAM,jm,"Jamaica","Latin America & Caribbean ","Upper middle income",2022,85.84329987,57
JAM,jm,"Jamaica","Latin America & Caribbean ","Upper middle income",2023,89.47304282,51
ARG,ar,"Argentina","Latin America & Caribbean ","Upper middle income",1990,0,20
ARG,ar,"Argentina","Latin America & Caribbean ","Upper middle income",1991,,
ARG,ar,"Argentina","Latin America & Caribbean ","Upper middle income",1992,0.00299,38
ARG,ar,"Argentina","Latin America & Caribbean ","Upper middle income",1993,0.0295,39
ARG,ar,"Argentina","Latin America & Caribbean ","Upper middle income",1994,0.0437,45
ARG,ar,"Argentina","Latin America & Caribbean ","Upper middle income",1995,0.0863,61
ARG,ar,"Argentina","Latin America & Caribbean ","Upper middle income",1996,0.142,81
ARG,ar,"Argentina","Latin America & Caribbean ","Upper middle income",1997,0.28,83
ARG,ar,"Argentina","Latin America & Caribbean ","Upper middle income",1998,0.831,77
ARG,ar,"Argentina","Latin America & Caribbean ","Upper middle income",1999,3.28,60
ARG,ar,"Argentina","Latin America & Caribbean ","Upper middle income",2000,7.0386830862178,51
ARG,ar,"Argentina","Latin America & Caribbean ","Upper middle income",2001,9.78080728532407,52
ARG,ar,"Argentina","Latin America & Caribbean ","Upper middle income",2002,10.8821243775325,63
ARG,ar,"Argentina","Latin America & Caribbean ","Upper middle income",2003,11.9136965509954,68
ARG,ar,"Argentina","Latin America & Caribbean ","Upper middle income",2004,16.0366841054923,67
ARG,ar,"Argentina","Latin America & Caribbean ","Upper middle income",2005,17.7205833696065,67
ARG,ar,"Argentina","Latin America & Caribbean ","Upper middle income",2006,20.9272021035896,70
ARG,ar,"Argentina","Latin America & Caribbean ","Upper middle income",2007,25.9466329403819,69
ARG,ar,"Argentina","Latin America & Caribbean ","Upper middle income",2008,28.1126234799907,74
ARG,ar,"Argentina","Latin America & Caribbean ","Upper middle income",2009,34,70
ARG,ar,"Argentina","Latin America & Caribbean ","Upper middle income",2010,45,57
ARG,ar,"Argentina","Latin America & Caribbean ","Upper middle income",2011,51,59
ARG,ar,"Argentina","Latin America & Caribbean ","Upper middle income",2012,55.79999924,59
ARG,ar,"Argentina","Latin America & Caribbean ","Upper middle income",2013,59.90000153,58
ARG,ar,"Argentina","Latin America & Caribbean ","Upper middle income",2014,64.69999695,55
ARG,ar,"Argentina","Latin America & Caribbean ","Upper middle income",2015,68.0430641088122,59
ARG,ar,"Argentina","Latin America & Caribbean ","Upper middle income",2016,70.9689808206024,58
ARG,ar,"Argentina","Latin America & Caribbean ","Upper middle income",2017,74.2949068657957,55
ARG,ar,"Argentina","Latin America & Caribbean ","Upper middle income",2018,77.7,52
ARG,ar,"Argentina","Latin America & Caribbean ","Upper middle income",2019,79.9469520347551,58
ARG,ar,"Argentina","Latin America & Caribbean ","Upper middle income",2020,85.51438646,44
ARG,ar,"Argentina","Latin America & Caribbean ","Upper middle income",2021,87.15070683,46
ARG,ar,"Argentina","Latin America & Caribbean ","Upper middle income",2022,88.37535691,50
ARG,ar,"Argentina","Latin America & Caribbean ","Upper middle income",2023,89.22897166,52
ROU,ro,"Romania","Europe & Central Asia","High income",1990,0,20
ROU,ro,"Romania","Europe & Central Asia","High income",1991,,
ROU,ro,"Romania","Europe & Central Asia","High income",1992,,
ROU,ro,"Romania","Europe & Central Asia","High income",1993,0.0037,47
ROU,ro,"Romania","Europe & Central Asia","High income",1994,0.0263,52
ROU,ro,"Romania","Europe & Central Asia","High income",1995,0.075,63
ROU,ro,"Romania","Europe & Central Asia","High income",1996,0.222,74
ROU,ro,"Romania","Europe & Central Asia","High income",1997,0.445,76
ROU,ro,"Romania","Europe & Central Asia","High income",1998,2.24,56
ROU,ro,"Romania","Europe & Central Asia","High income",1999,2.7,67
ROU,ro,"Romania","Europe & Central Asia","High income",2000,3.61371729139783,75
ROU,ro,"Romania","Europe & Central Asia","High income",2001,4.53866902895312,78
ROU,ro,"Romania","Europe & Central Asia","High income",2002,6.58,78
ROU,ro,"Romania","Europe & Central Asia","High income",2003,8.9,74
ROU,ro,"Romania","Europe & Central Asia","High income",2004,15,69
ROU,ro,"Romania","Europe & Central Asia","High income",2005,21.5,60
ROU,ro,"Romania","Europe & Central Asia","High income",2006,24.66,66
ROU,ro,"Romania","Europe & Central Asia","High income",2007,28.3,65
ROU,ro,"Romania","Europe & Central Asia","High income",2008,32.42,68
ROU,ro,"Romania","Europe & Central Asia","High income",2009,36.6,66
ROU,ro,"Romania","Europe & Central Asia","High income",2010,39.93,66
ROU,ro,"Romania","Europe & Central Asia","High income",2011,40.0099967810008,78
ROU,ro,"Romania","Europe & Central Asia","High income",2012,45.8799942529424,76
ROU,ro,"Romania","Europe & Central Asia","High income",2013,49.7645,74
ROU,ro,"Romania","Europe & Central Asia","High income",2014,54.0783206550943,73
ROU,ro,"Romania","Europe & Central Asia","High income",2015,55.7631556336233,80
ROU,ro,"Romania","Europe & Central Asia","High income",2016,59.5039512852713,79
ROU,ro,"Romania","Europe & Central Asia","High income",2017,63.7472821822484,77
ROU,ro,"Romania","Europe & Central Asia","High income",2018,70.6812779273268,69
ROU,ro,"Romania","Europe & Central Asia","High income",2019,73.6574757545465,71
ROU,ro,"Romania","Europe & Central Asia","High income",2020,78.45526895,62
ROU,ro,"Romania","Europe & Central Asia","High income",2021,83.5904265,57
ROU,ro,"Romania","Europe & Central Asia","High income",2022,85.50309124,58
ROU,ro,"Romania","Europe & Central Asia","High income",2023,89.20335498,53
UZB,uz,"Uzbekistan","Europe & Central Asia","Lower middle income",1990,0,20
UZB,uz,"Uzbekistan","Europe & Central Asia","Lower middle income",1991,,
UZB,uz,"Uzbekistan","Europe & Central Asia","Lower middle income",1992,,
UZB,uz,"Uzbekistan","Europe & Central Asia","Lower middle income",1993,,
UZB,uz,"Uzbekistan","Europe & Central Asia","Lower middle income",1994,,
UZB,uz,"Uzbekistan","Europe & Central Asia","Lower middle income",1995,0.00153,105
UZB,uz,"Uzbekistan","Europe & Central Asia","Lower middle income",1996,0.00429,132
UZB,uz,"Uzbekistan","Europe & Central Asia","Lower middle income",1997,0.0105,134
UZB,uz,"Uzbekistan","Europe & Central Asia","Lower middle income",1998,0.0208,139
UZB,uz,"Uzbekistan","Europe & Central Asia","Lower middle income",1999,0.0307,159
UZB,uz,"Uzbekistan","Europe & Central Asia","Lower middle income",2000,0.484347307694947,128
UZB,uz,"Uzbekistan","Europe & Central Asia","Lower middle income",2001,0.597567993875805,132
UZB,uz,"Uzbekistan","Europe & Central Asia","Lower middle income",2002,1.08193974248733,133
UZB,uz,"Uzbekistan","Europe & Central Asia","Lower middle income",2003,1.91259517784997,125
UZB,uz,"Uzbekistan","Europe & Central Asia","Lower middle income",2004,2.59372542084924,128
UZB,uz,"Uzbekistan","Europe & Central Asia","Lower middle income",2005,3.34350988825952,128
UZB,uz,"Uzbekistan","Europe & Central Asia","Lower middle income",2006,6.38832196706805,115
UZB,uz,"Uzbekistan","Europe & Central Asia","Lower middle income",2007,7.49060468138629,111
UZB,uz,"Uzbekistan","Europe & Central Asia","Lower middle income",2008,9.0801145234501,113
UZB,uz,"Uzbekistan","Europe & Central Asia","Lower middle income",2009,11.9,111
UZB,uz,"Uzbekistan","Europe & Central Asia","Lower middle income",2010,15.89999962,106
UZB,uz,"Uzbekistan","Europe & Central Asia","Lower middle income",2011,18.6,110
UZB,uz,"Uzbekistan","Europe & Central Asia","Lower middle income",2012,23.60000038,112
UZB,uz,"Uzbekistan","Europe & Central Asia","Lower middle income",2013,26.79999924,113
UZB,uz,"Uzbekistan","Europe & Central Asia","Lower middle income",2014,35.5,105
UZB,uz,"Uzbekistan","Europe & Central Asia","Lower middle income",2015,42.79999924,100
UZB,uz,"Uzbekistan","Europe & Central Asia","Lower middle income",2016,46.79130173,103
UZB,uz,"Uzbekistan","Europe & Central Asia","Lower middle income",2017,48.6999988524556,112
UZB,uz,"Uzbekistan","Europe & Central Asia","Lower middle income",2018,55.2000006732722,105
UZB,uz,"Uzbekistan","Europe & Central Asia","Lower middle income",2019,70.3999986481458,80
UZB,uz,"Uzbekistan","Europe & Central Asia","Lower middle income",2020,71.09999824,94
UZB,uz,"Uzbekistan","Europe & Central Asia","Lower middle income",2021,76.59043014,84
UZB,uz,"Uzbekistan","Europe & Central Asia","Lower middle income",2022,83.90000012,68
UZB,uz,"Uzbekistan","Europe & Central Asia","Lower middle income",2023,89.01361047,54
AZE,az,"Azerbaijan","Europe & Central Asia","Upper middle income",1990,0,20
AZE,az,"Azerbaijan","Europe & Central Asia","Upper middle income",1991,,
AZE,az,"Azerbaijan","Europe & Central Asia","Upper middle income",1992,,
AZE,az,"Azerbaijan","Europe & Central Asia","Upper middle income",1993,,
AZE,az,"Azerbaijan","Europe & Central Asia","Upper middle income",1994,0.00143,65
AZE,az,"Azerbaijan","Europe & Central Asia","Upper middle income",1995,0.00206,103
AZE,az,"Azerbaijan","Europe & Central Asia","Upper middle income",1996,0.00635,125
AZE,az,"Azerbaijan","Europe & Central Asia","Upper middle income",1997,0.0252,124
AZE,az,"Azerbaijan","Europe & Central Asia","Upper middle income",1998,0.0375,132
AZE,az,"Azerbaijan","Europe & Central Asia","Upper middle income",1999,0.0992,138
AZE,az,"Azerbaijan","Europe & Central Asia","Upper middle income",2000,0.147757575623251,150
AZE,az,"Azerbaijan","Europe & Central Asia","Upper middle income",2001,0.305564637615618,141
AZE,az,"Azerbaijan","Europe & Central Asia","Upper middle income",2002,4.99971367812957,87
AZE,az,"Azerbaijan","Europe & Central Asia","Upper middle income",2003,,
AZE,az,"Azerbaijan","Europe & Central Asia","Upper middle income",2004,,
AZE,az,"Azerbaijan","Europe & Central Asia","Upper middle income",2005,8.030400276,97
AZE,az,"Azerbaijan","Europe & Central Asia","Upper middle income",2006,11.9921999,95
AZE,az,"Azerbaijan","Europe & Central Asia","Upper middle income",2007,14.53999996,94
AZE,az,"Azerbaijan","Europe & Central Asia","Upper middle income",2008,17.08,97
AZE,az,"Azerbaijan","Europe & Central Asia","Upper middle income",2009,27.4,83
AZE,az,"Azerbaijan","Europe & Central Asia","Upper middle income",2010,46,56
AZE,az,"Azerbaijan","Europe & Central Asia","Upper middle income",2011,50,61
AZE,az,"Azerbaijan","Europe & Central Asia","Upper middle income",2012,54.20000076,64
AZE,az,"Azerbaijan","Europe & Central Asia","Upper middle income",2013,73.000001372,33
AZE,az,"Azerbaijan","Europe & Central Asia","Upper middle income",2014,75.0000156363396,35
AZE,az,"Azerbaijan","Europe & Central Asia","Upper middle income",2015,77,36
AZE,az,"Azerbaijan","Europe & Central Asia","Upper middle income",2016,78.2,41
AZE,az,"Azerbaijan","Europe & Central Asia","Upper middle income",2017,79,44
AZE,az,"Azerbaijan","Europe & Central Asia","Upper middle income",2018,79.7999954887896,46
AZE,az,"Azerbaijan","Europe & Central Asia","Upper middle income",2019,81.0999990651547,54
AZE,az,"Azerbaijan","Europe & Central Asia","Upper middle income",2020,84.59999573,50
AZE,az,"Azerbaijan","Europe & Central Asia","Upper middle income",2021,85.99998954,51
AZE,az,"Azerbaijan","Europe & Central Asia","Upper middle income",2022,88,53
AZE,az,"Azerbaijan","Europe & Central Asia","Upper middle income",2023,89,55
MNE,me,"Montenegro","Europe & Central Asia","Upper middle income",1990,,
MNE,me,"Montenegro","Europe & Central Asia","Upper middle income",1991,,
MNE,me,"Montenegro","Europe & Central Asia","Upper middle income",1992,,
MNE,me,"Montenegro","Europe & Central Asia","Upper middle income",1993,,
MNE,me,"Montenegro","Europe & Central Asia","Upper middle income",1994,,
MNE,me,"Montenegro","Europe & Central Asia","Upper middle income",1995,,
MNE,me,"Montenegro","Europe & Central Asia","Upper middle income",1996,,
MNE,me,"Montenegro","Europe & Central Asia","Upper middle income",1997,,
MNE,me,"Montenegro","Europe & Central Asia","Upper middle income",1998,,
MNE,me,"Montenegro","Europe & Central Asia","Upper middle income",1999,,
MNE,me,"Montenegro","Europe & Central Asia","Upper middle income",2000,,
MNE,me,"Montenegro","Europe & Central Asia","Upper middle income",2001,,
MNE,me,"Montenegro","Europe & Central Asia","Upper middle income",2002,,
MNE,me,"Montenegro","Europe & Central Asia","Upper middle income",2003,,
MNE,me,"Montenegro","Europe & Central Asia","Upper middle income",2004,25.3500686036232,49
MNE,me,"Montenegro","Europe & Central Asia","Upper middle income",2005,27.10000038,48
MNE,me,"Montenegro","Europe & Central Asia","Upper middle income",2006,28.89999962,55
MNE,me,"Montenegro","Europe & Central Asia","Upper middle income",2007,30.79999924,61
MNE,me,"Montenegro","Europe & Central Asia","Upper middle income",2008,32.90000153,67
MNE,me,"Montenegro","Europe & Central Asia","Upper middle income",2009,35.09999847,68
MNE,me,"Montenegro","Europe & Central Asia","Upper middle income",2010,37.5,68
MNE,me,"Montenegro","Europe & Central Asia","Upper middle income",2011,35.6115412460109,87
MNE,me,"Montenegro","Europe & Central Asia","Upper middle income",2012,56.8387825490631,57
MNE,me,"Montenegro","Europe & Central Asia","Upper middle income",2013,60.31,57
MNE,me,"Montenegro","Europe & Central Asia","Upper middle income",2014,63.8868840056697,57
MNE,me,"Montenegro","Europe & Central Asia","Upper middle income",2015,68.1197860085679,58
MNE,me,"Montenegro","Europe & Central Asia","Upper middle income",2016,69.8816468416779,61
MNE,me,"Montenegro","Europe & Central Asia","Upper middle income",2017,71.2723325399382,59
MNE,me,"Montenegro","Europe & Central Asia","Upper middle income",2018,71.5171004874886,64
MNE,me,"Montenegro","Europe & Central Asia","Upper middle income",2019,73.4766657478691,72
MNE,me,"Montenegro","Europe & Central Asia","Upper middle income",2020,77.60879306,71
MNE,me,"Montenegro","Europe & Central Asia","Upper middle income",2021,82.21969752,64
MNE,me,"Montenegro","Europe & Central Asia","Upper middle income",2022,88.22192026,52
MNE,me,"Montenegro","Europe & Central Asia","Upper middle income",2023,88.5515976,56
LTU,lt,"Lithuania","Europe & Central Asia","High income",1990,0,20
LTU,lt,"Lithuania","Europe & Central Asia","High income",1991,,
LTU,lt,"Lithuania","Europe & Central Asia","High income",1992,,
LTU,lt,"Lithuania","Europe & Central Asia","High income",1993,,
LTU,lt,"Lithuania","Europe & Central Asia","High income",1994,,
LTU,lt,"Lithuania","Europe & Central Asia","High income",1995,,
LTU,lt,"Lithuania","Europe & Central Asia","High income",1996,0.277,67
LTU,lt,"Lithuania","Europe & Central Asia","High income",1997,0.978,60
LTU,lt,"Lithuania","Europe & Central Asia","High income",1998,1.97,59
LTU,lt,"Lithuania","Europe & Central Asia","High income",1999,2.92,62
LTU,lt,"Lithuania","Europe & Central Asia","High income",2000,6.42706749477765,57
LTU,lt,"Lithuania","Europe & Central Asia","High income",2001,7.17935699381369,63
LTU,lt,"Lithuania","Europe & Central Asia","High income",2002,17.69,50
LTU,lt,"Lithuania","Europe & Central Asia","High income",2003,25.91,39
LTU,lt,"Lithuania","Europe & Central Asia","High income",2004,31.23,39
LTU,lt,"Lithuania","Europe & Central Asia","High income",2005,36.22,38
LTU,lt,"Lithuania","Europe & Central Asia","High income",2006,43.9,39
LTU,lt,"Lithuania","Europe & Central Asia","High income",2007,49.9,37
LTU,lt,"Lithuania","Europe & Central Asia","High income",2008,55.22,37
LTU,lt,"Lithuania","Europe & Central Asia","High income",2009,59.76,35
LTU,lt,"Lithuania","Europe & Central Asia","High income",2010,62.12,38
LTU,lt,"Lithuania","Europe & Central Asia","High income",2011,63.6399774002179,41
LTU,lt,"Lithuania","Europe & Central Asia","High income",2012,67.2299893276414,41
LTU,lt,"Lithuania","Europe & Central Asia","High income",2013,68.4529,43
LTU,lt,"Lithuania","Europe & Central Asia","High income",2014,72.1335378644566,39
LTU,lt,"Lithuania","Europe & Central Asia","High income",2015,71.3780590101754,47
LTU,lt,"Lithuania","Europe & Central Asia","High income",2016,74.3766455618662,50
LTU,lt,"Lithuania","Europe & Central Asia","High income",2017,77.6152565124514,48
LTU,lt,"Lithuania","Europe & Central Asia","High income",2018,79.7225827680518,48
LTU,lt,"Lithuania","Europe & Central Asia","High income",2019,81.5818683764046,50
LTU,lt,"Lithuania","Europe & Central Asia","High income",2020,83.05554724,53
LTU,lt,"Lithuania","Europe & Central Asia","High income",2021,86.93054425,47
LTU,lt,"Lithuania","Europe & Central Asia","High income",2022,87.72420219,55
LTU,lt,"Lithuania","Europe & Central Asia","High income",2023,88.50287484,57
MKD,mk,"North Macedonia","Europe & Central Asia","Upper middle income",1990,0,20
MKD,mk,"North Macedonia","Europe & Central Asia","Upper middle income",1991,,
MKD,mk,"North Macedonia","Europe & Central Asia","Upper middle income",1992,,
MKD,mk,"North Macedonia","Europe & Central Asia","Upper middle income",1993,,
MKD,mk,"North Macedonia","Europe & Central Asia","Upper middle income",1994,,
MKD,mk,"North Macedonia","Europe & Central Asia","Upper middle income",1995,0.0407,72
MKD,mk,"North Macedonia","Europe & Central Asia","Upper middle income",1996,0.076,89
MKD,mk,"North Macedonia","Europe & Central Asia","Upper middle income",1997,0.504,71
MKD,mk,"North Macedonia","Europe & Central Asia","Upper middle income",1998,1,75
MKD,mk,"North Macedonia","Europe & Central Asia","Upper middle income",1999,1.5,81
MKD,mk,"North Macedonia","Europe & Central Asia","Upper middle income",2000,2.48556631640066,84
MKD,mk,"North Macedonia","Europe & Central Asia","Upper middle income",2001,3.46818460849398,84
MKD,mk,"North Macedonia","Europe & Central Asia","Upper middle income",2002,17.33,51
MKD,mk,"North Macedonia","Europe & Central Asia","Upper middle income",2003,19.07,56
MKD,mk,"North Macedonia","Europe & Central Asia","Upper middle income",2004,24.44,51
MKD,mk,"North Macedonia","Europe & Central Asia","Upper middle income",2005,26.45000076,50
MKD,mk,"North Macedonia","Europe & Central Asia","Upper middle income",2006,28.62,57
MKD,mk,"North Macedonia","Europe & Central Asia","Upper middle income",2007,36.29999924,51
MKD,mk,"North Macedonia","Europe & Central Asia","Upper middle income",2008,46.04,44
MKD,mk,"North Macedonia","Europe & Central Asia","Upper middle income",2009,51.77,44
MKD,mk,"North Macedonia","Europe & Central Asia","Upper middle income",2010,51.9,49
MKD,mk,"North Macedonia","Europe & Central Asia","Upper middle income",2011,56.7,49
MKD,mk,"North Macedonia","Europe & Central Asia","Upper middle income",2012,57.449947312961,56
MKD,mk,"North Macedonia","Europe & Central Asia","Upper middle income",2013,65.24,49
MKD,mk,"North Macedonia","Europe & Central Asia","Upper middle income",2014,68.0584815397496,48
MKD,mk,"North Macedonia","Europe & Central Asia","Upper middle income",2015,70.3802030766689,51
MKD,mk,"North Macedonia","Europe & Central Asia","Upper middle income",2016,72.1568144676058,54
MKD,mk,"North Macedonia","Europe & Central Asia","Upper middle income",2017,74.5168241807954,53
MKD,mk,"North Macedonia","Europe & Central Asia","Upper middle income",2018,79.1677551850871,49
MKD,mk,"North Macedonia","Europe & Central Asia","Upper middle income",2019,81.4128827618364,52
MKD,mk,"North Macedonia","Europe & Central Asia","Upper middle income",2020,81.40553811,56
MKD,mk,"North Macedonia","Europe & Central Asia","Upper middle income",2021,81.873703,67
MKD,mk,"North Macedonia","Europe & Central Asia","Upper middle income",2022,83.85030365,69
MKD,mk,"North Macedonia","Europe & Central Asia","Upper middle income",2023,88.5,58
KIR,ki,"Kiribati","East Asia & Pacific","Lower middle income",1990,0,20
KIR,ki,"Kiribati","East Asia & Pacific","Lower middle income",1991,,
KIR,ki,"Kiribati","East Asia & Pacific","Lower middle income",1992,,
KIR,ki,"Kiribati","East Asia & Pacific","Lower middle income",1993,,
KIR,ki,"Kiribati","East Asia & Pacific","Lower middle income",1994,,
KIR,ki,"Kiribati","East Asia & Pacific","Lower middle income",1995,,
KIR,ki,"Kiribati","East Asia & Pacific","Lower middle income",1996,,
KIR,ki,"Kiribati","East Asia & Pacific","Lower middle income",1997,,
KIR,ki,"Kiribati","East Asia & Pacific","Lower middle income",1998,0.617,83
KIR,ki,"Kiribati","East Asia & Pacific","Lower middle income",1999,1.21,83
KIR,ki,"Kiribati","East Asia & Pacific","Lower middle income",2000,1.78522547397736,93
KIR,ki,"Kiribati","East Asia & Pacific","Lower middle income",2001,2.33745894837722,96
KIR,ki,"Kiribati","East Asia & Pacific","Lower middle income",2002,2.5,108
KIR,ki,"Kiribati","East Asia & Pacific","Lower middle income",2003,3,108
KIR,ki,"Kiribati","East Asia & Pacific","Lower middle income",2004,3.5,117
KIR,ki,"Kiribati","East Asia & Pacific","Lower middle income",2005,4,119
KIR,ki,"Kiribati","East Asia & Pacific","Lower middle income",2006,4.5,128
KIR,ki,"Kiribati","East Asia & Pacific","Lower middle income",2007,6,122
KIR,ki,"Kiribati","East Asia & Pacific","Lower middle income",2008,7,124
KIR,ki,"Kiribati","East Asia & Pacific","Lower middle income",2009,8.97,120
KIR,ki,"Kiribati","East Asia & Pacific","Lower middle income",2010,9.07,121
KIR,ki,"Kiribati","East Asia & Pacific","Lower middle income",2011,10,129
KIR,ki,"Kiribati","East Asia & Pacific","Lower middle income",2012,10.74680042,138
KIR,ki,"Kiribati","East Asia & Pacific","Lower middle income",2013,11.5,137
KIR,ki,"Kiribati","East Asia & Pacific","Lower middle income",2014,12.25,143
KIR,ki,"Kiribati","East Asia & Pacific","Lower middle income",2015,14.89999962,146
KIR,ki,"Kiribati","East Asia & Pacific","Lower middle income",2016,19.41939926,146
KIR,ki,"Kiribati","East Asia & Pacific","Lower middle income",2017,25.30960083,141
KIR,ki,"Kiribati","East Asia & Pacific","Lower middle income",2018,32.9864006,133
KIR,ki,"Kiribati","East Asia & Pacific","Lower middle income",2019,41.79299927,135
KIR,ki,"Kiribati","East Asia & Pacific","Lower middle income",2020,52.95090103,130
KIR,ki,"Kiribati","East Asia & Pacific","Lower middle income",2021,67.08760071,111
KIR,ki,"Kiribati","East Asia & Pacific","Lower middle income",2022,84.99849701,61
KIR,ki,"Kiribati","East Asia & Pacific","Lower middle income",2023,88,59
SUR,sr,"Suriname","Latin America & Caribbean ","Upper middle income",1990,0,20
SUR,sr,"Suriname","Latin America & Caribbean ","Upper middle income",1991,,
SUR,sr,"Suriname","Latin America & Caribbean ","Upper middle income",1992,,
SUR,sr,"Suriname","Latin America & Caribbean ","Upper middle income",1993,,
SUR,sr,"Suriname","Latin America & Caribbean ","Upper middle income",1994,,
SUR,sr,"Suriname","Latin America & Caribbean ","Upper middle income",1995,0.115,57
SUR,sr,"Suriname","Latin America & Caribbean ","Upper middle income",1996,0.226,73
SUR,sr,"Suriname","Latin America & Caribbean ","Upper middle income",1997,1,57
SUR,sr,"Suriname","Latin America & Caribbean ","Upper middle income",1998,1.67,63
SUR,sr,"Suriname","Latin America & Caribbean ","Upper middle income",1999,1.89,78
SUR,sr,"Suriname","Latin America & Caribbean ","Upper middle income",2000,2.50641105226881,83
SUR,sr,"Suriname","Latin America & Caribbean ","Upper middle income",2001,3.06444838873752,85
SUR,sr,"Suriname","Latin America & Caribbean ","Upper middle income",2002,4.1615687449541,94
SUR,sr,"Suriname","Latin America & Caribbean ","Upper middle income",2003,4.71987539528956,94
SUR,sr,"Suriname","Latin America & Caribbean ","Upper middle income",2004,6.0760478144456,98
SUR,sr,"Suriname","Latin America & Caribbean ","Upper middle income",2005,6.40308628759062,103
SUR,sr,"Suriname","Latin America & Caribbean ","Upper middle income",2006,9.49960041,101
SUR,sr,"Suriname","Latin America & Caribbean ","Upper middle income",2007,14.11,95
SUR,sr,"Suriname","Latin America & Caribbean ","Upper middle income",2008,21.05999947,90
SUR,sr,"Suriname","Latin America & Caribbean ","Upper middle income",2009,31.36,75
SUR,sr,"Suriname","Latin America & Caribbean ","Upper middle income",2010,31.59,79
SUR,sr,"Suriname","Latin America & Caribbean ","Upper middle income",2011,32,94
SUR,sr,"Suriname","Latin America & Caribbean ","Upper middle income",2012,34.68119812,98
SUR,sr,"Suriname","Latin America & Caribbean ","Upper middle income",2013,37.40000153,97
SUR,sr,"Suriname","Latin America & Caribbean ","Upper middle income",2014,40.08000183,99
SUR,sr,"Suriname","Latin America & Caribbean ","Upper middle income",2015,42.76380157,101
SUR,sr,"Suriname","Latin America & Caribbean ","Upper middle income",2016,45.40000153,106
SUR,sr,"Suriname","Latin America & Caribbean ","Upper middle income",2017,48.94520187,110
SUR,sr,"Suriname","Latin America & Caribbean ","Upper middle income",2018,55.10210037,106
SUR,sr,"Suriname","Latin America & Caribbean ","Upper middle income",2019,62.03350067,104
SUR,sr,"Suriname","Latin America & Caribbean ","Upper middle income",2020,,
SUR,sr,"Suriname","Latin America & Caribbean ","Upper middle income",2021,,
SUR,sr,"Suriname","Latin America & Caribbean ","Upper middle income",2022,,
SUR,sr,"Suriname","Latin America & Caribbean ","Upper middle income",2023,87.4,60
SVK,sk,"Slovak Republic","Europe & Central Asia","High income",1990,0,20
SVK,sk,"Slovak Republic","Europe & Central Asia","High income",1991,,
SVK,sk,"Slovak Republic","Europe & Central Asia","High income",1992,,
SVK,sk,"Slovak Republic","Europe & Central Asia","High income",1993,0.128,30
SVK,sk,"Slovak Republic","Europe & Central Asia","High income",1994,0.319,30
SVK,sk,"Slovak Republic","Europe & Central Asia","High income",1995,0.523,36
SVK,sk,"Slovak Republic","Europe & Central Asia","High income",1996,0.783,51
SVK,sk,"Slovak Republic","Europe & Central Asia","High income",1997,1.17,55
SVK,sk,"Slovak Republic","Europe & Central Asia","High income",1998,2.69,51
SVK,sk,"Slovak Republic","Europe & Central Asia","High income",1999,5.44,44
SVK,sk,"Slovak Republic","Europe & Central Asia","High income",2000,9.42680320061637,41
SVK,sk,"Slovak Republic","Europe & Central Asia","High income",2001,12.5283218484637,44
SVK,sk,"Slovak Republic","Europe & Central Asia","High income",2002,40.14,22
SVK,sk,"Slovak Republic","Europe & Central Asia","High income",2003,43.04,23
SVK,sk,"Slovak Republic","Europe & Central Asia","High income",2004,52.89,22
SVK,sk,"Slovak Republic","Europe & Central Asia","High income",2005,55.19,23
SVK,sk,"Slovak Republic","Europe & Central Asia","High income",2006,56.08,24
SVK,sk,"Slovak Republic","Europe & Central Asia","High income",2007,61.8,26
SVK,sk,"Slovak Republic","Europe & Central Asia","High income",2008,66.05,26
SVK,sk,"Slovak Republic","Europe & Central Asia","High income",2009,70,24
SVK,sk,"Slovak Republic","Europe & Central Asia","High income",2010,75.71,19
SVK,sk,"Slovak Republic","Europe & Central Asia","High income",2011,74.4399971746757,26
SVK,sk,"Slovak Republic","Europe & Central Asia","High income",2012,76.7099901181121,26
SVK,sk,"Slovak Republic","Europe & Central Asia","High income",2013,77.8826,28
SVK,sk,"Slovak Republic","Europe & Central Asia","High income",2014,79.9843017656729,26
SVK,sk,"Slovak Republic","Europe & Central Asia","High income",2015,77.6346820339875,33
SVK,sk,"Slovak Republic","Europe & Central Asia","High income",2016,80.475857275668,34
SVK,sk,"Slovak Republic","Europe & Central Asia","High income",2017,81.6256675172655,35
SVK,sk,"Slovak Republic","Europe & Central Asia","High income",2018,80.4489224826099,45
SVK,sk,"Slovak Republic","Europe & Central Asia","High income",2019,82.8536605021784,46
SVK,sk,"Slovak Republic","Europe & Central Asia","High income",2020,89.92090413,33
SVK,sk,"Slovak Republic","Europe & Central Asia","High income",2021,88.92560523,39
SVK,sk,"Slovak Republic","Europe & Central Asia","High income",2022,89.06766196,47
SVK,sk,"Slovak Republic","Europe & Central Asia","High income",2023,87.2131343,61
ISR,il,"Israel","Middle East, North Africa, Afghanistan & Pakistan","High income",1990,0.111,11
ISR,il,"Israel","Middle East, North Africa, Afghanistan & Pakistan","High income",1991,0.215,11
ISR,il,"Israel","Middle East, North Africa, Afghanistan & Pakistan","High income",1992,0.311,15
ISR,il,"Israel","Middle East, North Africa, Afghanistan & Pakistan","High income",1993,0.399,21
ISR,il,"Israel","Middle East, North Africa, Afghanistan & Pakistan","High income",1994,0.577,24
ISR,il,"Israel","Middle East, North Africa, Afghanistan & Pakistan","High income",1995,0.93,29
ISR,il,"Israel","Middle East, North Africa, Afghanistan & Pakistan","High income",1996,2.17,27
ISR,il,"Israel","Middle East, North Africa, Afghanistan & Pakistan","High income",1997,4.4,23
ISR,il,"Israel","Middle East, North Africa, Afghanistan & Pakistan","High income",1998,10.3,19
ISR,il,"Israel","Middle East, North Africa, Afghanistan & Pakistan","High income",1999,13.4,26
ISR,il,"Israel","Middle East, North Africa, Afghanistan & Pakistan","High income",2000,20.8737899981674,28
ISR,il,"Israel","Middle East, North Africa, Afghanistan & Pakistan","High income",2001,17.3786238639049,37
ISR,il,"Israel","Middle East, North Africa, Afghanistan & Pakistan","High income",2002,17.7645990630493,48
ISR,il,"Israel","Middle East, North Africa, Afghanistan & Pakistan","High income",2003,19.5933936579649,54
ISR,il,"Israel","Middle East, North Africa, Afghanistan & Pakistan","High income",2004,22.7704855254035,56
ISR,il,"Israel","Middle East, North Africa, Afghanistan & Pakistan","High income",2005,25.19400024,54
ISR,il,"Israel","Middle East, North Africa, Afghanistan & Pakistan","High income",2006,27.8810997,60
ISR,il,"Israel","Middle East, North Africa, Afghanistan & Pakistan","High income",2007,48.1280621948445,39
ISR,il,"Israel","Middle East, North Africa, Afghanistan & Pakistan","High income",2008,59.39,34
ISR,il,"Israel","Middle East, North Africa, Afghanistan & Pakistan","High income",2009,63.12,32
ISR,il,"Israel","Middle East, North Africa, Afghanistan & Pakistan","High income",2010,67.5,32
ISR,il,"Israel","Middle East, North Africa, Afghanistan & Pakistan","High income",2011,68.8738779907441,33
ISR,il,"Israel","Middle East, North Africa, Afghanistan & Pakistan","High income",2012,70.8,34
ISR,il,"Israel","Middle East, North Africa, Afghanistan & Pakistan","High income",2013,70.250311945,41
ISR,il,"Israel","Middle East, North Africa, Afghanistan & Pakistan","High income",2014,75.0177531628076,34
ISR,il,"Israel","Middle East, North Africa, Afghanistan & Pakistan","High income",2015,77.3520896572253,35
ISR,il,"Israel","Middle East, North Africa, Afghanistan & Pakistan","High income",2016,79.6531241815281,37
ISR,il,"Israel","Middle East, North Africa, Afghanistan & Pakistan","High income",2017,81.5811835871611,36
ISR,il,"Israel","Middle East, North Africa, Afghanistan & Pakistan","High income",2018,83.7331569615326,35
ISR,il,"Israel","Middle East, North Africa, Afghanistan & Pakistan","High income",2019,86.7878776180583,35
ISR,il,"Israel","Middle East, North Africa, Afghanistan & Pakistan","High income",2020,90.12734091,32
ISR,il,"Israel","Middle East, North Africa, Afghanistan & Pakistan","High income",2021,90.29689758,36
ISR,il,"Israel","Middle East, North Africa, Afghanistan & Pakistan","High income",2022,91.85079615,34
ISR,il,"Israel","Middle East, North Africa, Afghanistan & Pakistan","High income",2023,87.03842615,62
ITA,it,"Italy","Europe & Central Asia","High income",1990,0.0175,17
ITA,it,"Italy","Europe & Central Asia","High income",1991,0.0351,22
ITA,it,"Italy","Europe & Central Asia","High income",1992,0.0701,26
ITA,it,"Italy","Europe & Central Asia","High income",1993,0.122,31
ITA,it,"Italy","Europe & Central Asia","High income",1994,0.192,35
ITA,it,"Italy","Europe & Central Asia","High income",1995,0.524,35
ITA,it,"Italy","Europe & Central Asia","High income",1996,1.02,40
ITA,it,"Italy","Europe & Central Asia","High income",1997,2.28,38
ITA,it,"Italy","Europe & Central Asia","High income",1998,4.56,35
ITA,it,"Italy","Europe & Central Asia","High income",1999,14.4,24
ITA,it,"Italy","Europe & Central Asia","High income",2000,23.1108742441037,25
ITA,it,"Italy","Europe & Central Asia","High income",2001,27.2221169788811,26
ITA,it,"Italy","Europe & Central Asia","High income",2002,28.04,30
ITA,it,"Italy","Europe & Central Asia","High income",2003,29.04,36
ITA,it,"Italy","Europe & Central Asia","High income",2004,33.24,35
ITA,it,"Italy","Europe & Central Asia","High income",2005,35,40
ITA,it,"Italy","Europe & Central Asia","High income",2006,37.99,45
ITA,it,"Italy","Europe & Central Asia","High income",2007,40.79,46
ITA,it,"Italy","Europe & Central Asia","High income",2008,44.53,46
ITA,it,"Italy","Europe & Central Asia","High income",2009,48.83,49
ITA,it,"Italy","Europe & Central Asia","High income",2010,53.68,44
ITA,it,"Italy","Europe & Central Asia","High income",2011,54.3899983018814,53
ITA,it,"Italy","Europe & Central Asia","High income",2012,55.829997993283,58
ITA,it,"Italy","Europe & Central Asia","High income",2013,58.4593,60
ITA,it,"Italy","Europe & Central Asia","High income",2014,55.6384602242293,68
ITA,it,"Italy","Europe & Central Asia","High income",2015,58.1417349568747,71
ITA,it,"Italy","Europe & Central Asia","High income",2016,61.3242527666303,71
ITA,it,"Italy","Europe & Central Asia","High income",2017,63.0773469984291,80
ITA,it,"Italy","Europe & Central Asia","High income",2018,74.3871829234822,58
ITA,it,"Italy","Europe & Central Asia","High income",2019,67.8507102874836,94
ITA,it,"Italy","Europe & Central Asia","High income",2020,70.48342785,96
ITA,it,"Italy","Europe & Central Asia","High income",2021,74.8623274,91
ITA,it,"Italy","Europe & Central Asia","High income",2022,85.06074504,60
ITA,it,"Italy","Europe & Central Asia","High income",2023,87.0278292,63
FRA,fr,"France","Europe & Central Asia","High income",1990,0.0528,14
FRA,fr,"France","Europe & Central Asia","High income",1991,0.14,15
FRA,fr,"France","Europe & Central Asia","High income",1992,0.279,17
FRA,fr,"France","Europe & Central Asia","High income",1993,0.591,13
FRA,fr,"France","Europe & Central Asia","High income",1994,0.9,20
FRA,fr,"France","Europe & Central Asia","High income",1995,1.64,20
FRA,fr,"France","Europe & Central Asia","High income",1996,2.58,25
FRA,fr,"France","Europe & Central Asia","High income",1997,4.26,25
FRA,fr,"France","Europe & Central Asia","High income",1998,6.32,33
FRA,fr,"France","Europe & Central Asia","High income",1999,9.13,33
FRA,fr,"France","Europe & Central Asia","High income",2000,14.3079239430677,34
FRA,fr,"France","Europe & Central Asia","High income",2001,26.3259035521688,28
FRA,fr,"France","Europe & Central Asia","High income",2002,30.18,26
FRA,fr,"France","Europe & Central Asia","High income",2003,36.14,27
FRA,fr,"France","Europe & Central Asia","High income",2004,39.15,29
FRA,fr,"France","Europe & Central Asia","High income",2005,42.87,29
FRA,fr,"France","Europe & Central Asia","High income",2006,46.87,36
FRA,fr,"France","Europe & Central Asia","High income",2007,66.09,22
FRA,fr,"France","Europe & Central Asia","High income",2008,70.68,18
FRA,fr,"France","Europe & Central Asia","High income",2009,71.58,21
FRA,fr,"France","Europe & Central Asia","High income",2010,77.28,17
FRA,fr,"France","Europe & Central Asia","High income",2011,77.8199989926706,22
FRA,fr,"France","Europe & Central Asia","High income",2012,81.44,19
FRA,fr,"France","Europe & Central Asia","High income",2013,81.9198,23
FRA,fr,"France","Europe & Central Asia","High income",2014,83.7510996681821,22
FRA,fr,"France","Europe & Central Asia","High income",2015,78.0060377071902,31
FRA,fr,"France","Europe & Central Asia","High income",2016,79.2698113207547,38
FRA,fr,"France","Europe & Central Asia","High income",2017,80.5024597243607,40
FRA,fr,"France","Europe & Central Asia","High income",2018,82.0431867788484,38
FRA,fr,"France","Europe & Central Asia","High income",2019,83.3397440866883,44
FRA,fr,"France","Europe & Central Asia","High income",2020,84.70639801,49
FRA,fr,"France","Europe & Central Asia","High income",2021,86.09548575,49
FRA,fr,"France","Europe & Central Asia","High income",2022,85.33331734,59
FRA,fr,"France","Europe & Central Asia","High income",2023,86.83635789,64
PSE,ps,"West Bank and Gaza","Middle East, North Africa, Afghanistan & Pakistan","Lower middle income",1990,0,20
PSE,ps,"West Bank and Gaza","Middle East, North Africa, Afghanistan & Pakistan","Lower middle income",1991,,
PSE,ps,"West Bank and Gaza","Middle East, North Africa, Afghanistan & Pakistan","Lower middle income",1992,,
PSE,ps,"West Bank and Gaza","Middle East, North Africa, Afghanistan & Pakistan","Lower middle income",1993,,
PSE,ps,"West Bank and Gaza","Middle East, North Africa, Afghanistan & Pakistan","Lower middle income",1994,,
PSE,ps,"West Bank and Gaza","Middle East, North Africa, Afghanistan & Pakistan","Lower middle income",1995,,
PSE,ps,"West Bank and Gaza","Middle East, North Africa, Afghanistan & Pakistan","Lower middle income",1996,,
PSE,ps,"West Bank and Gaza","Middle East, North Africa, Afghanistan & Pakistan","Lower middle income",1997,,
PSE,ps,"West Bank and Gaza","Middle East, North Africa, Afghanistan & Pakistan","Lower middle income",1998,,
PSE,ps,"West Bank and Gaza","Middle East, North Africa, Afghanistan & Pakistan","Lower middle income",1999,,
PSE,ps,"West Bank and Gaza","Middle East, North Africa, Afghanistan & Pakistan","Lower middle income",2000,1.11130620708969,106
PSE,ps,"West Bank and Gaza","Middle East, North Africa, Afghanistan & Pakistan","Lower middle income",2001,1.83685483917877,100
PSE,ps,"West Bank and Gaza","Middle East, North Africa, Afghanistan & Pakistan","Lower middle income",2002,3.10009223512517,101
PSE,ps,"West Bank and Gaza","Middle East, North Africa, Afghanistan & Pakistan","Lower middle income",2003,4.13061635632919,99
PSE,ps,"West Bank and Gaza","Middle East, North Africa, Afghanistan & Pakistan","Lower middle income",2004,4.40090482603223,109
PSE,ps,"West Bank and Gaza","Middle East, North Africa, Afghanistan & Pakistan","Lower middle income",2005,16.00499916,71
PSE,ps,"West Bank and Gaza","Middle East, North Africa, Afghanistan & Pakistan","Lower middle income",2006,18.41,76
PSE,ps,"West Bank and Gaza","Middle East, North Africa, Afghanistan & Pakistan","Lower middle income",2007,21.1760006,76
PSE,ps,"West Bank and Gaza","Middle East, North Africa, Afghanistan & Pakistan","Lower middle income",2008,24.3579998,78
PSE,ps,"West Bank and Gaza","Middle East, North Africa, Afghanistan & Pakistan","Lower middle income",2009,32.23,73
PSE,ps,"West Bank and Gaza","Middle East, North Africa, Afghanistan & Pakistan","Lower middle income",2010,37.40000153,69
PSE,ps,"West Bank and Gaza","Middle East, North Africa, Afghanistan & Pakistan","Lower middle income",2011,41.08000183,75
PSE,ps,"West Bank and Gaza","Middle East, North Africa, Afghanistan & Pakistan","Lower middle income",2012,43.4,80
PSE,ps,"West Bank and Gaza","Middle East, North Africa, Afghanistan & Pakistan","Lower middle income",2013,46.59999847,77
PSE,ps,"West Bank and Gaza","Middle East, North Africa, Afghanistan & Pakistan","Lower middle income",2014,53.6651997924171,74
PSE,ps,"West Bank and Gaza","Middle East, North Africa, Afghanistan & Pakistan","Lower middle income",2015,56.70000076,77
PSE,ps,"West Bank and Gaza","Middle East, North Africa, Afghanistan & Pakistan","Lower middle income",2016,59.90000153,75
PSE,ps,"West Bank and Gaza","Middle East, North Africa, Afghanistan & Pakistan","Lower middle income",2017,63.29999924,79
PSE,ps,"West Bank and Gaza","Middle East, North Africa, Afghanistan & Pakistan","Lower middle income",2018,64.3999937114499,85
PSE,ps,"West Bank and Gaza","Middle East, North Africa, Afghanistan & Pakistan","Lower middle income",2019,70.6225837001758,79
PSE,ps,"West Bank and Gaza","Middle East, North Africa, Afghanistan & Pakistan","Lower middle income",2020,76.18160248,77
PSE,ps,"West Bank and Gaza","Middle East, North Africa, Afghanistan & Pakistan","Lower middle income",2021,,
PSE,ps,"West Bank and Gaza","Middle East, North Africa, Afghanistan & Pakistan","Lower middle income",2022,88.64690554,49
PSE,ps,"West Bank and Gaza","Middle East, North Africa, Afghanistan & Pakistan","Lower middle income",2023,86.63765334,65
POL,pl,"Poland","Europe & Central Asia","High income",1990,0,20
POL,pl,"Poland","Europe & Central Asia","High income",1991,0.00523,27
POL,pl,"Poland","Europe & Central Asia","High income",1992,0.0521,28
POL,pl,"Poland","Europe & Central Asia","High income",1993,0.13,29
POL,pl,"Poland","Europe & Central Asia","High income",1994,0.389,28
POL,pl,"Poland","Europe & Central Asia","High income",1995,0.648,33
POL,pl,"Poland","Europe & Central Asia","High income",1996,1.3,37
POL,pl,"Poland","Europe & Central Asia","High income",1997,2.07,41
POL,pl,"Poland","Europe & Central Asia","High income",1998,4.1,37
POL,pl,"Poland","Europe & Central Asia","High income",1999,5.46,43
POL,pl,"Poland","Europe & Central Asia","High income",2000,7.2854287080601,49
POL,pl,"Poland","Europe & Central Asia","High income",2001,9.9006697073534,51
POL,pl,"Poland","Europe & Central Asia","High income",2002,21.15,40
POL,pl,"Poland","Europe & Central Asia","High income",2003,24.87,42
POL,pl,"Poland","Europe & Central Asia","High income",2004,32.53,36
POL,pl,"Poland","Europe & Central Asia","High income",2005,38.81,34
POL,pl,"Poland","Europe & Central Asia","High income",2006,44.58,38
POL,pl,"Poland","Europe & Central Asia","High income",2007,48.6,38
POL,pl,"Poland","Europe & Central Asia","High income",2008,53.13,39
POL,pl,"Poland","Europe & Central Asia","High income",2009,58.97,36
POL,pl,"Poland","Europe & Central Asia","High income",2010,62.32,37
POL,pl,"Poland","Europe & Central Asia","High income",2011,61.94999896898,43
POL,pl,"Poland","Europe & Central Asia","High income",2012,62.3099972714691,45
POL,pl,"Poland","Europe & Central Asia","High income",2013,62.8492,54
POL,pl,"Poland","Europe & Central Asia","High income",2014,66.5987360557248,51
POL,pl,"Poland","Europe & Central Asia","High income",2015,67.9969871556415,60
POL,pl,"Poland","Europe & Central Asia","High income",2016,73.3007040962669,51
POL,pl,"Poland","Europe & Central Asia","High income",2017,75.9853659493832,52
POL,pl,"Poland","Europe & Central Asia","High income",2018,77.5417345350006,53
POL,pl,"Poland","Europe & Central Asia","High income",2019,80.4359068768673,56
POL,pl,"Poland","Europe & Central Asia","High income",2020,83.18488715,52
POL,pl,"Poland","Europe & Central Asia","High income",2021,85.37490906,53
POL,pl,"Poland","Europe & Central Asia","High income",2022,86.94113479,56
POL,pl,"Poland","Europe & Central Asia","High income",2023,86.414744,66
DOM,do,"Dominican Republic","Latin America & Caribbean ","Upper middle income",1990,0,20
DOM,do,"Dominican Republic","Latin America & Caribbean ","Upper middle income",1991,,
DOM,do,"Dominican Republic","Latin America & Caribbean ","Upper middle income",1992,,
DOM,do,"Dominican Republic","Latin America & Caribbean ","Upper middle income",1993,,
DOM,do,"Dominican Republic","Latin America & Caribbean ","Upper middle income",1994,,
DOM,do,"Dominican Republic","Latin America & Caribbean ","Upper middle income",1995,0.0172,82
DOM,do,"Dominican Republic","Latin America & Caribbean ","Upper middle income",1996,0.075,90
DOM,do,"Dominican Republic","Latin America & Caribbean ","Upper middle income",1997,0.143,93
DOM,do,"Dominican Republic","Latin America & Caribbean ","Upper middle income",1998,0.234,98
DOM,do,"Dominican Republic","Latin America & Caribbean ","Upper middle income",1999,1.1,86
DOM,do,"Dominican Republic","Latin America & Caribbean ","Upper middle income",2000,3.70469235587688,73
DOM,do,"Dominican Republic","Latin America & Caribbean ","Upper middle income",2001,4.42939069666645,80
DOM,do,"Dominican Republic","Latin America & Caribbean ","Upper middle income",2002,6.8237257325842,76
DOM,do,"Dominican Republic","Latin America & Caribbean ","Upper middle income",2003,7.89839293716387,79
DOM,do,"Dominican Republic","Latin America & Caribbean ","Upper middle income",2004,8.8655534607044,87
DOM,do,"Dominican Republic","Latin America & Caribbean ","Upper middle income",2005,11.4831977789344,87
DOM,do,"Dominican Republic","Latin America & Caribbean ","Upper middle income",2006,14.8449283654589,88
DOM,do,"Dominican Republic","Latin America & Caribbean ","Upper middle income",2007,17.66,87
DOM,do,"Dominican Republic","Latin America & Caribbean ","Upper middle income",2008,20.82,92
DOM,do,"Dominican Republic","Latin America & Caribbean ","Upper middle income",2009,27.72,80
DOM,do,"Dominican Republic","Latin America & Caribbean ","Upper middle income",2010,31.39999962,80
DOM,do,"Dominican Republic","Latin America & Caribbean ","Upper middle income",2011,38,82
DOM,do,"Dominican Republic","Latin America & Caribbean ","Upper middle income",2012,42.32,81
DOM,do,"Dominican Republic","Latin America & Caribbean ","Upper middle income",2013,45.9,81
DOM,do,"Dominican Republic","Latin America & Caribbean ","Upper middle income",2014,49.58000183,82
DOM,do,"Dominican Republic","Latin America & Caribbean ","Upper middle income",2015,54.2157663369785,84
DOM,do,"Dominican Republic","Latin America & Caribbean ","Upper middle income",2016,63.8708647408206,70
DOM,do,"Dominican Republic","Latin America & Caribbean ","Upper middle income",2017,67.5712453277737,68
DOM,do,"Dominican Republic","Latin America & Caribbean ","Upper middle income",2018,74.8220483597284,56
DOM,do,"Dominican Republic","Latin America & Caribbean ","Upper middle income",2019,79.71549988,59
DOM,do,"Dominican Republic","Latin America & Caribbean ","Upper middle income",2020,81.61730194,55
DOM,do,"Dominican Republic","Latin America & Caribbean ","Upper middle income",2021,85.24298638,55
DOM,do,"Dominican Republic","Latin America & Caribbean ","Upper middle income",2022,81.51269675,80
DOM,do,"Dominican Republic","Latin America & Caribbean ","Upper middle income",2023,86.12689972,67
SYC,sc,"Seychelles","Sub-Saharan Africa ","High income",1990,0,20
SYC,sc,"Seychelles","Sub-Saharan Africa ","High income",1991,,
SYC,sc,"Seychelles","Sub-Saharan Africa ","High income",1992,,
SYC,sc,"Seychelles","Sub-Saharan Africa ","High income",1993,,
SYC,sc,"Seychelles","Sub-Saharan Africa ","High income",1994,,
SYC,sc,"Seychelles","Sub-Saharan Africa ","High income",1995,,
SYC,sc,"Seychelles","Sub-Saharan Africa ","High income",1996,0.651,57
SYC,sc,"Seychelles","Sub-Saharan Africa ","High income",1997,1.28,52
SYC,sc,"Seychelles","Sub-Saharan Africa ","High income",1998,2.53,54
SYC,sc,"Seychelles","Sub-Saharan Africa ","High income",1999,6.23,40
SYC,sc,"Seychelles","Sub-Saharan Africa ","High income",2000,7.39562918315276,48
SYC,sc,"Seychelles","Sub-Saharan Africa ","High income",2001,11.0151029300174,49
SYC,sc,"Seychelles","Sub-Saharan Africa ","High income",2002,14.3041708309972,57
SYC,sc,"Seychelles","Sub-Saharan Africa ","High income",2003,14.5925043169492,61
SYC,sc,"Seychelles","Sub-Saharan Africa ","High income",2004,24.2721392249906,52
SYC,sc,"Seychelles","Sub-Saharan Africa ","High income",2005,25.4132681462836,53
SYC,sc,"Seychelles","Sub-Saharan Africa ","High income",2006,34.95197117065,48
SYC,sc,"Seychelles","Sub-Saharan Africa ","High income",2007,38.38,49
SYC,sc,"Seychelles","Sub-Saharan Africa ","High income",2008,40.44,53
SYC,sc,"Seychelles","Sub-Saharan Africa ","High income",2009,,
SYC,sc,"Seychelles","Sub-Saharan Africa ","High income",2010,41,62
SYC,sc,"Seychelles","Sub-Saharan Africa ","High income",2011,43.16400146,71
SYC,sc,"Seychelles","Sub-Saharan Africa ","High income",2012,47.07600021,74
SYC,sc,"Seychelles","Sub-Saharan Africa ","High income",2013,50.40000153,73
SYC,sc,"Seychelles","Sub-Saharan Africa ","High income",2014,51.25469971,79
SYC,sc,"Seychelles","Sub-Saharan Africa ","High income",2015,54.25960159,82
SYC,sc,"Seychelles","Sub-Saharan Africa ","High income",2016,56.51470184,86
SYC,sc,"Seychelles","Sub-Saharan Africa ","High income",2017,62.55310059,81
SYC,sc,"Seychelles","Sub-Saharan Africa ","High income",2018,69.23660278,74
SYC,sc,"Seychelles","Sub-Saharan Africa ","High income",2019,76.63420105,63
SYC,sc,"Seychelles","Sub-Saharan Africa ","High income",2020,79.25170135,60
SYC,sc,"Seychelles","Sub-Saharan Africa ","High income",2021,81.99530029,65
SYC,sc,"Seychelles","Sub-Saharan Africa ","High income",2022,84.83380127,63
SYC,sc,"Seychelles","Sub-Saharan Africa ","High income",2023,86.001297,68
CZE,cz,"Czechia","Europe & Central Asia","High income",1990,0,20
CZE,cz,"Czechia","Europe & Central Asia","High income",1991,,
CZE,cz,"Czechia","Europe & Central Asia","High income",1992,,
CZE,cz,"Czechia","Europe & Central Asia","High income",1993,0.581,14
CZE,cz,"Czechia","Europe & Central Asia","High income",1994,1.26,14
CZE,cz,"Czechia","Europe & Central Asia","High income",1995,1.45,23
CZE,cz,"Czechia","Europe & Central Asia","High income",1996,1.94,29
CZE,cz,"Czechia","Europe & Central Asia","High income",1997,2.92,34
CZE,cz,"Czechia","Europe & Central Asia","High income",1998,3.9,39
CZE,cz,"Czechia","Europe & Central Asia","High income",1999,6.83,39
CZE,cz,"Czechia","Europe & Central Asia","High income",2000,9.78052788834393,40
CZE,cz,"Czechia","Europe & Central Asia","High income",2001,14.6971721171129,40
CZE,cz,"Czechia","Europe & Central Asia","High income",2002,23.93,35
CZE,cz,"Czechia","Europe & Central Asia","High income",2003,34.3,30
CZE,cz,"Czechia","Europe & Central Asia","High income",2004,35.5,32
CZE,cz,"Czechia","Europe & Central Asia","High income",2005,35.27,39
CZE,cz,"Czechia","Europe & Central Asia","High income",2006,47.93,34
CZE,cz,"Czechia","Europe & Central Asia","High income",2007,51.93,35
CZE,cz,"Czechia","Europe & Central Asia","High income",2008,62.97,30
CZE,cz,"Czechia","Europe & Central Asia","High income",2009,64.43,30
CZE,cz,"Czechia","Europe & Central Asia","High income",2010,68.82,29
CZE,cz,"Czechia","Europe & Central Asia","High income",2011,70.49,29
CZE,cz,"Czechia","Europe & Central Asia","High income",2012,73.4300078241036,28
CZE,cz,"Czechia","Europe & Central Asia","High income",2013,74.1104,32
CZE,cz,"Czechia","Europe & Central Asia","High income",2014,74.2317116367383,36
CZE,cz,"Czechia","Europe & Central Asia","High income",2015,75.668838699279,39
CZE,cz,"Czechia","Europe & Central Asia","High income",2016,76.4811986951838,44
CZE,cz,"Czechia","Europe & Central Asia","High income",2017,78.7191728513432,46
CZE,cz,"Czechia","Europe & Central Asia","High income",2018,80.6881675434288,44
CZE,cz,"Czechia","Europe & Central Asia","High income",2019,80.8669444139622,55
CZE,cz,"Czechia","Europe & Central Asia","High income",2020,81.33889705,58
CZE,cz,"Czechia","Europe & Central Asia","High income",2021,82.67062427,60
CZE,cz,"Czechia","Europe & Central Asia","High income",2022,84.54009378,64
CZE,cz,"Czechia","Europe & Central Asia","High income",2023,85.99404818,69
TUR,tr,"Turkiye","Europe & Central Asia","Upper middle income",1990,0,20
TUR,tr,"Turkiye","Europe & Central Asia","Upper middle income",1991,,
TUR,tr,"Turkiye","Europe & Central Asia","Upper middle income",1992,,
TUR,tr,"Turkiye","Europe & Central Asia","Upper middle income",1993,0.00846,45
TUR,tr,"Turkiye","Europe & Central Asia","Upper middle income",1994,0.0499,44
TUR,tr,"Turkiye","Europe & Central Asia","Upper middle income",1995,0.0817,62
TUR,tr,"Turkiye","Europe & Central Asia","Upper middle income",1996,0.193,78
TUR,tr,"Turkiye","Europe & Central Asia","Upper middle income",1997,0.474,73
TUR,tr,"Turkiye","Europe & Central Asia","Upper middle income",1998,0.699,80
TUR,tr,"Turkiye","Europe & Central Asia","Upper middle income",1999,2.29,74
TUR,tr,"Turkiye","Europe & Central Asia","Upper middle income",2000,3.761685035075,71
TUR,tr,"Turkiye","Europe & Central Asia","Upper middle income",2001,5.18948146078506,71
TUR,tr,"Turkiye","Europe & Central Asia","Upper middle income",2002,11.38,61
TUR,tr,"Turkiye","Europe & Central Asia","Upper middle income",2003,12.33,65
TUR,tr,"Turkiye","Europe & Central Asia","Upper middle income",2004,14.58,70
TUR,tr,"Turkiye","Europe & Central Asia","Upper middle income",2005,15.46,72
TUR,tr,"Turkiye","Europe & Central Asia","Upper middle income",2006,18.24,77
TUR,tr,"Turkiye","Europe & Central Asia","Upper middle income",2007,28.63,63
TUR,tr,"Turkiye","Europe & Central Asia","Upper middle income",2008,34.37,63
TUR,tr,"Turkiye","Europe & Central Asia","Upper middle income",2009,36.4,67
TUR,tr,"Turkiye","Europe & Central Asia","Upper middle income",2010,39.82,67
TUR,tr,"Turkiye","Europe & Central Asia","Upper middle income",2011,43.065710430925,72
TUR,tr,"Turkiye","Europe & Central Asia","Upper middle income",2012,45.13,78
TUR,tr,"Turkiye","Europe & Central Asia","Upper middle income",2013,46.25,79
TUR,tr,"Turkiye","Europe & Central Asia","Upper middle income",2014,51.0373665521645,80
TUR,tr,"Turkiye","Europe & Central Asia","Upper middle income",2015,53.7449791423583,85
TUR,tr,"Turkiye","Europe & Central Asia","Upper middle income",2016,58.3477340145685,82
TUR,tr,"Turkiye","Europe & Central Asia","Upper middle income",2017,64.6846176835371,74
TUR,tr,"Turkiye","Europe & Central Asia","Upper middle income",2018,71.0427608433809,65
TUR,tr,"Turkiye","Europe & Central Asia","Upper middle income",2019,73.9767022871511,69
TUR,tr,"Turkiye","Europe & Central Asia","Upper middle income",2020,77.6695605,70
TUR,tr,"Turkiye","Europe & Central Asia","Upper middle income",2021,81.40843745,70
TUR,tr,"Turkiye","Europe & Central Asia","Upper middle income",2022,83.43716576,71
TUR,tr,"Turkiye","Europe & Central Asia","Upper middle income",2023,85.96074155,70
PRT,pt,"Portugal","Europe & Central Asia","High income",1990,0,20
PRT,pt,"Portugal","Europe & Central Asia","High income",1991,0.1,17
PRT,pt,"Portugal","Europe & Central Asia","High income",1992,0.25,19
PRT,pt,"Portugal","Europe & Central Asia","High income",1993,0.45,18
PRT,pt,"Portugal","Europe & Central Asia","High income",1994,0.719,22
PRT,pt,"Portugal","Europe & Central Asia","High income",1995,1.49,22
PRT,pt,"Portugal","Europe & Central Asia","High income",1996,2.98,22
PRT,pt,"Portugal","Europe & Central Asia","High income",1997,4.95,20
PRT,pt,"Portugal","Europe & Central Asia","High income",1998,9.87,22
PRT,pt,"Portugal","Europe & Central Asia","High income",1999,14.7,22
PRT,pt,"Portugal","Europe & Central Asia","High income",2000,16.4304676923534,31
PRT,pt,"Portugal","Europe & Central Asia","High income",2001,18.0871365595338,35
PRT,pt,"Portugal","Europe & Central Asia","High income",2002,19.37,44
PRT,pt,"Portugal","Europe & Central Asia","High income",2003,29.67,34
PRT,pt,"Portugal","Europe & Central Asia","High income",2004,31.78,37
PRT,pt,"Portugal","Europe & Central Asia","High income",2005,34.99,41
PRT,pt,"Portugal","Europe & Central Asia","High income",2006,38.01,44
PRT,pt,"Portugal","Europe & Central Asia","High income",2007,42.09,44
PRT,pt,"Portugal","Europe & Central Asia","High income",2008,44.13,49
PRT,pt,"Portugal","Europe & Central Asia","High income",2009,48.27,50
PRT,pt,"Portugal","Europe & Central Asia","High income",2010,53.3,45
PRT,pt,"Portugal","Europe & Central Asia","High income",2011,55.2499968797194,51
PRT,pt,"Portugal","Europe & Central Asia","High income",2012,60.3399974868057,51
PRT,pt,"Portugal","Europe & Central Asia","High income",2013,62.0956,55
PRT,pt,"Portugal","Europe & Central Asia","High income",2014,64.5924200648949,56
PRT,pt,"Portugal","Europe & Central Asia","High income",2015,68.6328614804299,57
PRT,pt,"Portugal","Europe & Central Asia","High income",2016,70.423567088723,59
PRT,pt,"Portugal","Europe & Central Asia","High income",2017,73.7912139515729,56
PRT,pt,"Portugal","Europe & Central Asia","High income",2018,74.6609681487507,57
PRT,pt,"Portugal","Europe & Central Asia","High income",2019,75.3463779408712,65
PRT,pt,"Portugal","Europe & Central Asia","High income",2020,78.26166044,66
PRT,pt,"Portugal","Europe & Central Asia","High income",2021,82.30902804,63
PRT,pt,"Portugal","Europe & Central Asia","High income",2022,84.49690644,65
PRT,pt,"Portugal","Europe & Central Asia","High income",2023,85.79012676,71
CRI,cr,"Costa Rica","Latin America & Caribbean ","High income",1990,0,20
CRI,cr,"Costa Rica","Latin America & Caribbean ","High income",1991,,
CRI,cr,"Costa Rica","Latin America & Caribbean ","High income",1992,0.00111,39
CRI,cr,"Costa Rica","Latin America & Caribbean ","High income",1993,0.0815,35
CRI,cr,"Costa Rica","Latin America & Caribbean ","High income",1994,0.28,32
CRI,cr,"Costa Rica","Latin America & Caribbean ","High income",1995,0.417,38
CRI,cr,"Costa Rica","Latin America & Caribbean ","High income",1996,0.841,49
CRI,cr,"Costa Rica","Latin America & Caribbean ","High income",1997,1.64,47
CRI,cr,"Costa Rica","Latin America & Caribbean ","High income",1998,2.67,52
CRI,cr,"Costa Rica","Latin America & Caribbean ","High income",1999,3.9,57
CRI,cr,"Costa Rica","Latin America & Caribbean ","High income",2000,5.80025302331829,62
CRI,cr,"Costa Rica","Latin America & Caribbean ","High income",2001,9.55948213497093,53
CRI,cr,"Costa Rica","Latin America & Caribbean ","High income",2002,19.8948511346293,43
CRI,cr,"Costa Rica","Latin America & Caribbean ","High income",2003,20.3336148143541,51
CRI,cr,"Costa Rica","Latin America & Caribbean ","High income",2004,20.7923067055542,61
CRI,cr,"Costa Rica","Latin America & Caribbean ","High income",2005,22.07,58
CRI,cr,"Costa Rica","Latin America & Caribbean ","High income",2006,25.10000038,65
CRI,cr,"Costa Rica","Latin America & Caribbean ","High income",2007,28.39999962,64
CRI,cr,"Costa Rica","Latin America & Caribbean ","High income",2008,32.29,69
CRI,cr,"Costa Rica","Latin America & Caribbean ","High income",2009,34.33,69
CRI,cr,"Costa Rica","Latin America & Caribbean ","High income",2010,36.5,71
CRI,cr,"Costa Rica","Latin America & Caribbean ","High income",2011,39.2121959961842,80
CRI,cr,"Costa Rica","Latin America & Caribbean ","High income",2012,47.5,73
CRI,cr,"Costa Rica","Latin America & Caribbean ","High income",2013,45.96,80
CRI,cr,"Costa Rica","Latin America & Caribbean ","High income",2014,53,76
CRI,cr,"Costa Rica","Latin America & Caribbean ","High income",2015,59.7629501371681,68
CRI,cr,"Costa Rica","Latin America & Caribbean ","High income",2016,65.8804491942718,68
CRI,cr,"Costa Rica","Latin America & Caribbean ","High income",2017,71.5816646195022,58
CRI,cr,"Costa Rica","Latin America & Caribbean ","High income",2018,73.4797284369906,59
CRI,cr,"Costa Rica","Latin America & Caribbean ","High income",2019,81.2025964435269,53
CRI,cr,"Costa Rica","Latin America & Caribbean ","High income",2020,80.53018608,59
CRI,cr,"Costa Rica","Latin America & Caribbean ","High income",2021,82.74901607,59
CRI,cr,"Costa Rica","Latin America & Caribbean ","High income",2022,82.59801121,75
CRI,cr,"Costa Rica","Latin America & Caribbean ","High income",2023,85.39514799,72
SRB,rs,"Serbia","Europe & Central Asia","Upper middle income",1990,,
SRB,rs,"Serbia","Europe & Central Asia","Upper middle income",1991,,
SRB,rs,"Serbia","Europe & Central Asia","Upper middle income",1992,,
SRB,rs,"Serbia","Europe & Central Asia","Upper middle income",1993,,
SRB,rs,"Serbia","Europe & Central Asia","Upper middle income",1994,,
SRB,rs,"Serbia","Europe & Central Asia","Upper middle income",1995,,
SRB,rs,"Serbia","Europe & Central Asia","Upper middle income",1996,,
SRB,rs,"Serbia","Europe & Central Asia","Upper middle income",1997,,
SRB,rs,"Serbia","Europe & Central Asia","Upper middle income",1998,,
SRB,rs,"Serbia","Europe & Central Asia","Upper middle income",1999,,
SRB,rs,"Serbia","Europe & Central Asia","Upper middle income",2000,,
SRB,rs,"Serbia","Europe & Central Asia","Upper middle income",2001,,
SRB,rs,"Serbia","Europe & Central Asia","Upper middle income",2002,,
SRB,rs,"Serbia","Europe & Central Asia","Upper middle income",2003,,
SRB,rs,"Serbia","Europe & Central Asia","Upper middle income",2004,23.5,54
SRB,rs,"Serbia","Europe & Central Asia","Upper middle income",2005,26.29999924,51
SRB,rs,"Serbia","Europe & Central Asia","Upper middle income",2006,27.2,61
SRB,rs,"Serbia","Europe & Central Asia","Upper middle income",2007,33.15,57
SRB,rs,"Serbia","Europe & Central Asia","Upper middle income",2008,35.6,60
SRB,rs,"Serbia","Europe & Central Asia","Upper middle income",2009,38.1,63
SRB,rs,"Serbia","Europe & Central Asia","Upper middle income",2010,40.9,63
SRB,rs,"Serbia","Europe & Central Asia","Upper middle income",2011,42.2,74
SRB,rs,"Serbia","Europe & Central Asia","Upper middle income",2012,48.09999847,72
SRB,rs,"Serbia","Europe & Central Asia","Upper middle income",2013,53.450364175,67
SRB,rs,"Serbia","Europe & Central Asia","Upper middle income",2014,62.0750804639377,61
SRB,rs,"Serbia","Europe & Central Asia","Upper middle income",2015,65.3170254003801,63
SRB,rs,"Serbia","Europe & Central Asia","Upper middle income",2016,67.0568413716938,64
SRB,rs,"Serbia","Europe & Central Asia","Upper middle income",2017,70.3308355269141,63
SRB,rs,"Serbia","Europe & Central Asia","Upper middle income",2018,73.360709154564,60
SRB,rs,"Serbia","Europe & Central Asia","Upper middle income",2019,77.4167736219802,62
SRB,rs,"Serbia","Europe & Central Asia","Upper middle income",2020,78.36804864,64
SRB,rs,"Serbia","Europe & Central Asia","Upper middle income",2021,81.16588116,72
SRB,rs,"Serbia","Europe & Central Asia","Upper middle income",2022,83.53825397,70
SRB,rs,"Serbia","Europe & Central Asia","Upper middle income",2023,85.35746686,73
GRC,gr,"Greece","Europe & Central Asia","High income",1990,0,20
GRC,gr,"Greece","Europe & Central Asia","High income",1991,0.0488,19
GRC,gr,"Greece","Europe & Central Asia","High income",1992,0.0483,31
GRC,gr,"Greece","Europe & Central Asia","High income",1993,0.191,28
GRC,gr,"Greece","Europe & Central Asia","High income",1994,0.378,29
GRC,gr,"Greece","Europe & Central Asia","High income",1995,0.75,31
GRC,gr,"Greece","Europe & Central Asia","High income",1996,1.4,35
GRC,gr,"Greece","Europe & Central Asia","High income",1997,1.85,44
GRC,gr,"Greece","Europe & Central Asia","High income",1998,3.22,45
GRC,gr,"Greece","Europe & Central Asia","High income",1999,6.88,38
GRC,gr,"Greece","Europe & Central Asia","High income",2000,9.13883730776798,42
GRC,gr,"Greece","Europe & Central Asia","High income",2001,10.9350258080278,50
GRC,gr,"Greece","Europe & Central Asia","High income",2002,14.67,55
GRC,gr,"Greece","Europe & Central Asia","High income",2003,17.8,58
GRC,gr,"Greece","Europe & Central Asia","High income",2004,21.42,59
GRC,gr,"Greece","Europe & Central Asia","High income",2005,24,57
GRC,gr,"Greece","Europe & Central Asia","High income",2006,32.25,50
GRC,gr,"Greece","Europe & Central Asia","High income",2007,35.88,53
GRC,gr,"Greece","Europe & Central Asia","High income",2008,38.2,56
GRC,gr,"Greece","Europe & Central Asia","High income",2009,42.4,54
GRC,gr,"Greece","Europe & Central Asia","High income",2010,44.4,58
GRC,gr,"Greece","Europe & Central Asia","High income",2011,51.6499951676815,57
GRC,gr,"Greece","Europe & Central Asia","High income",2012,55.0699934418411,61
GRC,gr,"Greece","Europe & Central Asia","High income",2013,59.8663,59
GRC,gr,"Greece","Europe & Central Asia","High income",2014,63.2073404784561,59
GRC,gr,"Greece","Europe & Central Asia","High income",2015,66.8349594911035,61
GRC,gr,"Greece","Europe & Central Asia","High income",2016,69.0879154723892,62
GRC,gr,"Greece","Europe & Central Asia","High income",2017,69.8929706543154,65
GRC,gr,"Greece","Europe & Central Asia","High income",2018,72.2383733920483,63
GRC,gr,"Greece","Europe & Central Asia","High income",2019,75.6712066931757,64
GRC,gr,"Greece","Europe & Central Asia","High income",2020,78.11584474,67
GRC,gr,"Greece","Europe & Central Asia","High income",2021,78.49426371,79
GRC,gr,"Greece","Europe & Central Asia","High income",2022,83.17066333,73
GRC,gr,"Greece","Europe & Central Asia","High income",2023,85.0102229,74
JPN,jp,"Japan","East Asia & Pacific","High income",1990,0.0203,16
JPN,jp,"Japan","East Asia & Pacific","High income",1991,0.0404,21
JPN,jp,"Japan","East Asia & Pacific","High income",1992,0.0967,24
JPN,jp,"Japan","East Asia & Pacific","High income",1993,0.401,20
JPN,jp,"Japan","East Asia & Pacific","High income",1994,0.8,21
JPN,jp,"Japan","East Asia & Pacific","High income",1995,1.59,21
JPN,jp,"Japan","East Asia & Pacific","High income",1996,4.37,16
JPN,jp,"Japan","East Asia & Pacific","High income",1997,9.16,14
JPN,jp,"Japan","East Asia & Pacific","High income",1998,13.4,16
JPN,jp,"Japan","East Asia & Pacific","High income",1999,21.4,16
JPN,jp,"Japan","East Asia & Pacific","High income",2000,29.9907403589142,19
JPN,jp,"Japan","East Asia & Pacific","High income",2001,38.5320608612719,19
JPN,jp,"Japan","East Asia & Pacific","High income",2002,46.5942011179917,18
JPN,jp,"Japan","East Asia & Pacific","High income",2003,48.4352658899653,21
JPN,jp,"Japan","East Asia & Pacific","High income",2004,62.3939296327259,15
JPN,jp,"Japan","East Asia & Pacific","High income",2005,66.9210661042901,13
JPN,jp,"Japan","East Asia & Pacific","High income",2006,68.6852703213795,15
JPN,jp,"Japan","East Asia & Pacific","High income",2007,74.3,13
JPN,jp,"Japan","East Asia & Pacific","High income",2008,75.4,13
JPN,jp,"Japan","East Asia & Pacific","High income",2009,78,15
JPN,jp,"Japan","East Asia & Pacific","High income",2010,78.21,15
JPN,jp,"Japan","East Asia & Pacific","High income",2011,79.0541135244739,19
JPN,jp,"Japan","East Asia & Pacific","High income",2012,79.4964,22
JPN,jp,"Japan","East Asia & Pacific","High income",2013,88.219428911,12
JPN,jp,"Japan","East Asia & Pacific","High income",2014,89.1068330166075,13
JPN,jp,"Japan","East Asia & Pacific","High income",2015,91.0580283929962,11
JPN,jp,"Japan","East Asia & Pacific","High income",2016,93.1827212821617,10
JPN,jp,"Japan","East Asia & Pacific","High income",2017,91.7265472366635,17
JPN,jp,"Japan","East Asia & Pacific","High income",2018,88.7463508901772,23
JPN,jp,"Japan","East Asia & Pacific","High income",2019,92.7303978145525,18
JPN,jp,"Japan","East Asia & Pacific","High income",2020,90.21945812,31
JPN,jp,"Japan","East Asia & Pacific","High income",2021,82.91407928,58
JPN,jp,"Japan","East Asia & Pacific","High income",2022,84.92343147,62
JPN,jp,"Japan","East Asia & Pacific","High income",2023,85.00990295,75
MDV,mv,"Maldives","South Asia","Upper middle income",1990,0,20
MDV,mv,"Maldives","South Asia","Upper middle income",1991,0,31
MDV,mv,"Maldives","South Asia","Upper middle income",1992,0,44
MDV,mv,"Maldives","South Asia","Upper middle income",1993,0,53
MDV,mv,"Maldives","South Asia","Upper middle income",1994,0,75
MDV,mv,"Maldives","South Asia","Upper middle income",1995,0,115
MDV,mv,"Maldives","South Asia","Upper middle income",1996,0.227,72
MDV,mv,"Maldives","South Asia","Upper middle income",1997,0.309,82
MDV,mv,"Maldives","South Asia","Upper middle income",1998,0.57,84
MDV,mv,"Maldives","South Asia","Upper middle income",1999,1.12,85
MDV,mv,"Maldives","South Asia","Upper middle income",2000,2.2038729393788,88
MDV,mv,"Maldives","South Asia","Upper middle income",2001,3.61729064930367,83
MDV,mv,"Maldives","South Asia","Upper middle income",2002,5.3477651689359,86
MDV,mv,"Maldives","South Asia","Upper middle income",2003,5.97659284988557,90
MDV,mv,"Maldives","South Asia","Upper middle income",2004,6.58825487530861,97
MDV,mv,"Maldives","South Asia","Upper middle income",2005,6.86960506696215,100
MDV,mv,"Maldives","South Asia","Upper middle income",2006,11.0363527828647,97
MDV,mv,"Maldives","South Asia","Upper middle income",2007,16.3,89
MDV,mv,"Maldives","South Asia","Upper middle income",2008,23.2,83
MDV,mv,"Maldives","South Asia","Upper middle income",2009,24.8,89
MDV,mv,"Maldives","South Asia","Upper middle income",2010,26.53,93
MDV,mv,"Maldives","South Asia","Upper middle income",2011,34,91
MDV,mv,"Maldives","South Asia","Upper middle income",2012,38.93009949,87
MDV,mv,"Maldives","South Asia","Upper middle income",2013,44.09999847,83
MDV,mv,"Maldives","South Asia","Upper middle income",2014,49.27999878,83
MDV,mv,"Maldives","South Asia","Upper middle income",2015,54.4620018,81
MDV,mv,"Maldives","South Asia","Upper middle income",2016,59.47750092,80
MDV,mv,"Maldives","South Asia","Upper middle income",2017,64.95500183,71
MDV,mv,"Maldives","South Asia","Upper middle income",2018,70.93689728,66
MDV,mv,"Maldives","South Asia","Upper middle income",2019,77.46970367,61
MDV,mv,"Maldives","South Asia","Upper middle income",2020,79.09780121,61
MDV,mv,"Maldives","South Asia","Upper middle income",2021,81.95760345,66
MDV,mv,"Maldives","South Asia","Upper middle income",2022,83.91189054,67
MDV,mv,"Maldives","South Asia","Upper middle income",2023,84.55290222,76
BRA,br,"Brazil","Latin America & Caribbean ","Upper middle income",1990,0,20
BRA,br,"Brazil","Latin America & Caribbean ","Upper middle income",1991,0.00329,29
BRA,br,"Brazil","Latin America & Caribbean ","Upper middle income",1992,0.0129,35
BRA,br,"Brazil","Latin America & Caribbean ","Upper middle income",1993,0.0255,41
BRA,br,"Brazil","Latin America & Caribbean ","Upper middle income",1994,0.0377,48
BRA,br,"Brazil","Latin America & Caribbean ","Upper middle income",1995,0.105,59
BRA,br,"Brazil","Latin America & Caribbean ","Upper middle income",1996,0.451,60
BRA,br,"Brazil","Latin America & Caribbean ","Upper middle income",1997,0.786,63
BRA,br,"Brazil","Latin America & Caribbean ","Upper middle income",1998,1.48,65
BRA,br,"Brazil","Latin America & Caribbean ","Upper middle income",1999,2.04,75
BRA,br,"Brazil","Latin America & Caribbean ","Upper middle income",2000,2.87068515854108,81
BRA,br,"Brazil","Latin America & Caribbean ","Upper middle income",2001,4.52849486902851,79
BRA,br,"Brazil","Latin America & Caribbean ","Upper middle income",2002,9.14942508560748,67
BRA,br,"Brazil","Latin America & Caribbean ","Upper middle income",2003,13.2075861035303,63
BRA,br,"Brazil","Latin America & Caribbean ","Upper middle income",2004,19.073672274442,64
BRA,br,"Brazil","Latin America & Caribbean ","Upper middle income",2005,21.022747248827,63
BRA,br,"Brazil","Latin America & Caribbean ","Upper middle income",2006,28.17840004,59
BRA,br,"Brazil","Latin America & Caribbean ","Upper middle income",2007,30.87999916,60
BRA,br,"Brazil","Latin America & Caribbean ","Upper middle income",2008,33.83,64
BRA,br,"Brazil","Latin America & Caribbean ","Upper middle income",2009,39.22,61
BRA,br,"Brazil","Latin America & Caribbean ","Upper middle income",2010,40.65,64
BRA,br,"Brazil","Latin America & Caribbean ","Upper middle income",2011,45.69,69
BRA,br,"Brazil","Latin America & Caribbean ","Upper middle income",2012,48.56,71
BRA,br,"Brazil","Latin America & Caribbean ","Upper middle income",2013,51.04,71
BRA,br,"Brazil","Latin America & Caribbean ","Upper middle income",2014,54.5510018796392,71
BRA,br,"Brazil","Latin America & Caribbean ","Upper middle income",2015,58.3279517340924,70
BRA,br,"Brazil","Latin America & Caribbean ","Upper middle income",2016,60.8725400681261,72
BRA,br,"Brazil","Latin America & Caribbean ","Upper middle income",2017,67.4712845236305,69
BRA,br,"Brazil","Latin America & Caribbean ","Upper middle income",2018,70.4342825404361,70
BRA,br,"Brazil","Latin America & Caribbean ","Upper middle income",2019,73.9124399133589,70
BRA,br,"Brazil","Latin America & Caribbean ","Upper middle income",2020,81.34269353,57
BRA,br,"Brazil","Latin America & Caribbean ","Upper middle income",2021,80.68989314,73
BRA,br,"Brazil","Latin America & Caribbean ","Upper middle income",2022,80.52775094,85
BRA,br,"Brazil","Latin America & Caribbean ","Upper middle income",2023,84.15060238,77
MNG,mn,"Mongolia","East Asia & Pacific","Upper middle income",1990,0,20
MNG,mn,"Mongolia","East Asia & Pacific","Upper middle income",1991,,
MNG,mn,"Mongolia","East Asia & Pacific","Upper middle income",1992,,
MNG,mn,"Mongolia","East Asia & Pacific","Upper middle income",1993,,
MNG,mn,"Mongolia","East Asia & Pacific","Upper middle income",1994,,
MNG,mn,"Mongolia","East Asia & Pacific","Upper middle income",1995,0.00881,90
MNG,mn,"Mongolia","East Asia & Pacific","Upper middle income",1996,0.0182,112
MNG,mn,"Mongolia","East Asia & Pacific","Upper middle income",1997,0.113,96
MNG,mn,"Mongolia","East Asia & Pacific","Upper middle income",1998,0.146,105
MNG,mn,"Mongolia","East Asia & Pacific","Upper middle income",1999,0.508,101
MNG,mn,"Mongolia","East Asia & Pacific","Upper middle income",2000,1.25565200358112,102
MNG,mn,"Mongolia","East Asia & Pacific","Upper middle income",2001,1.65323823906982,103
MNG,mn,"Mongolia","East Asia & Pacific","Upper middle income",2002,2.0395726034818,113
MNG,mn,"Mongolia","East Asia & Pacific","Upper middle income",2003,,
MNG,mn,"Mongolia","East Asia & Pacific","Upper middle income",2004,,
MNG,mn,"Mongolia","East Asia & Pacific","Upper middle income",2005,9,93
MNG,mn,"Mongolia","East Asia & Pacific","Upper middle income",2006,9,102
MNG,mn,"Mongolia","East Asia & Pacific","Upper middle income",2007,9,107
MNG,mn,"Mongolia","East Asia & Pacific","Upper middle income",2008,9.800000191,111
MNG,mn,"Mongolia","East Asia & Pacific","Upper middle income",2009,10,115
MNG,mn,"Mongolia","East Asia & Pacific","Upper middle income",2010,10.2,118
MNG,mn,"Mongolia","East Asia & Pacific","Upper middle income",2011,12.4999911084745,121
MNG,mn,"Mongolia","East Asia & Pacific","Upper middle income",2012,16.4,121
MNG,mn,"Mongolia","East Asia & Pacific","Upper middle income",2013,17.699984237,122
MNG,mn,"Mongolia","East Asia & Pacific","Upper middle income",2014,19.9424474349209,124
MNG,mn,"Mongolia","East Asia & Pacific","Upper middle income",2015,22.5000041337688,130
MNG,mn,"Mongolia","East Asia & Pacific","Upper middle income",2016,22.2657705007562,138
MNG,mn,"Mongolia","East Asia & Pacific","Upper middle income",2017,23.71430016,145
MNG,mn,"Mongolia","East Asia & Pacific","Upper middle income",2018,47.1300018848989,113
MNG,mn,"Mongolia","East Asia & Pacific","Upper middle income",2019,51.079994082603,119
MNG,mn,"Mongolia","East Asia & Pacific","Upper middle income",2020,62.50002848,115
MNG,mn,"Mongolia","East Asia & Pacific","Upper middle income",2021,81.60682285,69
MNG,mn,"Mongolia","East Asia & Pacific","Upper middle income",2022,81.07720184,82
MNG,mn,"Mongolia","East Asia & Pacific","Upper middle income",2023,83.74320221,78
IRN,ir,"Iran, Islamic Rep.","Middle East, North Africa, Afghanistan & Pakistan","Upper middle income",1990,0,20
IRN,ir,"Iran, Islamic Rep.","Middle East, North Africa, Afghanistan & Pakistan","Upper middle income",1991,,
IRN,ir,"Iran, Islamic Rep.","Middle East, North Africa, Afghanistan & Pakistan","Upper middle income",1992,,
IRN,ir,"Iran, Islamic Rep.","Middle East, North Africa, Afghanistan & Pakistan","Upper middle income",1993,,
IRN,ir,"Iran, Islamic Rep.","Middle East, North Africa, Afghanistan & Pakistan","Upper middle income",1994,0.000408,72
IRN,ir,"Iran, Islamic Rep.","Middle East, North Africa, Afghanistan & Pakistan","Upper middle income",1995,0.00418,97
IRN,ir,"Iran, Islamic Rep.","Middle East, North Africa, Afghanistan & Pakistan","Upper middle income",1996,0.0158,114
IRN,ir,"Iran, Islamic Rep.","Middle East, North Africa, Afghanistan & Pakistan","Upper middle income",1997,0.0468,116
IRN,ir,"Iran, Islamic Rep.","Middle East, North Africa, Afghanistan & Pakistan","Upper middle income",1998,0.0998,114
IRN,ir,"Iran, Islamic Rep.","Middle East, North Africa, Afghanistan & Pakistan","Upper middle income",1999,0.379,112
IRN,ir,"Iran, Islamic Rep.","Middle East, North Africa, Afghanistan & Pakistan","Upper middle income",2000,0.934190019959829,110
IRN,ir,"Iran, Islamic Rep.","Middle East, North Africa, Afghanistan & Pakistan","Upper middle income",2001,1.48422133163363,107
IRN,ir,"Iran, Islamic Rep.","Middle East, North Africa, Afghanistan & Pakistan","Upper middle income",2002,4.62617511492205,89
IRN,ir,"Iran, Islamic Rep.","Middle East, North Africa, Afghanistan & Pakistan","Upper middle income",2003,6.93372195304053,86
IRN,ir,"Iran, Islamic Rep.","Middle East, North Africa, Afghanistan & Pakistan","Upper middle income",2004,7.49,92
IRN,ir,"Iran, Islamic Rep.","Middle East, North Africa, Afghanistan & Pakistan","Upper middle income",2005,8.100000381,96
IRN,ir,"Iran, Islamic Rep.","Middle East, North Africa, Afghanistan & Pakistan","Upper middle income",2006,8.760000229,104
IRN,ir,"Iran, Islamic Rep.","Middle East, North Africa, Afghanistan & Pakistan","Upper middle income",2007,9.470000267,104
IRN,ir,"Iran, Islamic Rep.","Middle East, North Africa, Afghanistan & Pakistan","Upper middle income",2008,12.02,106
IRN,ir,"Iran, Islamic Rep.","Middle East, North Africa, Afghanistan & Pakistan","Upper middle income",2009,13.80000019,109
IRN,ir,"Iran, Islamic Rep.","Middle East, North Africa, Afghanistan & Pakistan","Upper middle income",2010,15.9,105
IRN,ir,"Iran, Islamic Rep.","Middle East, North Africa, Afghanistan & Pakistan","Upper middle income",2011,19,108
IRN,ir,"Iran, Islamic Rep.","Middle East, North Africa, Afghanistan & Pakistan","Upper middle income",2012,22.73,113
IRN,ir,"Iran, Islamic Rep.","Middle East, North Africa, Afghanistan & Pakistan","Upper middle income",2013,29.95,108
IRN,ir,"Iran, Islamic Rep.","Middle East, North Africa, Afghanistan & Pakistan","Upper middle income",2014,39.353614505223,100
IRN,ir,"Iran, Islamic Rep.","Middle East, North Africa, Afghanistan & Pakistan","Upper middle income",2015,45.3349761533285,98
IRN,ir,"Iran, Islamic Rep.","Middle East, North Africa, Afghanistan & Pakistan","Upper middle income",2016,53.2267716709857,93
IRN,ir,"Iran, Islamic Rep.","Middle East, North Africa, Afghanistan & Pakistan","Upper middle income",2017,64.0439736249513,76
IRN,ir,"Iran, Islamic Rep.","Middle East, North Africa, Afghanistan & Pakistan","Upper middle income",2018,70.2005650008363,71
IRN,ir,"Iran, Islamic Rep.","Middle East, North Africa, Afghanistan & Pakistan","Upper middle income",2019,72.4509047672065,75
IRN,ir,"Iran, Islamic Rep.","Middle East, North Africa, Afghanistan & Pakistan","Upper middle income",2020,75.56986637,79
IRN,ir,"Iran, Islamic Rep.","Middle East, North Africa, Afghanistan & Pakistan","Upper middle income",2021,78.5957366,78
IRN,ir,"Iran, Islamic Rep.","Middle East, North Africa, Afghanistan & Pakistan","Upper middle income",2022,81.71649933,78
IRN,ir,"Iran, Islamic Rep.","Middle East, North Africa, Afghanistan & Pakistan","Upper middle income",2023,83.71050262,79
BIH,ba,"Bosnia and Herzegovina","Europe & Central Asia","Upper middle income",1990,0,20
BIH,ba,"Bosnia and Herzegovina","Europe & Central Asia","Upper middle income",1991,,
BIH,ba,"Bosnia and Herzegovina","Europe & Central Asia","Upper middle income",1992,,
BIH,ba,"Bosnia and Herzegovina","Europe & Central Asia","Upper middle income",1993,,
BIH,ba,"Bosnia and Herzegovina","Europe & Central Asia","Upper middle income",1994,,
BIH,ba,"Bosnia and Herzegovina","Europe & Central Asia","Upper middle income",1995,,
BIH,ba,"Bosnia and Herzegovina","Europe & Central Asia","Upper middle income",1996,0.0151,115
BIH,ba,"Bosnia and Herzegovina","Europe & Central Asia","Upper middle income",1997,0.0594,109
BIH,ba,"Bosnia and Herzegovina","Europe & Central Asia","Upper middle income",1998,0.144,106
BIH,ba,"Bosnia and Herzegovina","Europe & Central Asia","Upper middle income",1999,0.194,123
BIH,ba,"Bosnia and Herzegovina","Europe & Central Asia","Upper middle income",2000,1.08296074971207,107
BIH,ba,"Bosnia and Herzegovina","Europe & Central Asia","Upper middle income",2001,1.20052695129649,116
BIH,ba,"Bosnia and Herzegovina","Europe & Central Asia","Upper middle income",2002,2.64826791361244,105
BIH,ba,"Bosnia and Herzegovina","Europe & Central Asia","Upper middle income",2003,3.96503683387051,101
BIH,ba,"Bosnia and Herzegovina","Europe & Central Asia","Upper middle income",2004,15.4689716227665,68
BIH,ba,"Bosnia and Herzegovina","Europe & Central Asia","Upper middle income",2005,21.3267010007738,61
BIH,ba,"Bosnia and Herzegovina","Europe & Central Asia","Upper middle income",2006,25.1223856852117,64
BIH,ba,"Bosnia and Herzegovina","Europe & Central Asia","Upper middle income",2007,27.92,66
BIH,ba,"Bosnia and Herzegovina","Europe & Central Asia","Upper middle income",2008,34.66,62
BIH,ba,"Bosnia and Herzegovina","Europe & Central Asia","Upper middle income",2009,37.74,65
BIH,ba,"Bosnia and Herzegovina","Europe & Central Asia","Upper middle income",2010,42.75,61
BIH,ba,"Bosnia and Herzegovina","Europe & Central Asia","Upper middle income",2011,43.88769913,70
BIH,ba,"Bosnia and Herzegovina","Europe & Central Asia","Upper middle income",2012,45.0644989,79
BIH,ba,"Bosnia and Herzegovina","Europe & Central Asia","Upper middle income",2013,48.52130127,76
BIH,ba,"Bosnia and Herzegovina","Europe & Central Asia","Upper middle income",2014,49.91770172,81
BIH,ba,"Bosnia and Herzegovina","Europe & Central Asia","Upper middle income",2015,52.59999847,86
BIH,ba,"Bosnia and Herzegovina","Europe & Central Asia","Upper middle income",2016,60.2565354318987,73
BIH,ba,"Bosnia and Herzegovina","Europe & Central Asia","Upper middle income",2017,64.8920205128383,72
BIH,ba,"Bosnia and Herzegovina","Europe & Central Asia","Upper middle income",2018,70.1201350394885,72
BIH,ba,"Bosnia and Herzegovina","Europe & Central Asia","Upper middle income",2019,69.9463476317266,84
BIH,ba,"Bosnia and Herzegovina","Europe & Central Asia","Upper middle income",2020,73.21175294,84
BIH,ba,"Bosnia and Herzegovina","Europe & Central Asia","Upper middle income",2021,75.67620138,86
BIH,ba,"Bosnia and Herzegovina","Europe & Central Asia","Upper middle income",2022,78.8455371,88
BIH,ba,"Bosnia and Herzegovina","Europe & Central Asia","Upper middle income",2023,83.3771539,80
HRV,hr,"Croatia","Europe & Central Asia","High income",1990,0,20
HRV,hr,"Croatia","Europe & Central Asia","High income",1991,,
HRV,hr,"Croatia","Europe & Central Asia","High income",1992,,
HRV,hr,"Croatia","Europe & Central Asia","High income",1993,0.0972,33
HRV,hr,"Croatia","Europe & Central Asia","High income",1994,0.268,33
HRV,hr,"Croatia","Europe & Central Asia","High income",1995,0.514,37
HRV,hr,"Croatia","Europe & Central Asia","High income",1996,0.859,44
HRV,hr,"Croatia","Europe & Central Asia","High income",1997,1.73,45
HRV,hr,"Croatia","Europe & Central Asia","High income",1998,3.27,44
HRV,hr,"Croatia","Europe & Central Asia","High income",1999,4.41,50
HRV,hr,"Croatia","Europe & Central Asia","High income",2000,6.64488254374396,54
HRV,hr,"Croatia","Europe & Central Asia","High income",2001,11.5585731811648,47
HRV,hr,"Croatia","Europe & Central Asia","High income",2002,17.76,49
HRV,hr,"Croatia","Europe & Central Asia","High income",2003,22.75,45
HRV,hr,"Croatia","Europe & Central Asia","High income",2004,30.91,40
HRV,hr,"Croatia","Europe & Central Asia","High income",2005,33.13999939,44
HRV,hr,"Croatia","Europe & Central Asia","High income",2006,37.97999954,46
HRV,hr,"Croatia","Europe & Central Asia","High income",2007,41.44,45
HRV,hr,"Croatia","Europe & Central Asia","High income",2008,44.24,48
HRV,hr,"Croatia","Europe & Central Asia","High income",2009,50.58,46
HRV,hr,"Croatia","Europe & Central Asia","High income",2010,56.55,40
HRV,hr,"Croatia","Europe & Central Asia","High income",2011,57.7899789891444,47
HRV,hr,"Croatia","Europe & Central Asia","High income",2012,61.9399731527956,46
HRV,hr,"Croatia","Europe & Central Asia","High income",2013,66.7476,45
HRV,hr,"Croatia","Europe & Central Asia","High income",2014,68.5678992528467,47
HRV,hr,"Croatia","Europe & Central Asia","High income",2015,69.8450359238281,54
HRV,hr,"Croatia","Europe & Central Asia","High income",2016,72.6972696701463,53
HRV,hr,"Croatia","Europe & Central Asia","High income",2017,67.0961920368478,70
HRV,hr,"Croatia","Europe & Central Asia","High income",2018,75.2946259897258,55
HRV,hr,"Croatia","Europe & Central Asia","High income",2019,79.0797836757554,60
HRV,hr,"Croatia","Europe & Central Asia","High income",2020,78.32090004,65
HRV,hr,"Croatia","Europe & Central Asia","High income",2021,81.25396608,71
HRV,hr,"Croatia","Europe & Central Asia","High income",2022,82.07155532,77
HRV,hr,"Croatia","Europe & Central Asia","High income",2023,83.24117599,81
ALB,al,"Albania","Europe & Central Asia","Upper middle income",1990,0,20
ALB,al,"Albania","Europe & Central Asia","Upper middle income",1991,,
ALB,al,"Albania","Europe & Central Asia","Upper middle income",1992,,
ALB,al,"Albania","Europe & Central Asia","Upper middle income",1993,,
ALB,al,"Albania","Europe & Central Asia","Upper middle income",1994,,
ALB,al,"Albania","Europe & Central Asia","Upper middle income",1995,0.0112,86
ALB,al,"Albania","Europe & Central Asia","Upper middle income",1996,0.0322,104
ALB,al,"Albania","Europe & Central Asia","Upper middle income",1997,0.0486,114
ALB,al,"Albania","Europe & Central Asia","Upper middle income",1998,0.065,123
ALB,al,"Albania","Europe & Central Asia","Upper middle income",1999,0.0814,141
ALB,al,"Albania","Europe & Central Asia","Upper middle income",2000,0.114097346552109,156
ALB,al,"Albania","Europe & Central Asia","Upper middle income",2001,0.325798377067964,140
ALB,al,"Albania","Europe & Central Asia","Upper middle income",2002,0.39008127343332,148
ALB,al,"Albania","Europe & Central Asia","Upper middle income",2003,0.971900415195857,137
ALB,al,"Albania","Europe & Central Asia","Upper middle income",2004,2.42038779776014,129
ALB,al,"Albania","Europe & Central Asia","Upper middle income",2005,6.04389086404814,107
ALB,al,"Albania","Europe & Central Asia","Upper middle income",2006,9.609999657,99
ALB,al,"Albania","Europe & Central Asia","Upper middle income",2007,15.03610039,92
ALB,al,"Albania","Europe & Central Asia","Upper middle income",2008,23.86,80
ALB,al,"Albania","Europe & Central Asia","Upper middle income",2009,41.2,60
ALB,al,"Albania","Europe & Central Asia","Upper middle income",2010,45,57
ALB,al,"Albania","Europe & Central Asia","Upper middle income",2011,47,67
ALB,al,"Albania","Europe & Central Asia","Upper middle income",2012,49.40000153,68
ALB,al,"Albania","Europe & Central Asia","Upper middle income",2013,51.79999924,69
ALB,al,"Albania","Europe & Central Asia","Upper middle income",2014,54.29999924,72
ALB,al,"Albania","Europe & Central Asia","Upper middle income",2015,56.90000153,76
ALB,al,"Albania","Europe & Central Asia","Upper middle income",2016,59.59999847,77
ALB,al,"Albania","Europe & Central Asia","Upper middle income",2017,62.40000153,82
ALB,al,"Albania","Europe & Central Asia","Upper middle income",2018,65.40000153,78
ALB,al,"Albania","Europe & Central Asia","Upper middle income",2019,68.5503911218006,90
ALB,al,"Albania","Europe & Central Asia","Upper middle income",2020,72.23767711,87
ALB,al,"Albania","Europe & Central Asia","Upper middle income",2021,79.32371752,75
ALB,al,"Albania","Europe & Central Asia","Upper middle income",2022,82.61367544,74
ALB,al,"Albania","Europe & Central Asia","Upper middle income",2023,83.13559161,82
NRU,nr,"Naoero","East Asia & Pacific","High income",1990,0,20
NRU,nr,"Naoero","East Asia & Pacific","High income",1991,,
NRU,nr,"Naoero","East Asia & Pacific","High income",1992,,
NRU,nr,"Naoero","East Asia & Pacific","High income",1993,,
NRU,nr,"Naoero","East Asia & Pacific","High income",1994,,
NRU,nr,"Naoero","East Asia & Pacific","High income",1995,,
NRU,nr,"Naoero","East Asia & Pacific","High income",1996,,
NRU,nr,"Naoero","East Asia & Pacific","High income",1997,,
NRU,nr,"Naoero","East Asia & Pacific","High income",1998,,
NRU,nr,"Naoero","East Asia & Pacific","High income",1999,,
NRU,nr,"Naoero","East Asia & Pacific","High income",2000,,
NRU,nr,"Naoero","East Asia & Pacific","High income",2001,2.98715523250025,87
NRU,nr,"Naoero","East Asia & Pacific","High income",2002,,
NRU,nr,"Naoero","East Asia & Pacific","High income",2003,,
NRU,nr,"Naoero","East Asia & Pacific","High income",2004,,
NRU,nr,"Naoero","East Asia & Pacific","High income",2005,,
NRU,nr,"Naoero","East Asia & Pacific","High income",2006,,
NRU,nr,"Naoero","East Asia & Pacific","High income",2007,,
NRU,nr,"Naoero","East Asia & Pacific","High income",2008,,
NRU,nr,"Naoero","East Asia & Pacific","High income",2009,,
NRU,nr,"Naoero","East Asia & Pacific","High income",2010,,
NRU,nr,"Naoero","East Asia & Pacific","High income",2011,54,54
NRU,nr,"Naoero","East Asia & Pacific","High income",2012,,
NRU,nr,"Naoero","East Asia & Pacific","High income",2013,,
NRU,nr,"Naoero","East Asia & Pacific","High income",2014,,
NRU,nr,"Naoero","East Asia & Pacific","High income",2015,,
NRU,nr,"Naoero","East Asia & Pacific","High income",2016,,
NRU,nr,"Naoero","East Asia & Pacific","High income",2017,62.38510132,83
NRU,nr,"Naoero","East Asia & Pacific","High income",2018,,
NRU,nr,"Naoero","East Asia & Pacific","High income",2019,74.73789978,67
NRU,nr,"Naoero","East Asia & Pacific","High income",2020,77.46659851,72
NRU,nr,"Naoero","East Asia & Pacific","High income",2021,80.29499817,74
NRU,nr,"Naoero","East Asia & Pacific","High income",2022,83.22660065,72
NRU,nr,"Naoero","East Asia & Pacific","High income",2023,83.03970337,83
PLW,pw,"Palau","East Asia & Pacific","High income",1990,0,20
PLW,pw,"Palau","East Asia & Pacific","High income",1991,,
PLW,pw,"Palau","East Asia & Pacific","High income",1992,,
PLW,pw,"Palau","East Asia & Pacific","High income",1993,,
PLW,pw,"Palau","East Asia & Pacific","High income",1994,,
PLW,pw,"Palau","East Asia & Pacific","High income",1995,,
PLW,pw,"Palau","East Asia & Pacific","High income",1996,,
PLW,pw,"Palau","East Asia & Pacific","High income",1997,,
PLW,pw,"Palau","East Asia & Pacific","High income",1998,,
PLW,pw,"Palau","East Asia & Pacific","High income",1999,,
PLW,pw,"Palau","East Asia & Pacific","High income",2000,,
PLW,pw,"Palau","East Asia & Pacific","High income",2001,,
PLW,pw,"Palau","East Asia & Pacific","High income",2002,20.243939470621,42
PLW,pw,"Palau","East Asia & Pacific","High income",2003,21.6015271777354,48
PLW,pw,"Palau","East Asia & Pacific","High income",2004,26.9703326341025,47
PLW,pw,"Palau","East Asia & Pacific","High income",2005,,
PLW,pw,"Palau","East Asia & Pacific","High income",2006,,
PLW,pw,"Palau","East Asia & Pacific","High income",2007,,
PLW,pw,"Palau","East Asia & Pacific","High income",2008,,
PLW,pw,"Palau","East Asia & Pacific","High income",2009,,
PLW,pw,"Palau","East Asia & Pacific","High income",2010,,
PLW,pw,"Palau","East Asia & Pacific","High income",2011,,
PLW,pw,"Palau","East Asia & Pacific","High income",2012,,
PLW,pw,"Palau","East Asia & Pacific","High income",2013,,
PLW,pw,"Palau","East Asia & Pacific","High income",2014,,
PLW,pw,"Palau","East Asia & Pacific","High income",2015,,
PLW,pw,"Palau","East Asia & Pacific","High income",2016,,
PLW,pw,"Palau","East Asia & Pacific","High income",2017,,
PLW,pw,"Palau","East Asia & Pacific","High income",2018,,
PLW,pw,"Palau","East Asia & Pacific","High income",2019,,
PLW,pw,"Palau","East Asia & Pacific","High income",2020,,
PLW,pw,"Palau","East Asia & Pacific","High income",2021,,
PLW,pw,"Palau","East Asia & Pacific","High income",2022,82.56749725,76
PLW,pw,"Palau","East Asia & Pacific","High income",2023,82.91629791,84
LBY,ly,"Libya","Middle East, North Africa, Afghanistan & Pakistan","Upper middle income",1990,0,20
LBY,ly,"Libya","Middle East, North Africa, Afghanistan & Pakistan","Upper middle income",1991,,
LBY,ly,"Libya","Middle East, North Africa, Afghanistan & Pakistan","Upper middle income",1992,,
LBY,ly,"Libya","Middle East, North Africa, Afghanistan & Pakistan","Upper middle income",1993,,
LBY,ly,"Libya","Middle East, North Africa, Afghanistan & Pakistan","Upper middle income",1994,,
LBY,ly,"Libya","Middle East, North Africa, Afghanistan & Pakistan","Upper middle income",1995,,
LBY,ly,"Libya","Middle East, North Africa, Afghanistan & Pakistan","Upper middle income",1996,,
LBY,ly,"Libya","Middle East, North Africa, Afghanistan & Pakistan","Upper middle income",1997,,
LBY,ly,"Libya","Middle East, North Africa, Afghanistan & Pakistan","Upper middle income",1998,,
LBY,ly,"Libya","Middle East, North Africa, Afghanistan & Pakistan","Upper middle income",1999,0.134,131
LBY,ly,"Libya","Middle East, North Africa, Afghanistan & Pakistan","Upper middle income",2000,0.187042622337565,147
LBY,ly,"Libya","Middle East, North Africa, Afghanistan & Pakistan","Upper middle income",2001,0.366533175284228,136
LBY,ly,"Libya","Middle East, North Africa, Afghanistan & Pakistan","Upper middle income",2002,2.24441822165946,111
LBY,ly,"Libya","Middle East, North Africa, Afghanistan & Pakistan","Upper middle income",2003,2.81451798740855,111
LBY,ly,"Libya","Middle East, North Africa, Afghanistan & Pakistan","Upper middle income",2004,3.53283816154549,116
LBY,ly,"Libya","Middle East, North Africa, Afghanistan & Pakistan","Upper middle income",2005,3.91779995,120
LBY,ly,"Libya","Middle East, North Africa, Afghanistan & Pakistan","Upper middle income",2006,4.301099777,130
LBY,ly,"Libya","Middle East, North Africa, Afghanistan & Pakistan","Upper middle income",2007,4.72199937850513,128
LBY,ly,"Libya","Middle East, North Africa, Afghanistan & Pakistan","Upper middle income",2008,9,114
LBY,ly,"Libya","Middle East, North Africa, Afghanistan & Pakistan","Upper middle income",2009,10.80000019,113
LBY,ly,"Libya","Middle East, North Africa, Afghanistan & Pakistan","Upper middle income",2010,14,107
LBY,ly,"Libya","Middle East, North Africa, Afghanistan & Pakistan","Upper middle income",2011,14,118
LBY,ly,"Libya","Middle East, North Africa, Afghanistan & Pakistan","Upper middle income",2012,15.19999981,125
LBY,ly,"Libya","Middle East, North Africa, Afghanistan & Pakistan","Upper middle income",2013,16.5,123
LBY,ly,"Libya","Middle East, North Africa, Afghanistan & Pakistan","Upper middle income",2014,17.76000023,127
LBY,ly,"Libya","Middle East, North Africa, Afghanistan & Pakistan","Upper middle income",2015,25,125
LBY,ly,"Libya","Middle East, North Africa, Afghanistan & Pakistan","Upper middle income",2016,35,118
LBY,ly,"Libya","Middle East, North Africa, Afghanistan & Pakistan","Upper middle income",2017,47.5,114
LBY,ly,"Libya","Middle East, North Africa, Afghanistan & Pakistan","Upper middle income",2018,47.5,112
LBY,ly,"Libya","Middle East, North Africa, Afghanistan & Pakistan","Upper middle income",2019,71.40409851,76
LBY,ly,"Libya","Middle East, North Africa, Afghanistan & Pakistan","Upper middle income",2020,74.35810089,81
LBY,ly,"Libya","Middle East, North Africa, Afghanistan & Pakistan","Upper middle income",2021,77.438797,81
LBY,ly,"Libya","Middle East, North Africa, Afghanistan & Pakistan","Upper middle income",2022,80.64720154,83
LBY,ly,"Libya","Middle East, North Africa, Afghanistan & Pakistan","Upper middle income",2023,82.10469818,85
TTO,tt,"Trinidad and Tobago","Latin America & Caribbean ","High income",1990,0,20
TTO,tt,"Trinidad and Tobago","Latin America & Caribbean ","High income",1991,,
TTO,tt,"Trinidad and Tobago","Latin America & Caribbean ","High income",1992,,
TTO,tt,"Trinidad and Tobago","Latin America & Caribbean ","High income",1993,,
TTO,tt,"Trinidad and Tobago","Latin America & Caribbean ","High income",1994,,
TTO,tt,"Trinidad and Tobago","Latin America & Caribbean ","High income",1995,0.158,50
TTO,tt,"Trinidad and Tobago","Latin America & Caribbean ","High income",1996,0.393,61
TTO,tt,"Trinidad and Tobago","Latin America & Caribbean ","High income",1997,1.17,55
TTO,tt,"Trinidad and Tobago","Latin America & Caribbean ","High income",1998,2.72,50
TTO,tt,"Trinidad and Tobago","Latin America & Caribbean ","High income",1999,5.81,42
TTO,tt,"Trinidad and Tobago","Latin America & Caribbean ","High income",2000,7.72141147401745,47
TTO,tt,"Trinidad and Tobago","Latin America & Caribbean ","High income",2001,15.384627218944,38
TTO,tt,"Trinidad and Tobago","Latin America & Caribbean ","High income",2002,21.9986754804449,37
TTO,tt,"Trinidad and Tobago","Latin America & Caribbean ","High income",2003,25.9717641091609,38
TTO,tt,"Trinidad and Tobago","Latin America & Caribbean ","High income",2004,27.0242700782714,46
TTO,tt,"Trinidad and Tobago","Latin America & Caribbean ","High income",2005,28.97669983,47
TTO,tt,"Trinidad and Tobago","Latin America & Caribbean ","High income",2006,30.00370026,51
TTO,tt,"Trinidad and Tobago","Latin America & Caribbean ","High income",2007,32.3,59
TTO,tt,"Trinidad and Tobago","Latin America & Caribbean ","High income",2008,34.8,61
TTO,tt,"Trinidad and Tobago","Latin America & Caribbean ","High income",2009,44.3,52
TTO,tt,"Trinidad and Tobago","Latin America & Caribbean ","High income",2010,48.5,51
TTO,tt,"Trinidad and Tobago","Latin America & Caribbean ","High income",2011,55.2,52
TTO,tt,"Trinidad and Tobago","Latin America & Caribbean ","High income",2012,57.5,55
TTO,tt,"Trinidad and Tobago","Latin America & Caribbean ","High income",2013,59.90000153,58
TTO,tt,"Trinidad and Tobago","Latin America & Caribbean ","High income",2014,62.40000153,60
TTO,tt,"Trinidad and Tobago","Latin America & Caribbean ","High income",2015,65.09999847,64
TTO,tt,"Trinidad and Tobago","Latin America & Caribbean ","High income",2016,67.80000305,63
TTO,tt,"Trinidad and Tobago","Latin America & Caribbean ","High income",2017,70.59999847,61
TTO,tt,"Trinidad and Tobago","Latin America & Caribbean ","High income",2018,72.76029968,61
TTO,tt,"Trinidad and Tobago","Latin America & Caribbean ","High income",2019,74.98670197,66
TTO,tt,"Trinidad and Tobago","Latin America & Caribbean ","High income",2020,77.28130341,73
TTO,tt,"Trinidad and Tobago","Latin America & Caribbean ","High income",2021,84.36576986,56
TTO,tt,"Trinidad and Tobago","Latin America & Caribbean ","High income",2022,81.69760132,79
TTO,tt,"Trinidad and Tobago","Latin America & Caribbean ","High income",2023,81.9681015,86
GEO,ge,"Georgia","Europe & Central Asia","Upper middle income",1990,0,20
GEO,ge,"Georgia","Europe & Central Asia","Upper middle income",1991,,
GEO,ge,"Georgia","Europe & Central Asia","Upper middle income",1992,,
GEO,ge,"Georgia","Europe & Central Asia","Upper middle income",1993,,
GEO,ge,"Georgia","Europe & Central Asia","Upper middle income",1994,,
GEO,ge,"Georgia","Europe & Central Asia","Upper middle income",1995,0.0118,84
GEO,ge,"Georgia","Europe & Central Asia","Upper middle income",1996,0.0401,101
GEO,ge,"Georgia","Europe & Central Asia","Upper middle income",1997,0.0609,108
GEO,ge,"Georgia","Europe & Central Asia","Upper middle income",1998,0.103,112
GEO,ge,"Georgia","Europe & Central Asia","Upper middle income",1999,0.416,108
GEO,ge,"Georgia","Europe & Central Asia","Upper middle income",2000,0.484746298540492,127
GEO,ge,"Georgia","Europe & Central Asia","Upper middle income",2001,0.992344436138154,121
GEO,ge,"Georgia","Europe & Central Asia","Upper middle income",2002,1.58787562980332,126
GEO,ge,"Georgia","Europe & Central Asia","Upper middle income",2003,2.55881648068489,114
GEO,ge,"Georgia","Europe & Central Asia","Upper middle income",2004,3.88622135350273,112
GEO,ge,"Georgia","Europe & Central Asia","Upper middle income",2005,6.079500198,105
GEO,ge,"Georgia","Europe & Central Asia","Upper middle income",2006,7.52687684487832,109
GEO,ge,"Georgia","Europe & Central Asia","Upper middle income",2007,8.26,109
GEO,ge,"Georgia","Europe & Central Asia","Upper middle income",2008,10.01000023,110
GEO,ge,"Georgia","Europe & Central Asia","Upper middle income",2009,20.06999969,97
GEO,ge,"Georgia","Europe & Central Asia","Upper middle income",2010,26.9,92
GEO,ge,"Georgia","Europe & Central Asia","Upper middle income",2011,31.52000046,95
GEO,ge,"Georgia","Europe & Central Asia","Upper middle income",2012,36.93999863,91
GEO,ge,"Georgia","Europe & Central Asia","Upper middle income",2013,43.3,87
GEO,ge,"Georgia","Europe & Central Asia","Upper middle income",2014,49.1024547144647,84
GEO,ge,"Georgia","Europe & Central Asia","Upper middle income",2015,47.5697596438736,96
GEO,ge,"Georgia","Europe & Central Asia","Upper middle income",2016,58.4592896118725,81
GEO,ge,"Georgia","Europe & Central Asia","Upper middle income",2017,59.7055045962571,89
GEO,ge,"Georgia","Europe & Central Asia","Upper middle income",2018,62.7179081974285,89
GEO,ge,"Georgia","Europe & Central Asia","Upper middle income",2019,68.8467135616978,88
GEO,ge,"Georgia","Europe & Central Asia","Upper middle income",2020,72.53157487,85
GEO,ge,"Georgia","Europe & Central Asia","Upper middle income",2021,76.4427093,85
GEO,ge,"Georgia","Europe & Central Asia","Upper middle income",2022,78.71127536,90
GEO,ge,"Georgia","Europe & Central Asia","Upper middle income",2023,81.88425624,87
IRQ,iq,"Iraq","Middle East, North Africa, Afghanistan & Pakistan","Upper middle income",1990,0,20
IRQ,iq,"Iraq","Middle East, North Africa, Afghanistan & Pakistan","Upper middle income",1991,,
IRQ,iq,"Iraq","Middle East, North Africa, Afghanistan & Pakistan","Upper middle income",1992,,
IRQ,iq,"Iraq","Middle East, North Africa, Afghanistan & Pakistan","Upper middle income",1993,,
IRQ,iq,"Iraq","Middle East, North Africa, Afghanistan & Pakistan","Upper middle income",1994,,
IRQ,iq,"Iraq","Middle East, North Africa, Afghanistan & Pakistan","Upper middle income",1995,,
IRQ,iq,"Iraq","Middle East, North Africa, Afghanistan & Pakistan","Upper middle income",1996,,
IRQ,iq,"Iraq","Middle East, North Africa, Afghanistan & Pakistan","Upper middle income",1997,,
IRQ,iq,"Iraq","Middle East, North Africa, Afghanistan & Pakistan","Upper middle income",1998,,
IRQ,iq,"Iraq","Middle East, North Africa, Afghanistan & Pakistan","Upper middle income",1999,,
IRQ,iq,"Iraq","Middle East, North Africa, Afghanistan & Pakistan","Upper middle income",2000,,
IRQ,iq,"Iraq","Middle East, North Africa, Afghanistan & Pakistan","Upper middle income",2001,0.1,165
IRQ,iq,"Iraq","Middle East, North Africa, Afghanistan & Pakistan","Upper middle income",2002,0.5,143
IRQ,iq,"Iraq","Middle East, North Africa, Afghanistan & Pakistan","Upper middle income",2003,0.6,143
IRQ,iq,"Iraq","Middle East, North Africa, Afghanistan & Pakistan","Upper middle income",2004,0.9,146
IRQ,iq,"Iraq","Middle East, North Africa, Afghanistan & Pakistan","Upper middle income",2005,0.899999976,153
IRQ,iq,"Iraq","Middle East, North Africa, Afghanistan & Pakistan","Upper middle income",2006,0.95234424383919,163
IRQ,iq,"Iraq","Middle East, North Africa, Afghanistan & Pakistan","Upper middle income",2007,0.93,160
IRQ,iq,"Iraq","Middle East, North Africa, Afghanistan & Pakistan","Upper middle income",2008,1,162
IRQ,iq,"Iraq","Middle East, North Africa, Afghanistan & Pakistan","Upper middle income",2009,1.06,162
IRQ,iq,"Iraq","Middle East, North Africa, Afghanistan & Pakistan","Upper middle income",2010,2.5,145
IRQ,iq,"Iraq","Middle East, North Africa, Afghanistan & Pakistan","Upper middle income",2011,5,139
IRQ,iq,"Iraq","Middle East, North Africa, Afghanistan & Pakistan","Upper middle income",2012,7.099999905,148
IRQ,iq,"Iraq","Middle East, North Africa, Afghanistan & Pakistan","Upper middle income",2013,9.199999809,141
IRQ,iq,"Iraq","Middle East, North Africa, Afghanistan & Pakistan","Upper middle income",2014,11.6453267304545,145
IRQ,iq,"Iraq","Middle East, North Africa, Afghanistan & Pakistan","Upper middle income",2015,15.21440029,145
IRQ,iq,"Iraq","Middle East, North Africa, Afghanistan & Pakistan","Upper middle income",2016,19.87719917,145
IRQ,iq,"Iraq","Middle East, North Africa, Afghanistan & Pakistan","Upper middle income",2017,25.96920013,138
IRQ,iq,"Iraq","Middle East, North Africa, Afghanistan & Pakistan","Upper middle income",2018,33.92810059,131
IRQ,iq,"Iraq","Middle East, North Africa, Afghanistan & Pakistan","Upper middle income",2019,44.3263465511579,129
IRQ,iq,"Iraq","Middle East, North Africa, Afghanistan & Pakistan","Upper middle income",2020,53.67779922,128
IRQ,iq,"Iraq","Middle East, North Africa, Afghanistan & Pakistan","Upper middle income",2021,65.00219727,117
IRQ,iq,"Iraq","Middle East, North Africa, Afghanistan & Pakistan","Upper middle income",2022,78.71560926,89
IRQ,iq,"Iraq","Middle East, North Africa, Afghanistan & Pakistan","Upper middle income",2023,81.80889893,88
LBN,lb,"Lebanon","Middle East, North Africa, Afghanistan & Pakistan","Lower middle income",1990,0,20
LBN,lb,"Lebanon","Middle East, North Africa, Afghanistan & Pakistan","Lower middle income",1991,,
LBN,lb,"Lebanon","Middle East, North Africa, Afghanistan & Pakistan","Lower middle income",1992,,
LBN,lb,"Lebanon","Middle East, North Africa, Afghanistan & Pakistan","Lower middle income",1993,,
LBN,lb,"Lebanon","Middle East, North Africa, Afghanistan & Pakistan","Lower middle income",1994,,
LBN,lb,"Lebanon","Middle East, North Africa, Afghanistan & Pakistan","Lower middle income",1995,0.0716,65
LBN,lb,"Lebanon","Middle East, North Africa, Afghanistan & Pakistan","Lower middle income",1996,0.14,82
LBN,lb,"Lebanon","Middle East, North Africa, Afghanistan & Pakistan","Lower middle income",1997,1.24,53
LBN,lb,"Lebanon","Middle East, North Africa, Afghanistan & Pakistan","Lower middle income",1998,2.72,50
LBN,lb,"Lebanon","Middle East, North Africa, Afghanistan & Pakistan","Lower middle income",1999,5.38,45
LBN,lb,"Lebanon","Middle East, North Africa, Afghanistan & Pakistan","Lower middle income",2000,7.95274373635276,46
LBN,lb,"Lebanon","Middle East, North Africa, Afghanistan & Pakistan","Lower middle income",2001,6.78321977527715,65
LBN,lb,"Lebanon","Middle East, North Africa, Afghanistan & Pakistan","Lower middle income",2002,7,74
LBN,lb,"Lebanon","Middle East, North Africa, Afghanistan & Pakistan","Lower middle income",2003,8,78
LBN,lb,"Lebanon","Middle East, North Africa, Afghanistan & Pakistan","Lower middle income",2004,9,86
LBN,lb,"Lebanon","Middle East, North Africa, Afghanistan & Pakistan","Lower middle income",2005,10.14000034,90
LBN,lb,"Lebanon","Middle East, North Africa, Afghanistan & Pakistan","Lower middle income",2006,15,87
LBN,lb,"Lebanon","Middle East, North Africa, Afghanistan & Pakistan","Lower middle income",2007,18.74,86
LBN,lb,"Lebanon","Middle East, North Africa, Afghanistan & Pakistan","Lower middle income",2008,22.53,87
LBN,lb,"Lebanon","Middle East, North Africa, Afghanistan & Pakistan","Lower middle income",2009,30.13999939,77
LBN,lb,"Lebanon","Middle East, North Africa, Afghanistan & Pakistan","Lower middle income",2010,43.68000031,59
LBN,lb,"Lebanon","Middle East, North Africa, Afghanistan & Pakistan","Lower middle income",2011,52,56
LBN,lb,"Lebanon","Middle East, North Africa, Afghanistan & Pakistan","Lower middle income",2012,61.24980164,49
LBN,lb,"Lebanon","Middle East, North Africa, Afghanistan & Pakistan","Lower middle income",2013,70.5,40
LBN,lb,"Lebanon","Middle East, North Africa, Afghanistan & Pakistan","Lower middle income",2014,73,38
LBN,lb,"Lebanon","Middle East, North Africa, Afghanistan & Pakistan","Lower middle income",2015,74,41
LBN,lb,"Lebanon","Middle East, North Africa, Afghanistan & Pakistan","Lower middle income",2016,76.11000061,45
LBN,lb,"Lebanon","Middle East, North Africa, Afghanistan & Pakistan","Lower middle income",2017,78.18080139,47
LBN,lb,"Lebanon","Middle East, North Africa, Afghanistan & Pakistan","Lower middle income",2018,80.90000153,41
LBN,lb,"Lebanon","Middle East, North Africa, Afghanistan & Pakistan","Lower middle income",2019,81.48120117,51
LBN,lb,"Lebanon","Middle East, North Africa, Afghanistan & Pakistan","Lower middle income",2020,82.0664978,54
LBN,lb,"Lebanon","Middle East, North Africa, Afghanistan & Pakistan","Lower middle income",2021,82.65599823,61
LBN,lb,"Lebanon","Middle East, North Africa, Afghanistan & Pakistan","Lower middle income",2022,81.46479797,81
LBN,lb,"Lebanon","Middle East, North Africa, Afghanistan & Pakistan","Lower middle income",2023,81.7059021,89
UKR,ua,"Ukraine","Europe & Central Asia","Upper middle income",1990,0,20
UKR,ua,"Ukraine","Europe & Central Asia","Upper middle income",1991,,
UKR,ua,"Ukraine","Europe & Central Asia","Upper middle income",1992,,
UKR,ua,"Ukraine","Europe & Central Asia","Upper middle income",1993,0.000777,50
UKR,ua,"Ukraine","Europe & Central Asia","Upper middle income",1994,0.0136,54
UKR,ua,"Ukraine","Europe & Central Asia","Upper middle income",1995,0.0431,71
UKR,ua,"Ukraine","Europe & Central Asia","Upper middle income",1996,0.0986,84
UKR,ua,"Ukraine","Europe & Central Asia","Upper middle income",1997,0.199,89
UKR,ua,"Ukraine","Europe & Central Asia","Upper middle income",1998,0.301,91
UKR,ua,"Ukraine","Europe & Central Asia","Upper middle income",1999,0.405,109
UKR,ua,"Ukraine","Europe & Central Asia","Upper middle income",2000,0.716183762031043,117
UKR,ua,"Ukraine","Europe & Central Asia","Upper middle income",2001,1.23875954748114,115
UKR,ua,"Ukraine","Europe & Central Asia","Upper middle income",2002,1.87388511643427,117
UKR,ua,"Ukraine","Europe & Central Asia","Upper middle income",2003,3.14812758815439,107
UKR,ua,"Ukraine","Europe & Central Asia","Upper middle income",2004,3.4894778812677,118
UKR,ua,"Ukraine","Europe & Central Asia","Upper middle income",2005,3.749799967,124
UKR,ua,"Ukraine","Europe & Central Asia","Upper middle income",2006,4.50612456357379,127
UKR,ua,"Ukraine","Europe & Central Asia","Upper middle income",2007,6.55,118
UKR,ua,"Ukraine","Europe & Central Asia","Upper middle income",2008,11,107
UKR,ua,"Ukraine","Europe & Central Asia","Upper middle income",2009,17.9,101
UKR,ua,"Ukraine","Europe & Central Asia","Upper middle income",2010,23.3,96
UKR,ua,"Ukraine","Europe & Central Asia","Upper middle income",2011,28.7082628400713,100
UKR,ua,"Ukraine","Europe & Central Asia","Upper middle income",2012,35.27,95
UKR,ua,"Ukraine","Europe & Central Asia","Upper middle income",2013,40.954128997,90
UKR,ua,"Ukraine","Europe & Central Asia","Upper middle income",2014,46.2359754571651,88
UKR,ua,"Ukraine","Europe & Central Asia","Upper middle income",2015,48.8846436813218,95
UKR,ua,"Ukraine","Europe & Central Asia","Upper middle income",2016,53.0009695981884,95
UKR,ua,"Ukraine","Europe & Central Asia","Upper middle income",2017,58.8894794459775,91
UKR,ua,"Ukraine","Europe & Central Asia","Upper middle income",2018,62.5531553933869,91
UKR,ua,"Ukraine","Europe & Central Asia","Upper middle income",2019,70.1248442995263,82
UKR,ua,"Ukraine","Europe & Central Asia","Upper middle income",2020,75.03790912,80
UKR,ua,"Ukraine","Europe & Central Asia","Upper middle income",2021,79.21829353,76
UKR,ua,"Ukraine","Europe & Central Asia","Upper middle income",2022,80.47429657,86
UKR,ua,"Ukraine","Europe & Central Asia","Upper middle income",2023,81.58059692,90
DMA,dm,"Dominica","Latin America & Caribbean ","Upper middle income",1990,0,20
DMA,dm,"Dominica","Latin America & Caribbean ","Upper middle income",1991,,
DMA,dm,"Dominica","Latin America & Caribbean ","Upper middle income",1992,,
DMA,dm,"Dominica","Latin America & Caribbean ","Upper middle income",1993,,
DMA,dm,"Dominica","Latin America & Caribbean ","Upper middle income",1994,,
DMA,dm,"Dominica","Latin America & Caribbean ","Upper middle income",1995,0.549,34
DMA,dm,"Dominica","Latin America & Caribbean ","Upper middle income",1996,1.17,38
DMA,dm,"Dominica","Latin America & Caribbean ","Upper middle income",1997,,
DMA,dm,"Dominica","Latin America & Caribbean ","Upper middle income",1998,2.93,47
DMA,dm,"Dominica","Latin America & Caribbean ","Upper middle income",1999,2.93,61
DMA,dm,"Dominica","Latin America & Caribbean ","Upper middle income",2000,8.81484419762881,44
DMA,dm,"Dominica","Latin America & Caribbean ","Upper middle income",2001,13.2452280386761,42
DMA,dm,"Dominica","Latin America & Caribbean ","Upper middle income",2002,18.4248927671241,45
DMA,dm,"Dominica","Latin America & Caribbean ","Upper middle income",2003,23.6204198529629,43
DMA,dm,"Dominica","Latin America & Caribbean ","Upper middle income",2004,30.3196130921568,41
DMA,dm,"Dominica","Latin America & Caribbean ","Upper middle income",2005,38.54359818,35
DMA,dm,"Dominica","Latin America & Caribbean ","Upper middle income",2006,39.39820099,42
DMA,dm,"Dominica","Latin America & Caribbean ","Upper middle income",2007,40.2745018,48
DMA,dm,"Dominica","Latin America & Caribbean ","Upper middle income",2008,41.15999985,52
DMA,dm,"Dominica","Latin America & Caribbean ","Upper middle income",2009,42.02000046,55
DMA,dm,"Dominica","Latin America & Caribbean ","Upper middle income",2010,47.45,52
DMA,dm,"Dominica","Latin America & Caribbean ","Upper middle income",2011,48.59999847,63
DMA,dm,"Dominica","Latin America & Caribbean ","Upper middle income",2012,49.79999924,67
DMA,dm,"Dominica","Latin America & Caribbean ","Upper middle income",2013,51,72
DMA,dm,"Dominica","Latin America & Caribbean ","Upper middle income",2014,57.5,65
DMA,dm,"Dominica","Latin America & Caribbean ","Upper middle income",2015,65,65
DMA,dm,"Dominica","Latin America & Caribbean ","Upper middle income",2016,67.02999878,65
DMA,dm,"Dominica","Latin America & Caribbean ","Upper middle income",2017,69.61969757,66
DMA,dm,"Dominica","Latin America & Caribbean ","Upper middle income",2018,,
DMA,dm,"Dominica","Latin America & Caribbean ","Upper middle income",2019,73.38200378,73
DMA,dm,"Dominica","Latin America & Caribbean ","Upper middle income",2020,75.65670013,78
DMA,dm,"Dominica","Latin America & Caribbean ","Upper middle income",2021,78.07949829,80
DMA,dm,"Dominica","Latin America & Caribbean ","Upper middle income",2022,80.57980347,84
DMA,dm,"Dominica","Latin America & Caribbean ","Upper middle income",2023,81.33650208,91
MEX,mx,"Mexico","Latin America & Caribbean ","Upper middle income",1990,0,20
MEX,mx,"Mexico","Latin America & Caribbean ","Upper middle income",1991,0.00588,26
MEX,mx,"Mexico","Latin America & Caribbean ","Upper middle income",1992,0.0173,34
MEX,mx,"Mexico","Latin America & Caribbean ","Upper middle income",1993,0.0283,40
MEX,mx,"Mexico","Latin America & Caribbean ","Upper middle income",1994,0.0433,46
MEX,mx,"Mexico","Latin America & Caribbean ","Upper middle income",1995,0.103,60
MEX,mx,"Mexico","Latin America & Caribbean ","Upper middle income",1996,0.2,76
MEX,mx,"Mexico","Latin America & Caribbean ","Upper middle income",1997,0.627,65
MEX,mx,"Mexico","Latin America & Caribbean ","Upper middle income",1998,1.27,70
MEX,mx,"Mexico","Latin America & Caribbean ","Upper middle income",1999,1.86,79
MEX,mx,"Mexico","Latin America & Caribbean ","Upper middle income",2000,5.08138415338066,66
MEX,mx,"Mexico","Latin America & Caribbean ","Upper middle income",2001,7.0380231165045,64
MEX,mx,"Mexico","Latin America & Caribbean ","Upper middle income",2002,11.9,59
MEX,mx,"Mexico","Latin America & Caribbean ","Upper middle income",2003,12.9,64
MEX,mx,"Mexico","Latin America & Caribbean ","Upper middle income",2004,14.1,71
MEX,mx,"Mexico","Latin America & Caribbean ","Upper middle income",2005,17.20999908,68
MEX,mx,"Mexico","Latin America & Caribbean ","Upper middle income",2006,19.52000046,74
MEX,mx,"Mexico","Latin America & Caribbean ","Upper middle income",2007,20.81,79
MEX,mx,"Mexico","Latin America & Caribbean ","Upper middle income",2008,21.71,89
MEX,mx,"Mexico","Latin America & Caribbean ","Upper middle income",2009,26.34,87
MEX,mx,"Mexico","Latin America & Caribbean ","Upper middle income",2010,31.05,81
MEX,mx,"Mexico","Latin America & Caribbean ","Upper middle income",2011,37.1762954125184,84
MEX,mx,"Mexico","Latin America & Caribbean ","Upper middle income",2012,39.75,86
MEX,mx,"Mexico","Latin America & Caribbean ","Upper middle income",2013,43.46,86
MEX,mx,"Mexico","Latin America & Caribbean ","Upper middle income",2014,44.3856962723411,93
MEX,mx,"Mexico","Latin America & Caribbean ","Upper middle income",2015,57.4310429923633,73
MEX,mx,"Mexico","Latin America & Caribbean ","Upper middle income",2016,59.5404459967255,78
MEX,mx,"Mexico","Latin America & Caribbean ","Upper middle income",2017,53.0317886110982,105
MEX,mx,"Mexico","Latin America & Caribbean ","Upper middle income",2018,56.6595667981289,102
MEX,mx,"Mexico","Latin America & Caribbean ","Upper middle income",2019,69.6321092705209,86
MEX,mx,"Mexico","Latin America & Caribbean ","Upper middle income",2020,71.49017499,91
MEX,mx,"Mexico","Latin America & Caribbean ","Upper middle income",2021,75.62650476,87
MEX,mx,"Mexico","Latin America & Caribbean ","Upper middle income",2022,78.63217894,91
MEX,mx,"Mexico","Latin America & Caribbean ","Upper middle income",2023,81.18318755,92
BGR,bg,"Bulgaria","Europe & Central Asia","High income",1990,0,20
BGR,bg,"Bulgaria","Europe & Central Asia","High income",1991,,
BGR,bg,"Bulgaria","Europe & Central Asia","High income",1992,,
BGR,bg,"Bulgaria","Europe & Central Asia","High income",1993,0.00234,48
BGR,bg,"Bulgaria","Europe & Central Asia","High income",1994,0.0195,53
BGR,bg,"Bulgaria","Europe & Central Asia","High income",1995,0.12,56
BGR,bg,"Bulgaria","Europe & Central Asia","High income",1996,0.725,53
BGR,bg,"Bulgaria","Europe & Central Asia","High income",1997,1.22,54
BGR,bg,"Bulgaria","Europe & Central Asia","High income",1998,1.84,62
BGR,bg,"Bulgaria","Europe & Central Asia","High income",1999,2.91,63
BGR,bg,"Bulgaria","Europe & Central Asia","High income",2000,5.37092346908696,63
BGR,bg,"Bulgaria","Europe & Central Asia","High income",2001,7.6122977487982,59
BGR,bg,"Bulgaria","Europe & Central Asia","High income",2002,9.08,68
BGR,bg,"Bulgaria","Europe & Central Asia","High income",2003,12.04,67
BGR,bg,"Bulgaria","Europe & Central Asia","High income",2004,18.13,65
BGR,bg,"Bulgaria","Europe & Central Asia","High income",2005,19.97,66
BGR,bg,"Bulgaria","Europe & Central Asia","High income",2006,27.09,62
BGR,bg,"Bulgaria","Europe & Central Asia","High income",2007,33.64,56
BGR,bg,"Bulgaria","Europe & Central Asia","High income",2008,39.67,54
BGR,bg,"Bulgaria","Europe & Central Asia","High income",2009,45,51
BGR,bg,"Bulgaria","Europe & Central Asia","High income",2010,46.23,55
BGR,bg,"Bulgaria","Europe & Central Asia","High income",2011,47.9799930506026,65
BGR,bg,"Bulgaria","Europe & Central Asia","High income",2012,51.8999876658503,66
BGR,bg,"Bulgaria","Europe & Central Asia","High income",2013,53.0615,68
BGR,bg,"Bulgaria","Europe & Central Asia","High income",2014,55.4903766299262,69
BGR,bg,"Bulgaria","Europe & Central Asia","High income",2015,56.6562516053086,78
BGR,bg,"Bulgaria","Europe & Central Asia","High income",2016,59.825547661014,76
BGR,bg,"Bulgaria","Europe & Central Asia","High income",2017,63.4101013837926,78
BGR,bg,"Bulgaria","Europe & Central Asia","High income",2018,64.78201069118,84
BGR,bg,"Bulgaria","Europe & Central Asia","High income",2019,67.9469809417603,93
BGR,bg,"Bulgaria","Europe & Central Asia","High income",2020,70.16248359,99
BGR,bg,"Bulgaria","Europe & Central Asia","High income",2021,75.27144583,88
BGR,bg,"Bulgaria","Europe & Central Asia","High income",2022,79.12686326,87
BGR,bg,"Bulgaria","Europe & Central Asia","High income",2023,80.38956462,93
ARM,am,"Armenia","Europe & Central Asia","Upper middle income",1990,0,20
ARM,am,"Armenia","Europe & Central Asia","Upper middle income",1991,,
ARM,am,"Armenia","Europe & Central Asia","Upper middle income",1992,,
ARM,am,"Armenia","Europe & Central Asia","Upper middle income",1993,,
ARM,am,"Armenia","Europe & Central Asia","Upper middle income",1994,0.00912,56
ARM,am,"Armenia","Europe & Central Asia","Upper middle income",1995,0.0527,68
ARM,am,"Armenia","Europe & Central Asia","Upper middle income",1996,0.0946,85
ARM,am,"Armenia","Europe & Central Asia","Upper middle income",1997,0.112,97
ARM,am,"Armenia","Europe & Central Asia","Upper middle income",1998,0.129,110
ARM,am,"Armenia","Europe & Central Asia","Upper middle income",1999,0.971,89
ARM,am,"Armenia","Europe & Central Asia","Upper middle income",2000,1.30047002237784,100
ARM,am,"Armenia","Europe & Central Asia","Upper middle income",2001,1.63109466677715,104
ARM,am,"Armenia","Europe & Central Asia","Upper middle income",2002,1.9604050458212,114
ARM,am,"Armenia","Europe & Central Asia","Upper middle income",2003,4.57521722477781,95
ARM,am,"Armenia","Europe & Central Asia","Upper middle income",2004,4.8990085713054,105
ARM,am,"Armenia","Europe & Central Asia","Upper middle income",2005,5.252999783,112
ARM,am,"Armenia","Europe & Central Asia","Upper middle income",2006,5.631800175,119
ARM,am,"Armenia","Europe & Central Asia","Upper middle income",2007,6.021299839,121
ARM,am,"Armenia","Europe & Central Asia","Upper middle income",2008,6.21,129
ARM,am,"Armenia","Europe & Central Asia","Upper middle income",2009,15.30000019,107
ARM,am,"Armenia","Europe & Central Asia","Upper middle income",2010,25,94
ARM,am,"Armenia","Europe & Central Asia","Upper middle income",2011,32,94
ARM,am,"Armenia","Europe & Central Asia","Upper middle income",2012,37.5,89
ARM,am,"Armenia","Europe & Central Asia","Upper middle income",2013,41.9,88
ARM,am,"Armenia","Europe & Central Asia","Upper middle income",2014,54.6228058583362,70
ARM,am,"Armenia","Europe & Central Asia","Upper middle income",2015,59.1008337674937,69
ARM,am,"Armenia","Europe & Central Asia","Upper middle income",2016,64.3460297653742,69
ARM,am,"Armenia","Europe & Central Asia","Upper middle income",2017,64.7448843250726,73
ARM,am,"Armenia","Europe & Central Asia","Upper middle income",2018,68.2450522610271,76
ARM,am,"Armenia","Europe & Central Asia","Upper middle income",2019,66.5439496866159,97
ARM,am,"Armenia","Europe & Central Asia","Upper middle income",2020,76.50770055,75
ARM,am,"Armenia","Europe & Central Asia","Upper middle income",2021,78.61225758,77
ARM,am,"Armenia","Europe & Central Asia","Upper middle income",2022,77.02767465,94
ARM,am,"Armenia","Europe & Central Asia","Upper middle income",2023,79.99663036,94
MUS,mu,"Mauritius","Sub-Saharan Africa ","Upper middle income",1990,0,20
MUS,mu,"Mauritius","Sub-Saharan Africa ","Upper middle income",1991,,
MUS,mu,"Mauritius","Sub-Saharan Africa ","Upper middle income",1992,,
MUS,mu,"Mauritius","Sub-Saharan Africa ","Upper middle income",1993,,
MUS,mu,"Mauritius","Sub-Saharan Africa ","Upper middle income",1994,,
MUS,mu,"Mauritius","Sub-Saharan Africa ","Upper middle income",1995,,
MUS,mu,"Mauritius","Sub-Saharan Africa ","Upper middle income",1996,0.184,79
MUS,mu,"Mauritius","Sub-Saharan Africa ","Upper middle income",1997,0.476,72
MUS,mu,"Mauritius","Sub-Saharan Africa ","Upper middle income",1998,2.57,53
MUS,mu,"Mauritius","Sub-Saharan Africa ","Upper middle income",1999,4.65,49
MUS,mu,"Mauritius","Sub-Saharan Africa ","Upper middle income",2000,7.28153511499385,50
MUS,mu,"Mauritius","Sub-Saharan Africa ","Upper middle income",2001,8.78090401892036,55
MUS,mu,"Mauritius","Sub-Saharan Africa ","Upper middle income",2002,10.252624671916,64
MUS,mu,"Mauritius","Sub-Saharan Africa ","Upper middle income",2003,12.1871062041308,66
MUS,mu,"Mauritius","Sub-Saharan Africa ","Upper middle income",2004,13.6890885885342,72
MUS,mu,"Mauritius","Sub-Saharan Africa ","Upper middle income",2005,15.1722002,74
MUS,mu,"Mauritius","Sub-Saharan Africa ","Upper middle income",2006,16.7,82
MUS,mu,"Mauritius","Sub-Saharan Africa ","Upper middle income",2007,20.22,82
MUS,mu,"Mauritius","Sub-Saharan Africa ","Upper middle income",2008,21.81,88
MUS,mu,"Mauritius","Sub-Saharan Africa ","Upper middle income",2009,22.51,94
MUS,mu,"Mauritius","Sub-Saharan Africa ","Upper middle income",2010,28.33,87
MUS,mu,"Mauritius","Sub-Saharan Africa ","Upper middle income",2011,34.95000076,89
MUS,mu,"Mauritius","Sub-Saharan Africa ","Upper middle income",2012,35.42,93
MUS,mu,"Mauritius","Sub-Saharan Africa ","Upper middle income",2013,40.116825135,92
MUS,mu,"Mauritius","Sub-Saharan Africa ","Upper middle income",2014,44.8032753683379,92
MUS,mu,"Mauritius","Sub-Saharan Africa ","Upper middle income",2015,50.1393184766711,91
MUS,mu,"Mauritius","Sub-Saharan Africa ","Upper middle income",2016,52.19129944,97
MUS,mu,"Mauritius","Sub-Saharan Africa ","Upper middle income",2017,55.4032403002657,98
MUS,mu,"Mauritius","Sub-Saharan Africa ","Upper middle income",2018,58.596169704299,97
MUS,mu,"Mauritius","Sub-Saharan Africa ","Upper middle income",2019,61.7299551453346,106
MUS,mu,"Mauritius","Sub-Saharan Africa ","Upper middle income",2020,67.73290684,105
MUS,mu,"Mauritius","Sub-Saharan Africa ","Upper middle income",2021,71.59999847,101
MUS,mu,"Mauritius","Sub-Saharan Africa ","Upper middle income",2022,75.5,100
MUS,mu,"Mauritius","Sub-Saharan Africa ","Upper middle income",2023,79.5,95
PER,pe,"Peru","Latin America & Caribbean ","Upper middle income",1990,0,20
PER,pe,"Peru","Latin America & Caribbean ","Upper middle income",1991,,
PER,pe,"Peru","Latin America & Caribbean ","Upper middle income",1992,,
PER,pe,"Peru","Latin America & Caribbean ","Upper middle income",1993,,
PER,pe,"Peru","Latin America & Caribbean ","Upper middle income",1994,0.0085,57
PER,pe,"Peru","Latin America & Caribbean ","Upper middle income",1995,0.0334,74
PER,pe,"Peru","Latin America & Caribbean ","Upper middle income",1996,0.246,71
PER,pe,"Peru","Latin America & Caribbean ","Upper middle income",1997,0.403,78
PER,pe,"Peru","Latin America & Caribbean ","Upper middle income",1998,1.19,71
PER,pe,"Peru","Latin America & Caribbean ","Upper middle income",1999,1.95,76
PER,pe,"Peru","Latin America & Caribbean ","Upper middle income",2000,3.07643061137675,80
PER,pe,"Peru","Latin America & Caribbean ","Upper middle income",2001,7.57876295717419,60
PER,pe,"Peru","Latin America & Caribbean ","Upper middle income",2002,8.96694917040028,69
PER,pe,"Peru","Latin America & Caribbean ","Upper middle income",2003,11.6,69
PER,pe,"Peru","Latin America & Caribbean ","Upper middle income",2004,14.1,71
PER,pe,"Peru","Latin America & Caribbean ","Upper middle income",2005,17.10000038,69
PER,pe,"Peru","Latin America & Caribbean ","Upper middle income",2006,20.70000076,71
PER,pe,"Peru","Latin America & Caribbean ","Upper middle income",2007,25.20000076,70
PER,pe,"Peru","Latin America & Caribbean ","Upper middle income",2008,30.57,72
PER,pe,"Peru","Latin America & Caribbean ","Upper middle income",2009,31.4,74
PER,pe,"Peru","Latin America & Caribbean ","Upper middle income",2010,34.77,73
PER,pe,"Peru","Latin America & Caribbean ","Upper middle income",2011,36.01,86
PER,pe,"Peru","Latin America & Caribbean ","Upper middle income",2012,38.2,88
PER,pe,"Peru","Latin America & Caribbean ","Upper middle income",2013,39.2,93
PER,pe,"Peru","Latin America & Caribbean ","Upper middle income",2014,40.2446560091704,98
PER,pe,"Peru","Latin America & Caribbean ","Upper middle income",2015,40.8526009090468,106
PER,pe,"Peru","Latin America & Caribbean ","Upper middle income",2016,45.4617406869459,105
PER,pe,"Peru","Latin America & Caribbean ","Upper middle income",2017,50.4504121848143,109
PER,pe,"Peru","Latin America & Caribbean ","Upper middle income",2018,55.0543342443197,107
PER,pe,"Peru","Latin America & Caribbean ","Upper middle income",2019,59.9505036049006,108
PER,pe,"Peru","Latin America & Caribbean ","Upper middle income",2020,65.25179796,107
PER,pe,"Peru","Latin America & Caribbean ","Upper middle income",2021,71.10782643,102
PER,pe,"Peru","Latin America & Caribbean ","Upper middle income",2022,74.67495213,105
PER,pe,"Peru","Latin America & Caribbean ","Upper middle income",2023,79.48484477,96
GUY,gy,"Guyana","Latin America & Caribbean ","High income",1990,0,20
GUY,gy,"Guyana","Latin America & Caribbean ","High income",1991,,
GUY,gy,"Guyana","Latin America & Caribbean ","High income",1992,,
GUY,gy,"Guyana","Latin America & Caribbean ","High income",1993,,
GUY,gy,"Guyana","Latin America & Caribbean ","High income",1994,,
GUY,gy,"Guyana","Latin America & Caribbean ","High income",1995,,
GUY,gy,"Guyana","Latin America & Caribbean ","High income",1996,0.0659,91
GUY,gy,"Guyana","Latin America & Caribbean ","High income",1997,0.132,95
GUY,gy,"Guyana","Latin America & Caribbean ","High income",1998,0.264,94
GUY,gy,"Guyana","Latin America & Caribbean ","High income",1999,0.4,110
GUY,gy,"Guyana","Latin America & Caribbean ","High income",2000,0.6,123
GUY,gy,"Guyana","Latin America & Caribbean ","High income",2001,1,120
GUY,gy,"Guyana","Latin America & Caribbean ","High income",2002,1.5,128
GUY,gy,"Guyana","Latin America & Caribbean ","High income",2003,2.4,119
GUY,gy,"Guyana","Latin America & Caribbean ","High income",2004,3.7,114
GUY,gy,"Guyana","Latin America & Caribbean ","High income",2005,5.699999809,110
GUY,gy,"Guyana","Latin America & Caribbean ","High income",2006,8.899999619,103
GUY,gy,"Guyana","Latin America & Caribbean ","High income",2007,13.80000019,97
GUY,gy,"Guyana","Latin America & Caribbean ","High income",2008,18.2,95
GUY,gy,"Guyana","Latin America & Caribbean ","High income",2009,23.9,93
GUY,gy,"Guyana","Latin America & Caribbean ","High income",2010,29.9,84
GUY,gy,"Guyana","Latin America & Caribbean ","High income",2011,30,98
GUY,gy,"Guyana","Latin America & Caribbean ","High income",2012,30.5,105
GUY,gy,"Guyana","Latin America & Caribbean ","High income",2013,31,106
GUY,gy,"Guyana","Latin America & Caribbean ","High income",2014,32,110
GUY,gy,"Guyana","Latin America & Caribbean ","High income",2015,34,116
GUY,gy,"Guyana","Latin America & Caribbean ","High income",2016,35.65999985,117
GUY,gy,"Guyana","Latin America & Caribbean ","High income",2017,42.6753006,119
GUY,gy,"Guyana","Latin America & Caribbean ","High income",2018,48.59889984,111
GUY,gy,"Guyana","Latin America & Caribbean ","High income",2019,55.31269836,116
GUY,gy,"Guyana","Latin America & Caribbean ","High income",2020,62.95399857,113
GUY,gy,"Guyana","Latin America & Caribbean ","High income",2021,71.65090179,99
GUY,gy,"Guyana","Latin America & Caribbean ","High income",2022,76.56240082,95
GUY,gy,"Guyana","Latin America & Caribbean ","High income",2023,79.3553009,97
ZAF,za,"South Africa","Sub-Saharan Africa ","Upper middle income",1990,0,20
ZAF,za,"South Africa","Sub-Saharan Africa ","Upper middle income",1991,0.0133,25
ZAF,za,"South Africa","Sub-Saharan Africa ","Upper middle income",1992,0.0389,32
ZAF,za,"South Africa","Sub-Saharan Africa ","Upper middle income",1993,0.114,32
ZAF,za,"South Africa","Sub-Saharan Africa ","Upper middle income",1994,0.247,34
ZAF,za,"South Africa","Sub-Saharan Africa ","Upper middle income",1995,0.677,32
ZAF,za,"South Africa","Sub-Saharan Africa ","Upper middle income",1996,0.842,48
ZAF,za,"South Africa","Sub-Saharan Africa ","Upper middle income",1997,1.63,48
ZAF,za,"South Africa","Sub-Saharan Africa ","Upper middle income",1998,2.91,48
ZAF,za,"South Africa","Sub-Saharan Africa ","Upper middle income",1999,4.12,53
ZAF,za,"South Africa","Sub-Saharan Africa ","Upper middle income",2000,5.34855973203537,64
ZAF,za,"South Africa","Sub-Saharan Africa ","Upper middle income",2001,6.34661931839768,66
ZAF,za,"South Africa","Sub-Saharan Africa ","Upper middle income",2002,6.71032243705404,77
ZAF,za,"South Africa","Sub-Saharan Africa ","Upper middle income",2003,7.00769172611251,85
ZAF,za,"South Africa","Sub-Saharan Africa ","Upper middle income",2004,8.4251186825406,88
ZAF,za,"South Africa","Sub-Saharan Africa ","Upper middle income",2005,7.48854252992921,99
ZAF,za,"South Africa","Sub-Saharan Africa ","Upper middle income",2006,7.60713967477381,108
ZAF,za,"South Africa","Sub-Saharan Africa ","Upper middle income",2007,8.06537517355504,110
ZAF,za,"South Africa","Sub-Saharan Africa ","Upper middle income",2008,8.43,116
ZAF,za,"South Africa","Sub-Saharan Africa ","Upper middle income",2009,10,115
ZAF,za,"South Africa","Sub-Saharan Africa ","Upper middle income",2010,24,95
ZAF,za,"South Africa","Sub-Saharan Africa ","Upper middle income",2011,33.97,92
ZAF,za,"South Africa","Sub-Saharan Africa ","Upper middle income",2012,41,83
ZAF,za,"South Africa","Sub-Saharan Africa ","Upper middle income",2013,46.5,78
ZAF,za,"South Africa","Sub-Saharan Africa ","Upper middle income",2014,49,85
ZAF,za,"South Africa","Sub-Saharan Africa ","Upper middle income",2015,51.91910172,88
ZAF,za,"South Africa","Sub-Saharan Africa ","Upper middle income",2016,54,90
ZAF,za,"South Africa","Sub-Saharan Africa ","Upper middle income",2017,56.16740036,95
ZAF,za,"South Africa","Sub-Saharan Africa ","Upper middle income",2018,62.40000153,92
ZAF,za,"South Africa","Sub-Saharan Africa ","Upper middle income",2019,69.69689941,85
ZAF,za,"South Africa","Sub-Saharan Africa ","Upper middle income",2020,72.1128006,88
ZAF,za,"South Africa","Sub-Saharan Africa ","Upper middle income",2021,74.96859741,89
ZAF,za,"South Africa","Sub-Saharan Africa ","Upper middle income",2022,78.29319763,93
ZAF,za,"South Africa","Sub-Saharan Africa ","Upper middle income",2023,78.33670044,98
PRY,py,"Paraguay","Latin America & Caribbean ","Upper middle income",1990,0,20
PRY,py,"Paraguay","Latin America & Caribbean ","Upper middle income",1991,,
PRY,py,"Paraguay","Latin America & Caribbean ","Upper middle income",1992,,
PRY,py,"Paraguay","Latin America & Caribbean ","Upper middle income",1993,,
PRY,py,"Paraguay","Latin America & Caribbean ","Upper middle income",1994,,
PRY,py,"Paraguay","Latin America & Caribbean ","Upper middle income",1995,,
PRY,py,"Paraguay","Latin America & Caribbean ","Upper middle income",1996,0.0204,110
PRY,py,"Paraguay","Latin America & Caribbean ","Upper middle income",1997,0.0996,100
PRY,py,"Paraguay","Latin America & Caribbean ","Upper middle income",1998,0.195,101
PRY,py,"Paraguay","Latin America & Caribbean ","Upper middle income",1999,0.382,111
PRY,py,"Paraguay","Latin America & Caribbean ","Upper middle income",2000,0.747630711548184,116
PRY,py,"Paraguay","Latin America & Caribbean ","Upper middle income",2001,1.09879383569333,117
PRY,py,"Paraguay","Latin America & Caribbean ","Upper middle income",2002,1.79496959770244,121
PRY,py,"Paraguay","Latin America & Caribbean ","Upper middle income",2003,2.11194208210034,122
PRY,py,"Paraguay","Latin America & Caribbean ","Upper middle income",2004,3.45243843137079,119
PRY,py,"Paraguay","Latin America & Caribbean ","Upper middle income",2005,7.90700786141285,98
PRY,py,"Paraguay","Latin America & Caribbean ","Upper middle income",2006,7.962100029,106
PRY,py,"Paraguay","Latin America & Caribbean ","Upper middle income",2007,11.21,100
PRY,py,"Paraguay","Latin America & Caribbean ","Upper middle income",2008,14.27,101
PRY,py,"Paraguay","Latin America & Caribbean ","Upper middle income",2009,18.9,99
PRY,py,"Paraguay","Latin America & Caribbean ","Upper middle income",2010,19.8,101
PRY,py,"Paraguay","Latin America & Caribbean ","Upper middle income",2011,24.7635158793993,104
PRY,py,"Paraguay","Latin America & Caribbean ","Upper middle income",2012,29.34,107
PRY,py,"Paraguay","Latin America & Caribbean ","Upper middle income",2013,36.9,100
PRY,py,"Paraguay","Latin America & Caribbean ","Upper middle income",2014,43.0073750122614,94
PRY,py,"Paraguay","Latin America & Caribbean ","Upper middle income",2015,49.716304663966,92
PRY,py,"Paraguay","Latin America & Caribbean ","Upper middle income",2016,53.4041274791009,91
PRY,py,"Paraguay","Latin America & Caribbean ","Upper middle income",2017,61.0757562215797,86
PRY,py,"Paraguay","Latin America & Caribbean ","Upper middle income",2018,64.9935430235756,82
PRY,py,"Paraguay","Latin America & Caribbean ","Upper middle income",2019,68.5176284222264,91
PRY,py,"Paraguay","Latin America & Caribbean ","Upper middle income",2020,73.95751114,83
PRY,py,"Paraguay","Latin America & Caribbean ","Upper middle income",2021,77.01838621,83
PRY,py,"Paraguay","Latin America & Caribbean ","Upper middle income",2022,76.25916611,96
PRY,py,"Paraguay","Latin America & Caribbean ","Upper middle income",2023,78.09481878,99
VNM,vn,"Viet Nam","East Asia & Pacific","Upper middle income",1990,0,20
VNM,vn,"Viet Nam","East Asia & Pacific","Upper middle income",1991,,
VNM,vn,"Viet Nam","East Asia & Pacific","Upper middle income",1992,,
VNM,vn,"Viet Nam","East Asia & Pacific","Upper middle income",1993,,
VNM,vn,"Viet Nam","East Asia & Pacific","Upper middle income",1994,,
VNM,vn,"Viet Nam","East Asia & Pacific","Upper middle income",1995,,
VNM,vn,"Viet Nam","East Asia & Pacific","Upper middle income",1996,0.000135,151
VNM,vn,"Viet Nam","East Asia & Pacific","Upper middle income",1997,0.00398,149
VNM,vn,"Viet Nam","East Asia & Pacific","Upper middle income",1998,0.0131,148
VNM,vn,"Viet Nam","East Asia & Pacific","Upper middle income",1999,0.129,132
VNM,vn,"Viet Nam","East Asia & Pacific","Upper middle income",2000,0.254248275754934,135
VNM,vn,"Viet Nam","East Asia & Pacific","Upper middle income",2001,1.26565123612317,114
VNM,vn,"Viet Nam","East Asia & Pacific","Upper middle income",2002,1.85499923592581,118
VNM,vn,"Viet Nam","East Asia & Pacific","Upper middle income",2003,3.78028081370641,103
VNM,vn,"Viet Nam","East Asia & Pacific","Upper middle income",2004,7.64240852842363,91
VNM,vn,"Viet Nam","East Asia & Pacific","Upper middle income",2005,12.7399292907031,82
VNM,vn,"Viet Nam","East Asia & Pacific","Upper middle income",2006,17.2545617186662,80
VNM,vn,"Viet Nam","East Asia & Pacific","Upper middle income",2007,20.7554447679753,80
VNM,vn,"Viet Nam","East Asia & Pacific","Upper middle income",2008,23.92,79
VNM,vn,"Viet Nam","East Asia & Pacific","Upper middle income",2009,26.55,86
VNM,vn,"Viet Nam","East Asia & Pacific","Upper middle income",2010,30.65,82
VNM,vn,"Viet Nam","East Asia & Pacific","Upper middle income",2011,35.07,88
VNM,vn,"Viet Nam","East Asia & Pacific","Upper middle income",2012,36.79999924,92
VNM,vn,"Viet Nam","East Asia & Pacific","Upper middle income",2013,38.5,94
VNM,vn,"Viet Nam","East Asia & Pacific","Upper middle income",2014,41,95
VNM,vn,"Viet Nam","East Asia & Pacific","Upper middle income",2015,45,99
VNM,vn,"Viet Nam","East Asia & Pacific","Upper middle income",2016,53,96
VNM,vn,"Viet Nam","East Asia & Pacific","Upper middle income",2017,58.1400000036297,92
VNM,vn,"Viet Nam","East Asia & Pacific","Upper middle income",2018,69.8479286837965,73
VNM,vn,"Viet Nam","East Asia & Pacific","Upper middle income",2019,68.6615802057338,89
VNM,vn,"Viet Nam","East Asia & Pacific","Upper middle income",2020,70.30000012,97
VNM,vn,"Viet Nam","East Asia & Pacific","Upper middle income",2021,74.20999985,93
VNM,vn,"Viet Nam","East Asia & Pacific","Upper middle income",2022,78.58999918,92
VNM,vn,"Viet Nam","East Asia & Pacific","Upper middle income",2023,78.08,100
PHL,ph,"Philippines","East Asia & Pacific","Upper middle income",1990,0,20
PHL,ph,"Philippines","East Asia & Pacific","Upper middle income",1991,,
PHL,ph,"Philippines","East Asia & Pacific","Upper middle income",1992,,
PHL,ph,"Philippines","East Asia & Pacific","Upper middle income",1993,,
PHL,ph,"Philippines","East Asia & Pacific","Upper middle income",1994,0.00584,62
PHL,ph,"Philippines","East Asia & Pacific","Upper middle income",1995,0.0286,77
PHL,ph,"Philippines","East Asia & Pacific","Upper middle income",1996,0.0559,95
PHL,ph,"Philippines","East Asia & Pacific","Upper middle income",1997,0.137,94
PHL,ph,"Philippines","East Asia & Pacific","Upper middle income",1998,1.1,73
PHL,ph,"Philippines","East Asia & Pacific","Upper middle income",1999,1.43,82
PHL,ph,"Philippines","East Asia & Pacific","Upper middle income",2000,1.98225319605827,89
PHL,ph,"Philippines","East Asia & Pacific","Upper middle income",2001,2.52400566008269,94
PHL,ph,"Philippines","East Asia & Pacific","Upper middle income",2002,4.33227574643007,92
PHL,ph,"Philippines","East Asia & Pacific","Upper middle income",2003,4.85767226708512,92
PHL,ph,"Philippines","East Asia & Pacific","Upper middle income",2004,5.2436284521711,102
PHL,ph,"Philippines","East Asia & Pacific","Upper middle income",2005,5.397600174,111
PHL,ph,"Philippines","East Asia & Pacific","Upper middle income",2006,5.74058632534702,118
PHL,ph,"Philippines","East Asia & Pacific","Upper middle income",2007,5.97,123
PHL,ph,"Philippines","East Asia & Pacific","Upper middle income",2008,6.22,128
PHL,ph,"Philippines","East Asia & Pacific","Upper middle income",2009,9,119
PHL,ph,"Philippines","East Asia & Pacific","Upper middle income",2010,25,94
PHL,ph,"Philippines","East Asia & Pacific","Upper middle income",2011,29,99
PHL,ph,"Philippines","East Asia & Pacific","Upper middle income",2012,30.79999924,104
PHL,ph,"Philippines","East Asia & Pacific","Upper middle income",2013,32.70000076,105
PHL,ph,"Philippines","East Asia & Pacific","Upper middle income",2014,34.70000076,107
PHL,ph,"Philippines","East Asia & Pacific","Upper middle income",2015,36.90000153,115
PHL,ph,"Philippines","East Asia & Pacific","Upper middle income",2016,39.20000076,116
PHL,ph,"Philippines","East Asia & Pacific","Upper middle income",2017,41.59999847,120
PHL,ph,"Philippines","East Asia & Pacific","Upper middle income",2018,44.09999847,116
PHL,ph,"Philippines","East Asia & Pacific","Upper middle income",2019,43.0266118680279,133
PHL,ph,"Philippines","East Asia & Pacific","Upper middle income",2020,53.76490021,126
PHL,ph,"Philippines","East Asia & Pacific","Upper middle income",2021,66.90779877,113
PHL,ph,"Philippines","East Asia & Pacific","Upper middle income",2022,75.21114422,101
PHL,ph,"Philippines","East Asia & Pacific","Upper middle income",2023,77.86699677,101
COL,co,"Colombia","Latin America & Caribbean ","Upper middle income",1990,0,20
COL,co,"Colombia","Latin America & Caribbean ","Upper middle income",1991,,
COL,co,"Colombia","Latin America & Caribbean ","Upper middle income",1992,,
COL,co,"Colombia","Latin America & Caribbean ","Upper middle income",1993,,
COL,co,"Colombia","Latin America & Caribbean ","Upper middle income",1994,0.107,39
COL,co,"Colombia","Latin America & Caribbean ","Upper middle income",1995,0.188,49
COL,co,"Colombia","Latin America & Caribbean ","Upper middle income",1996,0.33,64
COL,co,"Colombia","Latin America & Caribbean ","Upper middle income",1997,0.551,68
COL,co,"Colombia","Latin America & Caribbean ","Upper middle income",1998,1.13,72
COL,co,"Colombia","Latin America & Caribbean ","Upper middle income",1999,1.7,80
COL,co,"Colombia","Latin America & Caribbean ","Upper middle income",2000,2.207532992624,87
COL,co,"Colombia","Latin America & Caribbean ","Upper middle income",2001,2.85419997133433,89
COL,co,"Colombia","Latin America & Caribbean ","Upper middle income",2002,4.6,90
COL,co,"Colombia","Latin America & Caribbean ","Upper middle income",2003,7.38892371052557,83
COL,co,"Colombia","Latin America & Caribbean ","Upper middle income",2004,9.1186903029666,85
COL,co,"Colombia","Latin America & Caribbean ","Upper middle income",2005,11.0072638904585,88
COL,co,"Colombia","Latin America & Caribbean ","Upper middle income",2006,15.3416745365682,85
COL,co,"Colombia","Latin America & Caribbean ","Upper middle income",2007,21.79999924,74
COL,co,"Colombia","Latin America & Caribbean ","Upper middle income",2008,25.6,77
COL,co,"Colombia","Latin America & Caribbean ","Upper middle income",2009,30,78
COL,co,"Colombia","Latin America & Caribbean ","Upper middle income",2010,36.5,71
COL,co,"Colombia","Latin America & Caribbean ","Upper middle income",2011,40.3509157546318,76
COL,co,"Colombia","Latin America & Caribbean ","Upper middle income",2012,48.98,70
COL,co,"Colombia","Latin America & Caribbean ","Upper middle income",2013,51.7,70
COL,co,"Colombia","Latin America & Caribbean ","Upper middle income",2014,52.568136539247,77
COL,co,"Colombia","Latin America & Caribbean ","Upper middle income",2015,55.9049725142924,79
COL,co,"Colombia","Latin America & Caribbean ","Upper middle income",2016,58.1364935728703,85
COL,co,"Colombia","Latin America & Caribbean ","Upper middle income",2017,62.2598803162841,84
COL,co,"Colombia","Latin America & Caribbean ","Upper middle income",2018,64.1263768204459,86
COL,co,"Colombia","Latin America & Caribbean ","Upper middle income",2019,65.0069007159493,98
COL,co,"Colombia","Latin America & Caribbean ","Upper middle income",2020,69.79533474,102
COL,co,"Colombia","Latin America & Caribbean ","Upper middle income",2021,73.02837449,96
COL,co,"Colombia","Latin America & Caribbean ","Upper middle income",2022,72.79637855,107
COL,co,"Colombia","Latin America & Caribbean ","Upper middle income",2023,77.33686322,102
BOL,bo,"Bolivia","Latin America & Caribbean ","Lower middle income",1990,0,20
BOL,bo,"Bolivia","Latin America & Caribbean ","Lower middle income",1991,,
BOL,bo,"Bolivia","Latin America & Caribbean ","Lower middle income",1992,,
BOL,bo,"Bolivia","Latin America & Caribbean ","Lower middle income",1993,,
BOL,bo,"Bolivia","Latin America & Caribbean ","Lower middle income",1994,,
BOL,bo,"Bolivia","Latin America & Caribbean ","Lower middle income",1995,0.0668,66
BOL,bo,"Bolivia","Latin America & Caribbean ","Lower middle income",1996,0.196,77
BOL,bo,"Bolivia","Latin America & Caribbean ","Lower middle income",1997,0.448,75
BOL,bo,"Bolivia","Latin America & Caribbean ","Lower middle income",1998,0.626,82
BOL,bo,"Bolivia","Latin America & Caribbean ","Lower middle income",1999,0.982,88
BOL,bo,"Bolivia","Latin America & Caribbean ","Lower middle income",2000,1.4427635847914,99
BOL,bo,"Bolivia","Latin America & Caribbean ","Lower middle income",2001,2.1204625341365,97
BOL,bo,"Bolivia","Latin America & Caribbean ","Lower middle income",2002,3.11719294696997,100
BOL,bo,"Bolivia","Latin America & Caribbean ","Lower middle income",2003,3.50859640072336,104
BOL,bo,"Bolivia","Latin America & Caribbean ","Lower middle income",2004,4.43992460120042,108
BOL,bo,"Bolivia","Latin America & Caribbean ","Lower middle income",2005,5.22758395663196,113
BOL,bo,"Bolivia","Latin America & Caribbean ","Lower middle income",2006,6.20067125473576,116
BOL,bo,"Bolivia","Latin America & Caribbean ","Lower middle income",2007,10.49919987,103
BOL,bo,"Bolivia","Latin America & Caribbean ","Lower middle income",2008,12.5,105
BOL,bo,"Bolivia","Latin America & Caribbean ","Lower middle income",2009,16.79999924,103
BOL,bo,"Bolivia","Latin America & Caribbean ","Lower middle income",2010,22.39999962,98
BOL,bo,"Bolivia","Latin America & Caribbean ","Lower middle income",2011,30,98
BOL,bo,"Bolivia","Latin America & Caribbean ","Lower middle income",2012,35.34,94
BOL,bo,"Bolivia","Latin America & Caribbean ","Lower middle income",2013,36.99,99
BOL,bo,"Bolivia","Latin America & Caribbean ","Lower middle income",2014,34.6016202324676,108
BOL,bo,"Bolivia","Latin America & Caribbean ","Lower middle income",2015,37.4868176324391,113
BOL,bo,"Bolivia","Latin America & Caribbean ","Lower middle income",2016,39.69749832,115
BOL,bo,"Bolivia","Latin America & Caribbean ","Lower middle income",2017,43.83229828,118
BOL,bo,"Bolivia","Latin America & Caribbean ","Lower middle income",2018,44.2861422024283,115
BOL,bo,"Bolivia","Latin America & Caribbean ","Lower middle income",2019,47.4748191121692,126
BOL,bo,"Bolivia","Latin America & Caribbean ","Lower middle income",2020,59.94010155,117
BOL,bo,"Bolivia","Latin America & Caribbean ","Lower middle income",2021,65.9773785,115
BOL,bo,"Bolivia","Latin America & Caribbean ","Lower middle income",2022,72.62270355,108
BOL,bo,"Bolivia","Latin America & Caribbean ","Lower middle income",2023,77.30039978,103
KNA,kn,"St. Kitts and Nevis","Latin America & Caribbean ","High income",1990,0,20
KNA,kn,"St. Kitts and Nevis","Latin America & Caribbean ","High income",1991,,
KNA,kn,"St. Kitts and Nevis","Latin America & Caribbean ","High income",1992,,
KNA,kn,"St. Kitts and Nevis","Latin America & Caribbean ","High income",1993,,
KNA,kn,"St. Kitts and Nevis","Latin America & Caribbean ","High income",1994,,
KNA,kn,"St. Kitts and Nevis","Latin America & Caribbean ","High income",1995,,
KNA,kn,"St. Kitts and Nevis","Latin America & Caribbean ","High income",1996,1.95,28
KNA,kn,"St. Kitts and Nevis","Latin America & Caribbean ","High income",1997,2.26,39
KNA,kn,"St. Kitts and Nevis","Latin America & Caribbean ","High income",1998,3.34,42
KNA,kn,"St. Kitts and Nevis","Latin America & Caribbean ","High income",1999,4.4,51
KNA,kn,"St. Kitts and Nevis","Latin America & Caribbean ","High income",2000,5.86281024037522,61
KNA,kn,"St. Kitts and Nevis","Latin America & Caribbean ","High income",2001,7.71472655580319,58
KNA,kn,"St. Kitts and Nevis","Latin America & Caribbean ","High income",2002,21.152381758186,39
KNA,kn,"St. Kitts and Nevis","Latin America & Caribbean ","High income",2003,22.9697842928439,44
KNA,kn,"St. Kitts and Nevis","Latin America & Caribbean ","High income",2004,24.7376775443732,50
KNA,kn,"St. Kitts and Nevis","Latin America & Caribbean ","High income",2005,34,43
KNA,kn,"St. Kitts and Nevis","Latin America & Caribbean ","High income",2006,38.5,43
KNA,kn,"St. Kitts and Nevis","Latin America & Caribbean ","High income",2007,43.5,43
KNA,kn,"St. Kitts and Nevis","Latin America & Caribbean ","High income",2008,49.20000076,43
KNA,kn,"St. Kitts and Nevis","Latin America & Caribbean ","High income",2009,55.70000076,39
KNA,kn,"St. Kitts and Nevis","Latin America & Caribbean ","High income",2010,63,36
KNA,kn,"St. Kitts and Nevis","Latin America & Caribbean ","High income",2011,63.20000076,42
KNA,kn,"St. Kitts and Nevis","Latin America & Caribbean ","High income",2012,64,44
KNA,kn,"St. Kitts and Nevis","Latin America & Caribbean ","High income",2013,64.59999847,50
KNA,kn,"St. Kitts and Nevis","Latin America & Caribbean ","High income",2014,65.38179779,53
KNA,kn,"St. Kitts and Nevis","Latin America & Caribbean ","High income",2015,66.17310333,62
KNA,kn,"St. Kitts and Nevis","Latin America & Caribbean ","High income",2016,66.97389984,66
KNA,kn,"St. Kitts and Nevis","Latin America & Caribbean ","High income",2017,67.78440094,67
KNA,kn,"St. Kitts and Nevis","Latin America & Caribbean ","High income",2018,68.60479736,75
KNA,kn,"St. Kitts and Nevis","Latin America & Caribbean ","High income",2019,69.43499756,87
KNA,kn,"St. Kitts and Nevis","Latin America & Caribbean ","High income",2020,70.27529907,98
KNA,kn,"St. Kitts and Nevis","Latin America & Caribbean ","High income",2021,74.37159729,92
KNA,kn,"St. Kitts and Nevis","Latin America & Caribbean ","High income",2022,75.76229858,98
KNA,kn,"St. Kitts and Nevis","Latin America & Caribbean ","High income",2023,76.58950043,104
MDA,md,"Moldova","Europe & Central Asia","Upper middle income",1990,0,20
MDA,md,"Moldova","Europe & Central Asia","Upper middle income",1991,,
MDA,md,"Moldova","Europe & Central Asia","Upper middle income",1992,,
MDA,md,"Moldova","Europe & Central Asia","Upper middle income",1993,,
MDA,md,"Moldova","Europe & Central Asia","Upper middle income",1994,0.000825,69
MDA,md,"Moldova","Europe & Central Asia","Upper middle income",1995,0.00346,99
MDA,md,"Moldova","Europe & Central Asia","Upper middle income",1996,0.00464,129
MDA,md,"Moldova","Europe & Central Asia","Upper middle income",1997,0.0281,121
MDA,md,"Moldova","Europe & Central Asia","Upper middle income",1998,0.261,95
MDA,md,"Moldova","Europe & Central Asia","Upper middle income",1999,0.601,97
MDA,md,"Moldova","Europe & Central Asia","Upper middle income",2000,1.28284641670022,101
MDA,md,"Moldova","Europe & Central Asia","Upper middle income",2001,1.48781295215565,106
MDA,md,"Moldova","Europe & Central Asia","Upper middle income",2002,3.78724279887342,96
MDA,md,"Moldova","Europe & Central Asia","Upper middle income",2003,7.40754458415897,82
MDA,md,"Moldova","Europe & Central Asia","Upper middle income",2004,10.629390841654,81
MDA,md,"Moldova","Europe & Central Asia","Upper middle income",2005,14.6302704551796,77
MDA,md,"Moldova","Europe & Central Asia","Upper middle income",2006,19.6206477051634,73
MDA,md,"Moldova","Europe & Central Asia","Upper middle income",2007,20.45,81
MDA,md,"Moldova","Europe & Central Asia","Upper middle income",2008,23.39,82
MDA,md,"Moldova","Europe & Central Asia","Upper middle income",2009,27.5,81
MDA,md,"Moldova","Europe & Central Asia","Upper middle income",2010,29.68000031,85
MDA,md,"Moldova","Europe & Central Asia","Upper middle income",2011,32.06999969,93
MDA,md,"Moldova","Europe & Central Asia","Upper middle income",2012,34.65000153,99
MDA,md,"Moldova","Europe & Central Asia","Upper middle income",2013,37.43999863,96
MDA,md,"Moldova","Europe & Central Asia","Upper middle income",2014,66.9999982002077,50
MDA,md,"Moldova","Europe & Central Asia","Upper middle income",2015,69.0000044661932,56
MDA,md,"Moldova","Europe & Central Asia","Upper middle income",2016,70.9999991066624,57
MDA,md,"Moldova","Europe & Central Asia","Upper middle income",2017,71.76709747,57
MDA,md,"Moldova","Europe & Central Asia","Upper middle income",2018,72.54239655,62
MDA,md,"Moldova","Europe & Central Asia","Upper middle income",2019,73.32610321,74
MDA,md,"Moldova","Europe & Central Asia","Upper middle income",2020,74.11830139,82
MDA,md,"Moldova","Europe & Central Asia","Upper middle income",2021,74.91899872,90
MDA,md,"Moldova","Europe & Central Asia","Upper middle income",2022,74.91899872,102
MDA,md,"Moldova","Europe & Central Asia","Upper middle income",2023,76.50330353,105
VEN,ve,"Venezuela, RB","Latin America & Caribbean ","Lower middle income",1990,0,20
VEN,ve,"Venezuela, RB","Latin America & Caribbean ","Lower middle income",1991,,
VEN,ve,"Venezuela, RB","Latin America & Caribbean ","Lower middle income",1992,0.0121,36
VEN,ve,"Venezuela, RB","Latin America & Caribbean ","Lower middle income",1993,0.0416,38
VEN,ve,"Venezuela, RB","Latin America & Caribbean ","Lower middle income",1994,0.0555,42
VEN,ve,"Venezuela, RB","Latin America & Caribbean ","Lower middle income",1995,0.122,55
VEN,ve,"Venezuela, RB","Latin America & Caribbean ","Lower middle income",1996,0.248,70
VEN,ve,"Venezuela, RB","Latin America & Caribbean ","Lower middle income",1997,0.391,80
VEN,ve,"Venezuela, RB","Latin America & Caribbean ","Lower middle income",1998,1.38,67
VEN,ve,"Venezuela, RB","Latin America & Caribbean ","Lower middle income",1999,2.84,64
VEN,ve,"Venezuela, RB","Latin America & Caribbean ","Lower middle income",2000,3.3595974645036,77
VEN,ve,"Venezuela, RB","Latin America & Caribbean ","Lower middle income",2001,4.63600094778677,77
VEN,ve,"Venezuela, RB","Latin America & Caribbean ","Lower middle income",2002,4.91044632720325,88
VEN,ve,"Venezuela, RB","Latin America & Caribbean ","Lower middle income",2003,7.49996346522407,81
VEN,ve,"Venezuela, RB","Latin America & Caribbean ","Lower middle income",2004,8.40446959241215,90
VEN,ve,"Venezuela, RB","Latin America & Caribbean ","Lower middle income",2005,12.5529979098299,84
VEN,ve,"Venezuela, RB","Latin America & Caribbean ","Lower middle income",2006,15.2247114771787,86
VEN,ve,"Venezuela, RB","Latin America & Caribbean ","Lower middle income",2007,20.83,78
VEN,ve,"Venezuela, RB","Latin America & Caribbean ","Lower middle income",2008,25.88,76
VEN,ve,"Venezuela, RB","Latin America & Caribbean ","Lower middle income",2009,32.7,72
VEN,ve,"Venezuela, RB","Latin America & Caribbean ","Lower middle income",2010,37.37,70
VEN,ve,"Venezuela, RB","Latin America & Caribbean ","Lower middle income",2011,40.22,77
VEN,ve,"Venezuela, RB","Latin America & Caribbean ","Lower middle income",2012,49.0500830729861,69
VEN,ve,"Venezuela, RB","Latin America & Caribbean ","Lower middle income",2013,54.90000153,65
VEN,ve,"Venezuela, RB","Latin America & Caribbean ","Lower middle income",2014,57,66
VEN,ve,"Venezuela, RB","Latin America & Caribbean ","Lower middle income",2015,58,72
VEN,ve,"Venezuela, RB","Latin America & Caribbean ","Lower middle income",2016,60,74
VEN,ve,"Venezuela, RB","Latin America & Caribbean ","Lower middle income",2017,,
VEN,ve,"Venezuela, RB","Latin America & Caribbean ","Lower middle income",2018,,
VEN,ve,"Venezuela, RB","Latin America & Caribbean ","Lower middle income",2019,49.05009842,124
VEN,ve,"Venezuela, RB","Latin America & Caribbean ","Lower middle income",2020,72.44110107,86
VEN,ve,"Venezuela, RB","Latin America & Caribbean ","Lower middle income",2021,74.11219788,94
VEN,ve,"Venezuela, RB","Latin America & Caribbean ","Lower middle income",2022,75.82180023,97
VEN,ve,"Venezuela, RB","Latin America & Caribbean ","Lower middle income",2023,76.33190155,106
DZA,dz,"Algeria","Middle East, North Africa, Afghanistan & Pakistan","Upper middle income",1990,0,20
DZA,dz,"Algeria","Middle East, North Africa, Afghanistan & Pakistan","Upper middle income",1991,,
DZA,dz,"Algeria","Middle East, North Africa, Afghanistan & Pakistan","Upper middle income",1992,,
DZA,dz,"Algeria","Middle East, North Africa, Afghanistan & Pakistan","Upper middle income",1993,,
DZA,dz,"Algeria","Middle East, North Africa, Afghanistan & Pakistan","Upper middle income",1994,0.000361,73
DZA,dz,"Algeria","Middle East, North Africa, Afghanistan & Pakistan","Upper middle income",1995,0.00177,104
DZA,dz,"Algeria","Middle East, North Africa, Afghanistan & Pakistan","Upper middle income",1996,0.00174,141
DZA,dz,"Algeria","Middle East, North Africa, Afghanistan & Pakistan","Upper middle income",1997,0.0103,135
DZA,dz,"Algeria","Middle East, North Africa, Afghanistan & Pakistan","Upper middle income",1998,0.0202,140
DZA,dz,"Algeria","Middle East, North Africa, Afghanistan & Pakistan","Upper middle income",1999,0.2,122
DZA,dz,"Algeria","Middle East, North Africa, Afghanistan & Pakistan","Upper middle income",2000,0.491705679141589,126
DZA,dz,"Algeria","Middle East, North Africa, Afghanistan & Pakistan","Upper middle income",2001,0.646114016703792,130
DZA,dz,"Algeria","Middle East, North Africa, Afghanistan & Pakistan","Upper middle income",2002,1.59164126035832,125
DZA,dz,"Algeria","Middle East, North Africa, Afghanistan & Pakistan","Upper middle income",2003,2.19535973086144,121
DZA,dz,"Algeria","Middle East, North Africa, Afghanistan & Pakistan","Upper middle income",2004,4.63447508776537,107
DZA,dz,"Algeria","Middle East, North Africa, Afghanistan & Pakistan","Upper middle income",2005,5.843900204,109
DZA,dz,"Algeria","Middle East, North Africa, Afghanistan & Pakistan","Upper middle income",2006,7.37598495634886,110
DZA,dz,"Algeria","Middle East, North Africa, Afghanistan & Pakistan","Upper middle income",2007,9.45119062555304,105
DZA,dz,"Algeria","Middle East, North Africa, Afghanistan & Pakistan","Upper middle income",2008,10.18,108
DZA,dz,"Algeria","Middle East, North Africa, Afghanistan & Pakistan","Upper middle income",2009,11.23,112
DZA,dz,"Algeria","Middle East, North Africa, Afghanistan & Pakistan","Upper middle income",2010,12.5,110
DZA,dz,"Algeria","Middle East, North Africa, Afghanistan & Pakistan","Upper middle income",2011,14.89999962,116
DZA,dz,"Algeria","Middle East, North Africa, Afghanistan & Pakistan","Upper middle income",2012,18.20000076,119
DZA,dz,"Algeria","Middle East, North Africa, Afghanistan & Pakistan","Upper middle income",2013,22.5,117
DZA,dz,"Algeria","Middle East, North Africa, Afghanistan & Pakistan","Upper middle income",2014,29.5,113
DZA,dz,"Algeria","Middle East, North Africa, Afghanistan & Pakistan","Upper middle income",2015,38.20000076,111
DZA,dz,"Algeria","Middle East, North Africa, Afghanistan & Pakistan","Upper middle income",2016,42.94549942,110
DZA,dz,"Algeria","Middle East, North Africa, Afghanistan & Pakistan","Upper middle income",2017,47.69110107,113
DZA,dz,"Algeria","Middle East, North Africa, Afghanistan & Pakistan","Upper middle income",2018,49.0384680793271,109
DZA,dz,"Algeria","Middle East, North Africa, Afghanistan & Pakistan","Upper middle income",2019,55.79069901,115
DZA,dz,"Algeria","Middle East, North Africa, Afghanistan & Pakistan","Upper middle income",2020,63.47269821,111
DZA,dz,"Algeria","Middle East, North Africa, Afghanistan & Pakistan","Upper middle income",2021,72.21240234,97
DZA,dz,"Algeria","Middle East, North Africa, Afghanistan & Pakistan","Upper middle income",2022,74.78150177,103
DZA,dz,"Algeria","Middle East, North Africa, Afghanistan & Pakistan","Upper middle income",2023,76.19760132,107
VCT,vc,"St. Vincent and the Grenadines","Latin America & Caribbean ","Upper middle income",1990,0,20
VCT,vc,"St. Vincent and the Grenadines","Latin America & Caribbean ","Upper middle income",1991,,
VCT,vc,"St. Vincent and the Grenadines","Latin America & Caribbean ","Upper middle income",1992,,
VCT,vc,"St. Vincent and the Grenadines","Latin America & Caribbean ","Upper middle income",1993,,
VCT,vc,"St. Vincent and the Grenadines","Latin America & Caribbean ","Upper middle income",1994,,
VCT,vc,"St. Vincent and the Grenadines","Latin America & Caribbean ","Upper middle income",1995,0.129,53
VCT,vc,"St. Vincent and the Grenadines","Latin America & Caribbean ","Upper middle income",1996,0.483,59
VCT,vc,"St. Vincent and the Grenadines","Latin America & Caribbean ","Upper middle income",1997,0.926,61
VCT,vc,"St. Vincent and the Grenadines","Latin America & Caribbean ","Upper middle income",1998,1.85,61
VCT,vc,"St. Vincent and the Grenadines","Latin America & Caribbean ","Upper middle income",1999,2.78,66
VCT,vc,"St. Vincent and the Grenadines","Latin America & Caribbean ","Upper middle income",2000,3.24503741064558,78
VCT,vc,"St. Vincent and the Grenadines","Latin America & Caribbean ","Upper middle income",2001,5.09480977832946,73
VCT,vc,"St. Vincent and the Grenadines","Latin America & Caribbean ","Upper middle income",2002,5.54959487957379,85
VCT,vc,"St. Vincent and the Grenadines","Latin America & Caribbean ","Upper middle income",2003,6.46227416659743,88
VCT,vc,"St. Vincent and the Grenadines","Latin America & Caribbean ","Upper middle income",2004,7.37116584201749,94
VCT,vc,"St. Vincent and the Grenadines","Latin America & Caribbean ","Upper middle income",2005,9.19827808234299,92
VCT,vc,"St. Vincent and the Grenadines","Latin America & Caribbean ","Upper middle income",2006,12,94
VCT,vc,"St. Vincent and the Grenadines","Latin America & Caribbean ","Upper middle income",2007,16,91
VCT,vc,"St. Vincent and the Grenadines","Latin America & Caribbean ","Upper middle income",2008,21,91
VCT,vc,"St. Vincent and the Grenadines","Latin America & Caribbean ","Upper middle income",2009,31,76
VCT,vc,"St. Vincent and the Grenadines","Latin America & Caribbean ","Upper middle income",2010,33.70000076,75
VCT,vc,"St. Vincent and the Grenadines","Latin America & Caribbean ","Upper middle income",2011,36.70000076,85
VCT,vc,"St. Vincent and the Grenadines","Latin America & Caribbean ","Upper middle income",2012,40,85
VCT,vc,"St. Vincent and the Grenadines","Latin America & Caribbean ","Upper middle income",2013,43.5,85
VCT,vc,"St. Vincent and the Grenadines","Latin America & Caribbean ","Upper middle income",2014,47.4,87
VCT,vc,"St. Vincent and the Grenadines","Latin America & Caribbean ","Upper middle income",2015,49.40000153,93
VCT,vc,"St. Vincent and the Grenadines","Latin America & Caribbean ","Upper middle income",2016,51.5,98
VCT,vc,"St. Vincent and the Grenadines","Latin America & Caribbean ","Upper middle income",2017,53.70000076,103
VCT,vc,"St. Vincent and the Grenadines","Latin America & Caribbean ","Upper middle income",2018,56,103
VCT,vc,"St. Vincent and the Grenadines","Latin America & Caribbean ","Upper middle income",2019,59.57630157,109
VCT,vc,"St. Vincent and the Grenadines","Latin America & Caribbean ","Upper middle income",2020,63.38100052,112
VCT,vc,"St. Vincent and the Grenadines","Latin America & Caribbean ","Upper middle income",2021,68.83339691,108
VCT,vc,"St. Vincent and the Grenadines","Latin America & Caribbean ","Upper middle income",2022,74.75479889,104
VCT,vc,"St. Vincent and the Grenadines","Latin America & Caribbean ","Upper middle income",2023,75.53679657,108
CPV,cv,"Cabo Verde","Sub-Saharan Africa ","Upper middle income",1990,0,20
CPV,cv,"Cabo Verde","Sub-Saharan Africa ","Upper middle income",1991,,
CPV,cv,"Cabo Verde","Sub-Saharan Africa ","Upper middle income",1992,,
CPV,cv,"Cabo Verde","Sub-Saharan Africa ","Upper middle income",1993,,
CPV,cv,"Cabo Verde","Sub-Saharan Africa ","Upper middle income",1994,,
CPV,cv,"Cabo Verde","Sub-Saharan Africa ","Upper middle income",1995,,
CPV,cv,"Cabo Verde","Sub-Saharan Africa ","Upper middle income",1996,,
CPV,cv,"Cabo Verde","Sub-Saharan Africa ","Upper middle income",1997,0.241,85
CPV,cv,"Cabo Verde","Sub-Saharan Africa ","Upper middle income",1998,0.473,86
CPV,cv,"Cabo Verde","Sub-Saharan Africa ","Upper middle income",1999,1.16,84
CPV,cv,"Cabo Verde","Sub-Saharan Africa ","Upper middle income",2000,1.82244385164396,92
CPV,cv,"Cabo Verde","Sub-Saharan Africa ","Upper middle income",2001,2.68533271272311,91
CPV,cv,"Cabo Verde","Sub-Saharan Africa ","Upper middle income",2002,3.5187571749658,98
CPV,cv,"Cabo Verde","Sub-Saharan Africa ","Upper middle income",2003,4.32488539053715,98
CPV,cv,"Cabo Verde","Sub-Saharan Africa ","Upper middle income",2004,5.31883206957883,101
CPV,cv,"Cabo Verde","Sub-Saharan Africa ","Upper middle income",2005,6.07408710659813,106
CPV,cv,"Cabo Verde","Sub-Saharan Africa ","Upper middle income",2006,6.80891100753313,112
CPV,cv,"Cabo Verde","Sub-Saharan Africa ","Upper middle income",2007,8.28321981953034,108
CPV,cv,"Cabo Verde","Sub-Saharan Africa ","Upper middle income",2008,14,102
CPV,cv,"Cabo Verde","Sub-Saharan Africa ","Upper middle income",2009,21,95
CPV,cv,"Cabo Verde","Sub-Saharan Africa ","Upper middle income",2010,30,83
CPV,cv,"Cabo Verde","Sub-Saharan Africa ","Upper middle income",2011,32,94
CPV,cv,"Cabo Verde","Sub-Saharan Africa ","Upper middle income",2012,34.74,97
CPV,cv,"Cabo Verde","Sub-Saharan Africa ","Upper middle income",2013,37.5,95
CPV,cv,"Cabo Verde","Sub-Saharan Africa ","Upper middle income",2014,40.25999832,97
CPV,cv,"Cabo Verde","Sub-Saharan Africa ","Upper middle income",2015,42.6830141582781,102
CPV,cv,"Cabo Verde","Sub-Saharan Africa ","Upper middle income",2016,50.3228178676892,99
CPV,cv,"Cabo Verde","Sub-Saharan Africa ","Upper middle income",2017,57.1621463484891,93
CPV,cv,"Cabo Verde","Sub-Saharan Africa ","Upper middle income",2018,59.5,96
CPV,cv,"Cabo Verde","Sub-Saharan Africa ","Upper middle income",2019,61.9433977593088,105
CPV,cv,"Cabo Verde","Sub-Saharan Africa ","Upper middle income",2020,69.37339783,103
CPV,cv,"Cabo Verde","Sub-Saharan Africa ","Upper middle income",2021,70.28250122,105
CPV,cv,"Cabo Verde","Sub-Saharan Africa ","Upper middle income",2022,73.32740021,106
CPV,cv,"Cabo Verde","Sub-Saharan Africa ","Upper middle income",2023,74.59919739,109
FJI,fj,"Fiji","East Asia & Pacific","Upper middle income",1990,0,20
FJI,fj,"Fiji","East Asia & Pacific","Upper middle income",1991,,
FJI,fj,"Fiji","East Asia & Pacific","Upper middle income",1992,,
FJI,fj,"Fiji","East Asia & Pacific","Upper middle income",1993,0.00668,46
FJI,fj,"Fiji","East Asia & Pacific","Upper middle income",1994,0.00791,58
FJI,fj,"Fiji","East Asia & Pacific","Upper middle income",1995,0.00912,89
FJI,fj,"Fiji","East Asia & Pacific","Upper middle income",1996,0.0644,92
FJI,fj,"Fiji","East Asia & Pacific","Upper middle income",1997,0.223,86
FJI,fj,"Fiji","East Asia & Pacific","Upper middle income",1998,0.633,81
FJI,fj,"Fiji","East Asia & Pacific","Upper middle income",1999,0.942,91
FJI,fj,"Fiji","East Asia & Pacific","Upper middle income",2000,1.4968547339902,97
FJI,fj,"Fiji","East Asia & Pacific","Upper middle income",2001,1.8579785936093,99
FJI,fj,"Fiji","East Asia & Pacific","Upper middle income",2002,6.15264970011985,80
FJI,fj,"Fiji","East Asia & Pacific","Upper middle income",2003,6.72543473821551,87
FJI,fj,"Fiji","East Asia & Pacific","Upper middle income",2004,7.4129434854202,93
FJI,fj,"Fiji","East Asia & Pacific","Upper middle income",2005,8.45363663371359,95
FJI,fj,"Fiji","East Asia & Pacific","Upper middle income",2006,9.6000384001536,100
FJI,fj,"Fiji","East Asia & Pacific","Upper middle income",2007,10.89780045,101
FJI,fj,"Fiji","East Asia & Pacific","Upper middle income",2008,13,103
FJI,fj,"Fiji","East Asia & Pacific","Upper middle income",2009,17,102
FJI,fj,"Fiji","East Asia & Pacific","Upper middle income",2010,20,100
FJI,fj,"Fiji","East Asia & Pacific","Upper middle income",2011,28,101
FJI,fj,"Fiji","East Asia & Pacific","Upper middle income",2012,33.74240112,101
FJI,fj,"Fiji","East Asia & Pacific","Upper middle income",2013,35.20000076,101
FJI,fj,"Fiji","East Asia & Pacific","Upper middle income",2014,37.40000153,103
FJI,fj,"Fiji","East Asia & Pacific","Upper middle income",2015,42.5,103
FJI,fj,"Fiji","East Asia & Pacific","Upper middle income",2016,49.41999817,100
FJI,fj,"Fiji","East Asia & Pacific","Upper middle income",2017,53.6473999,104
FJI,fj,"Fiji","East Asia & Pacific","Upper middle income",2018,58.2364006,98
FJI,fj,"Fiji","East Asia & Pacific","Upper middle income",2019,63.21789932,103
FJI,fj,"Fiji","East Asia & Pacific","Upper middle income",2020,68.62560272,104
FJI,fj,"Fiji","East Asia & Pacific","Upper middle income",2021,70.56800079,104
FJI,fj,"Fiji","East Asia & Pacific","Upper middle income",2022,72.56549835,109
FJI,fj,"Fiji","East Asia & Pacific","Upper middle income",2023,74.1160965,110
EGY,eg,"Egypt, Arab Rep.","Middle East, North Africa, Afghanistan & Pakistan","Lower middle income",1990,0,20
EGY,eg,"Egypt, Arab Rep.","Middle East, North Africa, Afghanistan & Pakistan","Lower middle income",1991,,
EGY,eg,"Egypt, Arab Rep.","Middle East, North Africa, Afghanistan & Pakistan","Lower middle income",1992,,
EGY,eg,"Egypt, Arab Rep.","Middle East, North Africa, Afghanistan & Pakistan","Lower middle income",1993,0.000976,49
EGY,eg,"Egypt, Arab Rep.","Middle East, North Africa, Afghanistan & Pakistan","Lower middle income",1994,0.00638,61
EGY,eg,"Egypt, Arab Rep.","Middle East, North Africa, Afghanistan & Pakistan","Lower middle income",1995,0.0313,75
EGY,eg,"Egypt, Arab Rep.","Middle East, North Africa, Afghanistan & Pakistan","Lower middle income",1996,0.0615,93
EGY,eg,"Egypt, Arab Rep.","Middle East, North Africa, Afghanistan & Pakistan","Lower middle income",1997,0.0905,102
EGY,eg,"Egypt, Arab Rep.","Middle East, North Africa, Afghanistan & Pakistan","Lower middle income",1998,0.148,104
EGY,eg,"Egypt, Arab Rep.","Middle East, North Africa, Afghanistan & Pakistan","Lower middle income",1999,0.29,118
EGY,eg,"Egypt, Arab Rep.","Middle East, North Africa, Afghanistan & Pakistan","Lower middle income",2000,0.641265037504813,122
EGY,eg,"Egypt, Arab Rep.","Middle East, North Africa, Afghanistan & Pakistan","Lower middle income",2001,0.838945611477604,126
EGY,eg,"Egypt, Arab Rep.","Middle East, North Africa, Afghanistan & Pakistan","Lower middle income",2002,2.71999971465421,104
EGY,eg,"Egypt, Arab Rep.","Middle East, North Africa, Afghanistan & Pakistan","Lower middle income",2003,4.03788510706701,100
EGY,eg,"Egypt, Arab Rep.","Middle East, North Africa, Afghanistan & Pakistan","Lower middle income",2004,11.92,75
EGY,eg,"Egypt, Arab Rep.","Middle East, North Africa, Afghanistan & Pakistan","Lower middle income",2005,12.75,81
EGY,eg,"Egypt, Arab Rep.","Middle East, North Africa, Afghanistan & Pakistan","Lower middle income",2006,13.66,91
EGY,eg,"Egypt, Arab Rep.","Middle East, North Africa, Afghanistan & Pakistan","Lower middle income",2007,16.03,90
EGY,eg,"Egypt, Arab Rep.","Middle East, North Africa, Afghanistan & Pakistan","Lower middle income",2008,18.01,96
EGY,eg,"Egypt, Arab Rep.","Middle East, North Africa, Afghanistan & Pakistan","Lower middle income",2009,20,98
EGY,eg,"Egypt, Arab Rep.","Middle East, North Africa, Afghanistan & Pakistan","Lower middle income",2010,21.6,99
EGY,eg,"Egypt, Arab Rep.","Middle East, North Africa, Afghanistan & Pakistan","Lower middle income",2011,25.6,102
EGY,eg,"Egypt, Arab Rep.","Middle East, North Africa, Afghanistan & Pakistan","Lower middle income",2012,26.4,109
EGY,eg,"Egypt, Arab Rep.","Middle East, North Africa, Afghanistan & Pakistan","Lower middle income",2013,29.4,109
EGY,eg,"Egypt, Arab Rep.","Middle East, North Africa, Afghanistan & Pakistan","Lower middle income",2014,33.8946039115275,109
EGY,eg,"Egypt, Arab Rep.","Middle East, North Africa, Afghanistan & Pakistan","Lower middle income",2015,37.8193834276939,112
EGY,eg,"Egypt, Arab Rep.","Middle East, North Africa, Afghanistan & Pakistan","Lower middle income",2016,41.2480670885772,111
EGY,eg,"Egypt, Arab Rep.","Middle East, North Africa, Afghanistan & Pakistan","Lower middle income",2017,44.9502042452857,116
EGY,eg,"Egypt, Arab Rep.","Middle East, North Africa, Afghanistan & Pakistan","Lower middle income",2018,46.92433676792,114
EGY,eg,"Egypt, Arab Rep.","Middle East, North Africa, Afghanistan & Pakistan","Lower middle income",2019,57.2828663990195,114
EGY,eg,"Egypt, Arab Rep.","Middle East, North Africa, Afghanistan & Pakistan","Lower middle income",2020,71.91420096,90
EGY,eg,"Egypt, Arab Rep.","Middle East, North Africa, Afghanistan & Pakistan","Lower middle income",2021,72.05599976,98
EGY,eg,"Egypt, Arab Rep.","Middle East, North Africa, Afghanistan & Pakistan","Lower middle income",2022,72.19806556,110
EGY,eg,"Egypt, Arab Rep.","Middle East, North Africa, Afghanistan & Pakistan","Lower middle income",2023,74.01190186,111
ECU,ec,"Ecuador","Latin America & Caribbean ","Upper middle income",1990,0,20
ECU,ec,"Ecuador","Latin America & Caribbean ","Upper middle income",1991,,
ECU,ec,"Ecuador","Latin America & Caribbean ","Upper middle income",1992,0.00512,37
ECU,ec,"Ecuador","Latin America & Caribbean ","Upper middle income",1993,0.0164,42
ECU,ec,"Ecuador","Latin America & Caribbean ","Upper middle income",1994,0.0348,51
ECU,ec,"Ecuador","Latin America & Caribbean ","Upper middle income",1995,0.0438,70
ECU,ec,"Ecuador","Latin America & Caribbean ","Upper middle income",1996,0.0862,87
ECU,ec,"Ecuador","Latin America & Caribbean ","Upper middle income",1997,0.11,98
ECU,ec,"Ecuador","Latin America & Caribbean ","Upper middle income",1998,0.125,111
ECU,ec,"Ecuador","Latin America & Caribbean ","Upper middle income",1999,0.823,93
ECU,ec,"Ecuador","Latin America & Caribbean ","Upper middle income",2000,1.46218853556457,98
ECU,ec,"Ecuador","Latin America & Caribbean ","Upper middle income",2001,2.67044367376705,92
ECU,ec,"Ecuador","Latin America & Caribbean ","Upper middle income",2002,4.26079691519764,93
ECU,ec,"Ecuador","Latin America & Caribbean ","Upper middle income",2003,4.46022834472698,97
ECU,ec,"Ecuador","Latin America & Caribbean ","Upper middle income",2004,4.83444263759525,106
ECU,ec,"Ecuador","Latin America & Caribbean ","Upper middle income",2005,5.994299889,108
ECU,ec,"Ecuador","Latin America & Caribbean ","Upper middle income",2006,7.199999809,111
ECU,ec,"Ecuador","Latin America & Caribbean ","Upper middle income",2007,10.80000019,102
ECU,ec,"Ecuador","Latin America & Caribbean ","Upper middle income",2008,18.8,94
ECU,ec,"Ecuador","Latin America & Caribbean ","Upper middle income",2009,24.6,90
ECU,ec,"Ecuador","Latin America & Caribbean ","Upper middle income",2010,29.03,86
ECU,ec,"Ecuador","Latin America & Caribbean ","Upper middle income",2011,31.3668083587433,96
ECU,ec,"Ecuador","Latin America & Caribbean ","Upper middle income",2012,35.1351464545516,96
ECU,ec,"Ecuador","Latin America & Caribbean ","Upper middle income",2013,40.279121941,91
ECU,ec,"Ecuador","Latin America & Caribbean ","Upper middle income",2014,45.5903906666095,90
ECU,ec,"Ecuador","Latin America & Caribbean ","Upper middle income",2015,48.9404337892669,94
ECU,ec,"Ecuador","Latin America & Caribbean ","Upper middle income",2016,54.0629247288864,89
ECU,ec,"Ecuador","Latin America & Caribbean ","Upper middle income",2017,55.79999924,96
ECU,ec,"Ecuador","Latin America & Caribbean ","Upper middle income",2018,57.5,99
ECU,ec,"Ecuador","Latin America & Caribbean ","Upper middle income",2019,59.2,111
ECU,ec,"Ecuador","Latin America & Caribbean ","Upper middle income",2020,70.7,95
ECU,ec,"Ecuador","Latin America & Caribbean ","Upper middle income",2021,69.1147995,107
ECU,ec,"Ecuador","Latin America & Caribbean ","Upper middle income",2022,69.71811356,114
ECU,ec,"Ecuador","Latin America & Caribbean ","Upper middle income",2023,72.6943146,112
ATG,ag,"Antigua and Barbuda","Latin America & Caribbean ","High income",1990,0,20
ATG,ag,"Antigua and Barbuda","Latin America & Caribbean ","High income",1991,,
ATG,ag,"Antigua and Barbuda","Latin America & Caribbean ","High income",1992,,
ATG,ag,"Antigua and Barbuda","Latin America & Caribbean ","High income",1993,,
ATG,ag,"Antigua and Barbuda","Latin America & Caribbean ","High income",1994,,
ATG,ag,"Antigua and Barbuda","Latin America & Caribbean ","High income",1995,2.2,16
ATG,ag,"Antigua and Barbuda","Latin America & Caribbean ","High income",1996,2.86,24
ATG,ag,"Antigua and Barbuda","Latin America & Caribbean ","High income",1997,3.48,29
ATG,ag,"Antigua and Barbuda","Latin America & Caribbean ","High income",1998,4.07,38
ATG,ag,"Antigua and Barbuda","Latin America & Caribbean ","High income",1999,5.3,46
ATG,ag,"Antigua and Barbuda","Latin America & Caribbean ","High income",2000,6.48222573702907,56
ATG,ag,"Antigua and Barbuda","Latin America & Caribbean ","High income",2001,8.89928551450583,54
ATG,ag,"Antigua and Barbuda","Latin America & Caribbean ","High income",2002,12.5,58
ATG,ag,"Antigua and Barbuda","Latin America & Caribbean ","High income",2003,17.2286487816884,59
ATG,ag,"Antigua and Barbuda","Latin America & Caribbean ","High income",2004,24.2665437161785,53
ATG,ag,"Antigua and Barbuda","Latin America & Caribbean ","High income",2005,27,49
ATG,ag,"Antigua and Barbuda","Latin America & Caribbean ","High income",2006,30,52
ATG,ag,"Antigua and Barbuda","Latin America & Caribbean ","High income",2007,34,55
ATG,ag,"Antigua and Barbuda","Latin America & Caribbean ","High income",2008,38,57
ATG,ag,"Antigua and Barbuda","Latin America & Caribbean ","High income",2009,42,56
ATG,ag,"Antigua and Barbuda","Latin America & Caribbean ","High income",2010,47,53
ATG,ag,"Antigua and Barbuda","Latin America & Caribbean ","High income",2011,52,56
ATG,ag,"Antigua and Barbuda","Latin America & Caribbean ","High income",2012,58,54
ATG,ag,"Antigua and Barbuda","Latin America & Caribbean ","High income",2013,63.40000153,52
ATG,ag,"Antigua and Barbuda","Latin America & Caribbean ","High income",2014,67.77999878,49
ATG,ag,"Antigua and Barbuda","Latin America & Caribbean ","High income",2015,70,53
ATG,ag,"Antigua and Barbuda","Latin America & Caribbean ","High income",2016,70.27159882,60
ATG,ag,"Antigua and Barbuda","Latin America & Caribbean ","High income",2017,70.54419708,62
ATG,ag,"Antigua and Barbuda","Latin America & Caribbean ","High income",2018,70.81790161,67
ATG,ag,"Antigua and Barbuda","Latin America & Caribbean ","High income",2019,71.09259796,77
ATG,ag,"Antigua and Barbuda","Latin America & Caribbean ","High income",2020,71.36840057,92
ATG,ag,"Antigua and Barbuda","Latin America & Caribbean ","High income",2021,71.64530182,100
ATG,ag,"Antigua and Barbuda","Latin America & Caribbean ","High income",2022,71.9233017,111
ATG,ag,"Antigua and Barbuda","Latin America & Caribbean ","High income",2023,72.12409973,113
GHA,gh,"Ghana","Sub-Saharan Africa ","Lower middle income",1990,0,20
GHA,gh,"Ghana","Sub-Saharan Africa ","Lower middle income",1991,,
GHA,gh,"Ghana","Sub-Saharan Africa ","Lower middle income",1992,,
GHA,gh,"Ghana","Sub-Saharan Africa ","Lower middle income",1993,,
GHA,gh,"Ghana","Sub-Saharan Africa ","Lower middle income",1994,,
GHA,gh,"Ghana","Sub-Saharan Africa ","Lower middle income",1995,0.000348,111
GHA,gh,"Ghana","Sub-Saharan Africa ","Lower middle income",1996,0.00565,128
GHA,gh,"Ghana","Sub-Saharan Africa ","Lower middle income",1997,0.0275,122
GHA,gh,"Ghana","Sub-Saharan Africa ","Lower middle income",1998,0.0322,133
GHA,gh,"Ghana","Sub-Saharan Africa ","Lower middle income",1999,0.105,137
GHA,gh,"Ghana","Sub-Saharan Africa ","Lower middle income",2000,0.153615297625799,149
GHA,gh,"Ghana","Sub-Saharan Africa ","Lower middle income",2001,0.200008060324831,151
GHA,gh,"Ghana","Sub-Saharan Africa ","Lower middle income",2002,0.830284033818738,139
GHA,gh,"Ghana","Sub-Saharan Africa ","Lower middle income",2003,1.19305791098328,135
GHA,gh,"Ghana","Sub-Saharan Africa ","Lower middle income",2004,1.71679770389504,135
GHA,gh,"Ghana","Sub-Saharan Africa ","Lower middle income",2005,1.83119746104616,137
GHA,gh,"Ghana","Sub-Saharan Africa ","Lower middle income",2006,2.72317597313987,139
GHA,gh,"Ghana","Sub-Saharan Africa ","Lower middle income",2007,3.85,136
GHA,gh,"Ghana","Sub-Saharan Africa ","Lower middle income",2008,4.27,138
GHA,gh,"Ghana","Sub-Saharan Africa ","Lower middle income",2009,5.44,134
GHA,gh,"Ghana","Sub-Saharan Africa ","Lower middle income",2010,7.8,125
GHA,gh,"Ghana","Sub-Saharan Africa ","Lower middle income",2011,9,131
GHA,gh,"Ghana","Sub-Saharan Africa ","Lower middle income",2012,10.6,139
GHA,gh,"Ghana","Sub-Saharan Africa ","Lower middle income",2013,15,127
GHA,gh,"Ghana","Sub-Saharan Africa ","Lower middle income",2014,19,125
GHA,gh,"Ghana","Sub-Saharan Africa ","Lower middle income",2015,23,126
GHA,gh,"Ghana","Sub-Saharan Africa ","Lower middle income",2016,28,129
GHA,gh,"Ghana","Sub-Saharan Africa ","Lower middle income",2017,37.88420105,124
GHA,gh,"Ghana","Sub-Saharan Africa ","Lower middle income",2018,43,119
GHA,gh,"Ghana","Sub-Saharan Africa ","Lower middle income",2019,22.0732,156
GHA,gh,"Ghana","Sub-Saharan Africa ","Lower middle income",2020,62.51760101,114
GHA,gh,"Ghana","Sub-Saharan Africa ","Lower middle income",2021,68.6,109
GHA,gh,"Ghana","Sub-Saharan Africa ","Lower middle income",2022,69.91329956,113
GHA,gh,"Ghana","Sub-Saharan Africa ","Lower middle income",2023,70.67430115,114
BLZ,bz,"Belize","Latin America & Caribbean ","Upper middle income",1990,0,20
BLZ,bz,"Belize","Latin America & Caribbean ","Upper middle income",1991,,
BLZ,bz,"Belize","Latin America & Caribbean ","Upper middle income",1992,,
BLZ,bz,"Belize","Latin America & Caribbean ","Upper middle income",1993,,
BLZ,bz,"Belize","Latin America & Caribbean ","Upper middle income",1994,,
BLZ,bz,"Belize","Latin America & Caribbean ","Upper middle income",1995,0.0454,69
BLZ,bz,"Belize","Latin America & Caribbean ","Upper middle income",1996,0.883,43
BLZ,bz,"Belize","Latin America & Caribbean ","Upper middle income",1997,1.29,51
BLZ,bz,"Belize","Latin America & Caribbean ","Upper middle income",1998,2.09,57
BLZ,bz,"Belize","Latin America & Caribbean ","Upper middle income",1999,4.08,55
BLZ,bz,"Belize","Latin America & Caribbean ","Upper middle income",2000,5.96383530272428,60
BLZ,bz,"Belize","Latin America & Caribbean ","Upper middle income",2001,,
BLZ,bz,"Belize","Latin America & Caribbean ","Upper middle income",2002,5.68425121358763,83
BLZ,bz,"Belize","Latin America & Caribbean ","Upper middle income",2003,,
BLZ,bz,"Belize","Latin America & Caribbean ","Upper middle income",2004,9.8,84
BLZ,bz,"Belize","Latin America & Caribbean ","Upper middle income",2005,17,70
BLZ,bz,"Belize","Latin America & Caribbean ","Upper middle income",2006,24,68
BLZ,bz,"Belize","Latin America & Caribbean ","Upper middle income",2007,24.60000038,72
BLZ,bz,"Belize","Latin America & Caribbean ","Upper middle income",2008,26.29999924,75
BLZ,bz,"Belize","Latin America & Caribbean ","Upper middle income",2009,27.20000076,84
BLZ,bz,"Belize","Latin America & Caribbean ","Upper middle income",2010,28.2,88
BLZ,bz,"Belize","Latin America & Caribbean ","Upper middle income",2011,30.70000076,97
BLZ,bz,"Belize","Latin America & Caribbean ","Upper middle income",2012,31,103
BLZ,bz,"Belize","Latin America & Caribbean ","Upper middle income",2013,33.59999847,103
BLZ,bz,"Belize","Latin America & Caribbean ","Upper middle income",2014,38.70000076,101
BLZ,bz,"Belize","Latin America & Caribbean ","Upper middle income",2015,41.59000015,105
BLZ,bz,"Belize","Latin America & Caribbean ","Upper middle income",2016,44.57569885,107
BLZ,bz,"Belize","Latin America & Caribbean ","Upper middle income",2017,48.8771019,111
BLZ,bz,"Belize","Latin America & Caribbean ","Upper middle income",2018,53.59360123,108
BLZ,bz,"Belize","Latin America & Caribbean ","Upper middle income",2019,58.76520157,112
BLZ,bz,"Belize","Latin America & Caribbean ","Upper middle income",2020,64.43589783,109
BLZ,bz,"Belize","Latin America & Caribbean ","Upper middle income",2021,70.65370178,103
BLZ,bz,"Belize","Latin America & Caribbean ","Upper middle income",2022,69.98329926,112
BLZ,bz,"Belize","Latin America & Caribbean ","Upper middle income",2023,70.18720245,115
BRB,bb,"Barbados","Latin America & Caribbean ","High income",1990,0,20
BRB,bb,"Barbados","Latin America & Caribbean ","High income",1991,,
BRB,bb,"Barbados","Latin America & Caribbean ","High income",1992,,
BRB,bb,"Barbados","Latin America & Caribbean ","High income",1993,,
BRB,bb,"Barbados","Latin America & Caribbean ","High income",1994,,
BRB,bb,"Barbados","Latin America & Caribbean ","High income",1995,0.00775,92
BRB,bb,"Barbados","Latin America & Caribbean ","High income",1996,0.389,62
BRB,bb,"Barbados","Latin America & Caribbean ","High income",1997,0.783,64
BRB,bb,"Barbados","Latin America & Caribbean ","High income",1998,1.97,59
BRB,bb,"Barbados","Latin America & Caribbean ","High income",1999,2.38,72
BRB,bb,"Barbados","Latin America & Caribbean ","High income",2000,3.97367835457927,70
BRB,bb,"Barbados","Latin America & Caribbean ","High income",2001,11.9364503383984,45
BRB,bb,"Barbados","Latin America & Caribbean ","High income",2002,27.836322424146,32
BRB,bb,"Barbados","Latin America & Caribbean ","High income",2003,39.6896271159532,26
BRB,bb,"Barbados","Latin America & Caribbean ","High income",2004,49.8,25
BRB,bb,"Barbados","Latin America & Caribbean ","High income",2005,52.5,24
BRB,bb,"Barbados","Latin America & Caribbean ","High income",2006,55.29999924,25
BRB,bb,"Barbados","Latin America & Caribbean ","High income",2007,58.20000076,30
BRB,bb,"Barbados","Latin America & Caribbean ","High income",2008,61.40000153,31
BRB,bb,"Barbados","Latin America & Caribbean ","High income",2009,64.69999695,29
BRB,bb,"Barbados","Latin America & Caribbean ","High income",2010,65.09999847,34
BRB,bb,"Barbados","Latin America & Caribbean ","High income",2011,66.5,38
BRB,bb,"Barbados","Latin America & Caribbean ","High income",2012,71.19999695,33
BRB,bb,"Barbados","Latin America & Caribbean ","High income",2013,71.80000305,37
BRB,bb,"Barbados","Latin America & Caribbean ","High income",2014,71.92459869,40
BRB,bb,"Barbados","Latin America & Caribbean ","High income",2015,72.04940033,45
BRB,bb,"Barbados","Latin America & Caribbean ","High income",2016,71.57299805,55
BRB,bb,"Barbados","Latin America & Caribbean ","High income",2017,71.14849854,60
BRB,bb,"Barbados","Latin America & Caribbean ","High income",2018,70.72650146,68
BRB,bb,"Barbados","Latin America & Caribbean ","High income",2019,70.30709839,81
BRB,bb,"Barbados","Latin America & Caribbean ","High income",2020,69.89009857,101
BRB,bb,"Barbados","Latin America & Caribbean ","High income",2021,69.4756012,106
BRB,bb,"Barbados","Latin America & Caribbean ","High income",2022,69.06359863,115
BRB,bb,"Barbados","Latin America & Caribbean ","High income",2023,69.67510223,116
CUB,cu,"Cuba","Latin America & Caribbean ","Upper middle income",1990,0,20
CUB,cu,"Cuba","Latin America & Caribbean ","Upper middle income",1991,,
CUB,cu,"Cuba","Latin America & Caribbean ","Upper middle income",1992,,
CUB,cu,"Cuba","Latin America & Caribbean ","Upper middle income",1993,,
CUB,cu,"Cuba","Latin America & Caribbean ","Upper middle income",1994,,
CUB,cu,"Cuba","Latin America & Caribbean ","Upper middle income",1995,0.0000917,113
CUB,cu,"Cuba","Latin America & Caribbean ","Upper middle income",1996,0.0319,105
CUB,cu,"Cuba","Latin America & Caribbean ","Upper middle income",1997,0.0682,106
CUB,cu,"Cuba","Latin America & Caribbean ","Upper middle income",1998,0.227,99
CUB,cu,"Cuba","Latin America & Caribbean ","Upper middle income",1999,0.315,116
CUB,cu,"Cuba","Latin America & Caribbean ","Upper middle income",2000,0.541182548811058,124
CUB,cu,"Cuba","Latin America & Caribbean ","Upper middle income",2001,1.07975172188907,118
CUB,cu,"Cuba","Latin America & Caribbean ","Upper middle income",2002,3.77058503769014,97
CUB,cu,"Cuba","Latin America & Caribbean ","Upper middle income",2003,5.2412690536929,91
CUB,cu,"Cuba","Latin America & Caribbean ","Upper middle income",2004,8.40798475900703,89
CUB,cu,"Cuba","Latin America & Caribbean ","Upper middle income",2005,9.73806220781346,91
CUB,cu,"Cuba","Latin America & Caribbean ","Upper middle income",2006,11.1596013147617,96
CUB,cu,"Cuba","Latin America & Caribbean ","Upper middle income",2007,11.69,99
CUB,cu,"Cuba","Latin America & Caribbean ","Upper middle income",2008,12.94,104
CUB,cu,"Cuba","Latin America & Caribbean ","Upper middle income",2009,14.33,108
CUB,cu,"Cuba","Latin America & Caribbean ","Upper middle income",2010,15.9,105
CUB,cu,"Cuba","Latin America & Caribbean ","Upper middle income",2011,16.0172907996413,114
CUB,cu,"Cuba","Latin America & Caribbean ","Upper middle income",2012,21.20000076,115
CUB,cu,"Cuba","Latin America & Caribbean ","Upper middle income",2013,27.93,111
CUB,cu,"Cuba","Latin America & Caribbean ","Upper middle income",2014,29.0701843656523,114
CUB,cu,"Cuba","Latin America & Caribbean ","Upper middle income",2015,37.3050974155373,114
CUB,cu,"Cuba","Latin America & Caribbean ","Upper middle income",2016,42.9786751910106,109
CUB,cu,"Cuba","Latin America & Caribbean ","Upper middle income",2017,57.1484043170788,94
CUB,cu,"Cuba","Latin America & Caribbean ","Upper middle income",2018,62.6789236230601,90
CUB,cu,"Cuba","Latin America & Caribbean ","Upper middle income",2019,67.9708086565152,92
CUB,cu,"Cuba","Latin America & Caribbean ","Upper middle income",2020,71.11907507,93
CUB,cu,"Cuba","Latin America & Caribbean ","Upper middle income",2021,67.64354869,110
CUB,cu,"Cuba","Latin America & Caribbean ","Upper middle income",2022,67.88410187,117
CUB,cu,"Cuba","Latin America & Caribbean ","Upper middle income",2023,69.55580139,117
GRD,gd,"Grenada","Latin America & Caribbean ","Upper middle income",1990,0,20
GRD,gd,"Grenada","Latin America & Caribbean ","Upper middle income",1991,0,31
GRD,gd,"Grenada","Latin America & Caribbean ","Upper middle income",1992,0,44
GRD,gd,"Grenada","Latin America & Caribbean ","Upper middle income",1993,0,53
GRD,gd,"Grenada","Latin America & Caribbean ","Upper middle income",1994,0,75
GRD,gd,"Grenada","Latin America & Caribbean ","Upper middle income",1995,0,115
GRD,gd,"Grenada","Latin America & Caribbean ","Upper middle income",1996,0.298,65
GRD,gd,"Grenada","Latin America & Caribbean ","Upper middle income",1997,0.991,59
GRD,gd,"Grenada","Latin America & Caribbean ","Upper middle income",1998,1.48,65
GRD,gd,"Grenada","Latin America & Caribbean ","Upper middle income",1999,2.47,70
GRD,gd,"Grenada","Latin America & Caribbean ","Upper middle income",2000,4.06390799146313,69
GRD,gd,"Grenada","Latin America & Caribbean ","Upper middle income",2001,5.12810398216998,72
GRD,gd,"Grenada","Latin America & Caribbean ","Upper middle income",2002,14.7588405454867,54
GRD,gd,"Grenada","Latin America & Caribbean ","Upper middle income",2003,18.6451821830564,57
GRD,gd,"Grenada","Latin America & Caribbean ","Upper middle income",2004,19.5706205843787,63
GRD,gd,"Grenada","Latin America & Caribbean ","Upper middle income",2005,20.4878006,64
GRD,gd,"Grenada","Latin America & Caribbean ","Upper middle income",2006,21.39599991,69
GRD,gd,"Grenada","Latin America & Caribbean ","Upper middle income",2007,22.29,73
GRD,gd,"Grenada","Latin America & Caribbean ","Upper middle income",2008,23.18000031,84
GRD,gd,"Grenada","Latin America & Caribbean ","Upper middle income",2009,24.04999924,92
GRD,gd,"Grenada","Latin America & Caribbean ","Upper middle income",2010,27,91
GRD,gd,"Grenada","Latin America & Caribbean ","Upper middle income",2011,30,98
GRD,gd,"Grenada","Latin America & Caribbean ","Upper middle income",2012,32,102
GRD,gd,"Grenada","Latin America & Caribbean ","Upper middle income",2013,35,102
GRD,gd,"Grenada","Latin America & Caribbean ","Upper middle income",2014,51.6,78
GRD,gd,"Grenada","Latin America & Caribbean ","Upper middle income",2015,52.5,87
GRD,gd,"Grenada","Latin America & Caribbean ","Upper middle income",2016,53.29999924,92
GRD,gd,"Grenada","Latin America & Caribbean ","Upper middle income",2017,54.20000076,102
GRD,gd,"Grenada","Latin America & Caribbean ","Upper middle income",2018,61.42459869,94
GRD,gd,"Grenada","Latin America & Caribbean ","Upper middle income",2019,64.31279755,99
GRD,gd,"Grenada","Latin America & Caribbean ","Upper middle income",2020,65.65380096,106
GRD,gd,"Grenada","Latin America & Caribbean ","Upper middle income",2021,67.02279663,112
GRD,gd,"Grenada","Latin America & Caribbean ","Upper middle income",2022,68.42030334,116
GRD,gd,"Grenada","Latin America & Caribbean ","Upper middle income",2023,69.4131012,118
IDN,id,"Indonesia","East Asia & Pacific","Upper middle income",1990,0,20
IDN,id,"Indonesia","East Asia & Pacific","Upper middle income",1991,,
IDN,id,"Indonesia","East Asia & Pacific","Upper middle income",1992,,
IDN,id,"Indonesia","East Asia & Pacific","Upper middle income",1993,,
IDN,id,"Indonesia","East Asia & Pacific","Upper middle income",1994,0.00106,68
IDN,id,"Indonesia","East Asia & Pacific","Upper middle income",1995,0.0261,79
IDN,id,"Indonesia","East Asia & Pacific","Upper middle income",1996,0.0566,94
IDN,id,"Indonesia","East Asia & Pacific","Upper middle income",1997,0.195,90
IDN,id,"Indonesia","East Asia & Pacific","Upper middle income",1998,0.255,96
IDN,id,"Indonesia","East Asia & Pacific","Upper middle income",1999,0.444,107
IDN,id,"Indonesia","East Asia & Pacific","Upper middle income",2000,0.925563864466858,112
IDN,id,"Indonesia","East Asia & Pacific","Upper middle income",2001,2.01861385948459,98
IDN,id,"Indonesia","East Asia & Pacific","Upper middle income",2002,2.13413573295808,112
IDN,id,"Indonesia","East Asia & Pacific","Upper middle income",2003,2.38701977959476,120
IDN,id,"Indonesia","East Asia & Pacific","Upper middle income",2004,2.60028587633414,127
IDN,id,"Indonesia","East Asia & Pacific","Upper middle income",2005,3.60202476259646,126
IDN,id,"Indonesia","East Asia & Pacific","Upper middle income",2006,4.76481313366657,125
IDN,id,"Indonesia","East Asia & Pacific","Upper middle income",2007,5.78627472934199,125
IDN,id,"Indonesia","East Asia & Pacific","Upper middle income",2008,7.917500019,120
IDN,id,"Indonesia","East Asia & Pacific","Upper middle income",2009,6.92,128
IDN,id,"Indonesia","East Asia & Pacific","Upper middle income",2010,10.92,116
IDN,id,"Indonesia","East Asia & Pacific","Upper middle income",2011,12.28,123
IDN,id,"Indonesia","East Asia & Pacific","Upper middle income",2012,14.52,126
IDN,id,"Indonesia","East Asia & Pacific","Upper middle income",2013,14.94,128
IDN,id,"Indonesia","East Asia & Pacific","Upper middle income",2014,17.1431598350566,131
IDN,id,"Indonesia","East Asia & Pacific","Upper middle income",2015,22.062742603379,131
IDN,id,"Indonesia","East Asia & Pacific","Upper middle income",2016,25.447353701827,131
IDN,id,"Indonesia","East Asia & Pacific","Upper middle income",2017,32.335806250688,131
IDN,id,"Indonesia","East Asia & Pacific","Upper middle income",2018,39.9046386385762,123
IDN,id,"Indonesia","East Asia & Pacific","Upper middle income",2019,47.6906489788375,125
IDN,id,"Indonesia","East Asia & Pacific","Upper middle income",2020,53.72649449,127
IDN,id,"Indonesia","East Asia & Pacific","Upper middle income",2021,62.10447842,120
IDN,id,"Indonesia","East Asia & Pacific","Upper middle income",2022,66.48461277,121
IDN,id,"Indonesia","East Asia & Pacific","Upper middle income",2023,69.20836554,119
KHM,kh,"Cambodia","East Asia & Pacific","Lower middle income",1990,0,20
KHM,kh,"Cambodia","East Asia & Pacific","Lower middle income",1991,,
KHM,kh,"Cambodia","East Asia & Pacific","Lower middle income",1992,,
KHM,kh,"Cambodia","East Asia & Pacific","Lower middle income",1993,,
KHM,kh,"Cambodia","East Asia & Pacific","Lower middle income",1994,,
KHM,kh,"Cambodia","East Asia & Pacific","Lower middle income",1995,,
KHM,kh,"Cambodia","East Asia & Pacific","Lower middle income",1996,,
KHM,kh,"Cambodia","East Asia & Pacific","Lower middle income",1997,0.00584,141
KHM,kh,"Cambodia","East Asia & Pacific","Lower middle income",1998,0.0163,144
KHM,kh,"Cambodia","East Asia & Pacific","Lower middle income",1999,0.032,158
KHM,kh,"Cambodia","East Asia & Pacific","Lower middle income",2000,0.047022640068885,168
KHM,kh,"Cambodia","East Asia & Pacific","Lower middle income",2001,0.0769560555527296,169
KHM,kh,"Cambodia","East Asia & Pacific","Lower middle income",2002,0.226983237666204,161
KHM,kh,"Cambodia","East Asia & Pacific","Lower middle income",2003,0.260570197574002,163
KHM,kh,"Cambodia","East Asia & Pacific","Lower middle income",2004,0.300436644360101,166
KHM,kh,"Cambodia","East Asia & Pacific","Lower middle income",2005,0.317321781089656,168
KHM,kh,"Cambodia","East Asia & Pacific","Lower middle income",2006,0.468400002,172
KHM,kh,"Cambodia","East Asia & Pacific","Lower middle income",2007,0.49,169
KHM,kh,"Cambodia","East Asia & Pacific","Lower middle income",2008,0.51,168
KHM,kh,"Cambodia","East Asia & Pacific","Lower middle income",2009,0.53,168
KHM,kh,"Cambodia","East Asia & Pacific","Lower middle income",2010,1.26,153
KHM,kh,"Cambodia","East Asia & Pacific","Lower middle income",2011,3.099999905,147
KHM,kh,"Cambodia","East Asia & Pacific","Lower middle income",2012,4.94,154
KHM,kh,"Cambodia","East Asia & Pacific","Lower middle income",2013,6,148
KHM,kh,"Cambodia","East Asia & Pacific","Lower middle income",2014,14,141
KHM,kh,"Cambodia","East Asia & Pacific","Lower middle income",2015,6.43319107021405,164
KHM,kh,"Cambodia","East Asia & Pacific","Lower middle income",2016,32.3984517141849,122
KHM,kh,"Cambodia","East Asia & Pacific","Lower middle income",2017,32.9002785437986,129
KHM,kh,"Cambodia","East Asia & Pacific","Lower middle income",2018,65,81
KHM,kh,"Cambodia","East Asia & Pacific","Lower middle income",2019,52.305878224498,117
KHM,kh,"Cambodia","East Asia & Pacific","Lower middle income",2020,56.37590027,121
KHM,kh,"Cambodia","East Asia & Pacific","Lower middle income",2021,60.76269913,123
KHM,kh,"Cambodia","East Asia & Pacific","Lower middle income",2022,65.49079895,122
KHM,kh,"Cambodia","East Asia & Pacific","Lower middle income",2023,68.92549896,120
PAN,pa,"Panama","Latin America & Caribbean ","High income",1990,0,20
PAN,pa,"Panama","Latin America & Caribbean ","High income",1991,,
PAN,pa,"Panama","Latin America & Caribbean ","High income",1992,,
PAN,pa,"Panama","Latin America & Caribbean ","High income",1993,,
PAN,pa,"Panama","Latin America & Caribbean ","High income",1994,0.00764,59
PAN,pa,"Panama","Latin America & Caribbean ","High income",1995,0.0561,67
PAN,pa,"Panama","Latin America & Caribbean ","High income",1996,0.22,75
PAN,pa,"Panama","Latin America & Caribbean ","High income",1997,0.539,69
PAN,pa,"Panama","Latin America & Caribbean ","High income",1998,2.75,49
PAN,pa,"Panama","Latin America & Caribbean ","High income",1999,3.84,58
PAN,pa,"Panama","Latin America & Caribbean ","High income",2000,6.55479647729549,55
PAN,pa,"Panama","Latin America & Caribbean ","High income",2001,7.26839987788729,61
PAN,pa,"Panama","Latin America & Caribbean ","High income",2002,8.51807781515595,71
PAN,pa,"Panama","Latin America & Caribbean ","High income",2003,9.98742407723405,71
PAN,pa,"Panama","Latin America & Caribbean ","High income",2004,11.1408625409415,78
PAN,pa,"Panama","Latin America & Caribbean ","High income",2005,11.48400021,86
PAN,pa,"Panama","Latin America & Caribbean ","High income",2006,17.34959984,79
PAN,pa,"Panama","Latin America & Caribbean ","High income",2007,22.29,73
PAN,pa,"Panama","Latin America & Caribbean ","High income",2008,33.82,65
PAN,pa,"Panama","Latin America & Caribbean ","High income",2009,39.08,62
PAN,pa,"Panama","Latin America & Caribbean ","High income",2010,40.1,65
PAN,pa,"Panama","Latin America & Caribbean ","High income",2011,42.7,73
PAN,pa,"Panama","Latin America & Caribbean ","High income",2012,40.3018952210488,84
PAN,pa,"Panama","Latin America & Caribbean ","High income",2013,44.03,84
PAN,pa,"Panama","Latin America & Caribbean ","High income",2014,44.9238152577893,91
PAN,pa,"Panama","Latin America & Caribbean ","High income",2015,51.2054249948687,89
PAN,pa,"Panama","Latin America & Caribbean ","High income",2016,54,90
PAN,pa,"Panama","Latin America & Caribbean ","High income",2017,59.9506309038683,88
PAN,pa,"Panama","Latin America & Caribbean ","High income",2018,61.8055313202468,93
PAN,pa,"Panama","Latin America & Caribbean ","High income",2019,63.6284147731451,102
PAN,pa,"Panama","Latin America & Caribbean ","High income",2020,64.82430267,108
PAN,pa,"Panama","Latin America & Caribbean ","High income",2021,66.04270172,114
PAN,pa,"Panama","Latin America & Caribbean ","High income",2022,67.2838974,119
PAN,pa,"Panama","Latin America & Caribbean ","High income",2023,68.54851592,121
GAB,ga,"Gabon","Sub-Saharan Africa ","Upper middle income",1990,0,20
GAB,ga,"Gabon","Sub-Saharan Africa ","Upper middle income",1991,,
GAB,ga,"Gabon","Sub-Saharan Africa ","Upper middle income",1992,,
GAB,ga,"Gabon","Sub-Saharan Africa ","Upper middle income",1993,,
GAB,ga,"Gabon","Sub-Saharan Africa ","Upper middle income",1994,,
GAB,ga,"Gabon","Sub-Saharan Africa ","Upper middle income",1995,,
GAB,ga,"Gabon","Sub-Saharan Africa ","Upper middle income",1996,0,153
GAB,ga,"Gabon","Sub-Saharan Africa ","Upper middle income",1997,0.048,115
GAB,ga,"Gabon","Sub-Saharan Africa ","Upper middle income",1998,0.17,102
GAB,ga,"Gabon","Sub-Saharan Africa ","Upper middle income",1999,0.249,120
GAB,ga,"Gabon","Sub-Saharan Africa ","Upper middle income",2000,1.21614061828589,103
GAB,ga,"Gabon","Sub-Saharan Africa ","Upper middle income",2001,1.34762022159633,111
GAB,ga,"Gabon","Sub-Saharan Africa ","Upper middle income",2002,1.93953010616212,115
GAB,ga,"Gabon","Sub-Saharan Africa ","Upper middle income",2003,2.65958659385985,112
GAB,ga,"Gabon","Sub-Saharan Africa ","Upper middle income",2004,2.97906980035019,125
GAB,ga,"Gabon","Sub-Saharan Africa ","Upper middle income",2005,4.89326474972412,115
GAB,ga,"Gabon","Sub-Saharan Africa ","Upper middle income",2006,5.48920080280135,123
GAB,ga,"Gabon","Sub-Saharan Africa ","Upper middle income",2007,5.767000198,126
GAB,ga,"Gabon","Sub-Saharan Africa ","Upper middle income",2008,7.5,122
GAB,ga,"Gabon","Sub-Saharan Africa ","Upper middle income",2009,9.5,117
GAB,ga,"Gabon","Sub-Saharan Africa ","Upper middle income",2010,13,109
GAB,ga,"Gabon","Sub-Saharan Africa ","Upper middle income",2011,18,112
GAB,ga,"Gabon","Sub-Saharan Africa ","Upper middle income",2012,24,111
GAB,ga,"Gabon","Sub-Saharan Africa ","Upper middle income",2013,30.53800011,107
GAB,ga,"Gabon","Sub-Saharan Africa ","Upper middle income",2014,38.07120132,102
GAB,ga,"Gabon","Sub-Saharan Africa ","Upper middle income",2015,45.78450012,97
GAB,ga,"Gabon","Sub-Saharan Africa ","Upper middle income",2016,48.0522995,101
GAB,ga,"Gabon","Sub-Saharan Africa ","Upper middle income",2017,51.60490036,107
GAB,ga,"Gabon","Sub-Saharan Africa ","Upper middle income",2018,55.42020035,104
GAB,ga,"Gabon","Sub-Saharan Africa ","Upper middle income",2019,59.51760101,110
GAB,ga,"Gabon","Sub-Saharan Africa ","Upper middle income",2020,63.91790009,110
GAB,ga,"Gabon","Sub-Saharan Africa ","Upper middle income",2021,65.76809692,116
GAB,ga,"Gabon","Sub-Saharan Africa ","Upper middle income",2022,67.67169952,118
GAB,ga,"Gabon","Sub-Saharan Africa ","Upper middle income",2023,68.19789886,122
LCA,lc,"St. Lucia","Latin America & Caribbean ","Upper middle income",1990,0,20
LCA,lc,"St. Lucia","Latin America & Caribbean ","Upper middle income",1991,,
LCA,lc,"St. Lucia","Latin America & Caribbean ","Upper middle income",1992,,
LCA,lc,"St. Lucia","Latin America & Caribbean ","Upper middle income",1993,,
LCA,lc,"St. Lucia","Latin America & Caribbean ","Upper middle income",1994,,
LCA,lc,"St. Lucia","Latin America & Caribbean ","Upper middle income",1995,0.306,44
LCA,lc,"St. Lucia","Latin America & Caribbean ","Upper middle income",1996,0.67,56
LCA,lc,"St. Lucia","Latin America & Caribbean ","Upper middle income",1997,0.992,58
LCA,lc,"St. Lucia","Latin America & Caribbean ","Upper middle income",1998,1.3,69
LCA,lc,"St. Lucia","Latin America & Caribbean ","Upper middle income",1999,1.93,77
LCA,lc,"St. Lucia","Latin America & Caribbean ","Upper middle income",2000,5.09048334139327,65
LCA,lc,"St. Lucia","Latin America & Caribbean ","Upper middle income",2001,8.18186395448366,57
LCA,lc,"St. Lucia","Latin America & Caribbean ","Upper middle income",2002,14.6418357746777,56
LCA,lc,"St. Lucia","Latin America & Caribbean ","Upper middle income",2003,20.9824734633424,50
LCA,lc,"St. Lucia","Latin America & Caribbean ","Upper middle income",2004,21.395212362765,60
LCA,lc,"St. Lucia","Latin America & Caribbean ","Upper middle income",2005,21.5675829464215,59
LCA,lc,"St. Lucia","Latin America & Caribbean ","Upper middle income",2006,24.5,67
LCA,lc,"St. Lucia","Latin America & Caribbean ","Upper middle income",2007,27.89999962,67
LCA,lc,"St. Lucia","Latin America & Caribbean ","Upper middle income",2008,30,73
LCA,lc,"St. Lucia","Latin America & Caribbean ","Upper middle income",2009,31,76
LCA,lc,"St. Lucia","Latin America & Caribbean ","Upper middle income",2010,32.5,76
LCA,lc,"St. Lucia","Latin America & Caribbean ","Upper middle income",2011,34,91
LCA,lc,"St. Lucia","Latin America & Caribbean ","Upper middle income",2012,45.865,77
LCA,lc,"St. Lucia","Latin America & Caribbean ","Upper middle income",2013,49.3871994,75
LCA,lc,"St. Lucia","Latin America & Caribbean ","Upper middle income",2014,53.17969894,75
LCA,lc,"St. Lucia","Latin America & Caribbean ","Upper middle income",2015,57.26330185,74
LCA,lc,"St. Lucia","Latin America & Caribbean ","Upper middle income",2016,58.22259903,84
LCA,lc,"St. Lucia","Latin America & Caribbean ","Upper middle income",2017,59.16009903,90
LCA,lc,"St. Lucia","Latin America & Caribbean ","Upper middle income",2018,60.11259842,95
LCA,lc,"St. Lucia","Latin America & Caribbean ","Upper middle income",2019,61.08050156,107
LCA,lc,"St. Lucia","Latin America & Caribbean ","Upper middle income",2020,62.06399918,116
LCA,lc,"St. Lucia","Latin America & Caribbean ","Upper middle income",2021,63.06330109,119
LCA,lc,"St. Lucia","Latin America & Caribbean ","Upper middle income",2022,66.95159912,120
LCA,lc,"St. Lucia","Latin America & Caribbean ","Upper middle income",2023,67.44390106,123
DJI,dj,"Djibouti","Middle East, North Africa, Afghanistan & Pakistan","Lower middle income",1990,0,20
DJI,dj,"Djibouti","Middle East, North Africa, Afghanistan & Pakistan","Lower middle income",1991,,
DJI,dj,"Djibouti","Middle East, North Africa, Afghanistan & Pakistan","Lower middle income",1992,,
DJI,dj,"Djibouti","Middle East, North Africa, Afghanistan & Pakistan","Lower middle income",1993,,
DJI,dj,"Djibouti","Middle East, North Africa, Afghanistan & Pakistan","Lower middle income",1994,,
DJI,dj,"Djibouti","Middle East, North Africa, Afghanistan & Pakistan","Lower middle income",1995,0.016,83
DJI,dj,"Djibouti","Middle East, North Africa, Afghanistan & Pakistan","Lower middle income",1996,0.0312,107
DJI,dj,"Djibouti","Middle East, North Africa, Afghanistan & Pakistan","Lower middle income",1997,0.0829,104
DJI,dj,"Djibouti","Middle East, North Africa, Afghanistan & Pakistan","Lower middle income",1998,0.0947,116
DJI,dj,"Djibouti","Middle East, North Africa, Afghanistan & Pakistan","Lower middle income",1999,0.106,136
DJI,dj,"Djibouti","Middle East, North Africa, Afghanistan & Pakistan","Lower middle income",2000,0.194500528399956,144
DJI,dj,"Djibouti","Middle East, North Africa, Afghanistan & Pakistan","Lower middle income",2001,0.343526262964202,138
DJI,dj,"Djibouti","Middle East, North Africa, Afghanistan & Pakistan","Lower middle income",2002,0.48697170451894,145
DJI,dj,"Djibouti","Middle East, North Africa, Afghanistan & Pakistan","Lower middle income",2003,0.625940229399888,142
DJI,dj,"Djibouti","Middle East, North Africa, Afghanistan & Pakistan","Lower middle income",2004,0.781317175068661,150
DJI,dj,"Djibouti","Middle East, North Africa, Afghanistan & Pakistan","Lower middle income",2005,0.953599989,152
DJI,dj,"Djibouti","Middle East, North Africa, Afghanistan & Pakistan","Lower middle income",2006,1.269999981,157
DJI,dj,"Djibouti","Middle East, North Africa, Afghanistan & Pakistan","Lower middle income",2007,1.62,153
DJI,dj,"Djibouti","Middle East, North Africa, Afghanistan & Pakistan","Lower middle income",2008,2.26,148
DJI,dj,"Djibouti","Middle East, North Africa, Afghanistan & Pakistan","Lower middle income",2009,4,138
DJI,dj,"Djibouti","Middle East, North Africa, Afghanistan & Pakistan","Lower middle income",2010,6.5,130
DJI,dj,"Djibouti","Middle East, North Africa, Afghanistan & Pakistan","Lower middle income",2011,7,135
DJI,dj,"Djibouti","Middle East, North Africa, Afghanistan & Pakistan","Lower middle income",2012,9.399999619,143
DJI,dj,"Djibouti","Middle East, North Africa, Afghanistan & Pakistan","Lower middle income",2013,12.69999981,134
DJI,dj,"Djibouti","Middle East, North Africa, Afghanistan & Pakistan","Lower middle income",2014,17,132
DJI,dj,"Djibouti","Middle East, North Africa, Afghanistan & Pakistan","Lower middle income",2015,22.89999962,127
DJI,dj,"Djibouti","Middle East, North Africa, Afghanistan & Pakistan","Lower middle income",2016,30.79999924,124
DJI,dj,"Djibouti","Middle East, North Africa, Afghanistan & Pakistan","Lower middle income",2017,55.6814092453962,97
DJI,dj,"Djibouti","Middle East, North Africa, Afghanistan & Pakistan","Lower middle income",2018,57.06169891,100
DJI,dj,"Djibouti","Middle East, North Africa, Afghanistan & Pakistan","Lower middle income",2019,58.4762001,113
DJI,dj,"Djibouti","Middle East, North Africa, Afghanistan & Pakistan","Lower middle income",2020,59.92570114,118
DJI,dj,"Djibouti","Middle East, North Africa, Afghanistan & Pakistan","Lower middle income",2021,61.41120148,122
DJI,dj,"Djibouti","Middle East, North Africa, Afghanistan & Pakistan","Lower middle income",2022,63.77600098,125
DJI,dj,"Djibouti","Middle East, North Africa, Afghanistan & Pakistan","Lower middle income",2023,64.75869751,124
LAO,la,"Lao PDR","East Asia & Pacific","Lower middle income",1990,0,20
LAO,la,"Lao PDR","East Asia & Pacific","Lower middle income",1991,,
LAO,la,"Lao PDR","East Asia & Pacific","Lower middle income",1992,,
LAO,la,"Lao PDR","East Asia & Pacific","Lower middle income",1993,,
LAO,la,"Lao PDR","East Asia & Pacific","Lower middle income",1994,,
LAO,la,"Lao PDR","East Asia & Pacific","Lower middle income",1995,,
LAO,la,"Lao PDR","East Asia & Pacific","Lower middle income",1996,,
LAO,la,"Lao PDR","East Asia & Pacific","Lower middle income",1997,,
LAO,la,"Lao PDR","East Asia & Pacific","Lower middle income",1998,0.00966,151
LAO,la,"Lao PDR","East Asia & Pacific","Lower middle income",1999,0.0378,155
LAO,la,"Lao PDR","East Asia & Pacific","Lower middle income",2000,0.111044032290124,157
LAO,la,"Lao PDR","East Asia & Pacific","Lower middle income",2001,0.181664460654566,153
LAO,la,"Lao PDR","East Asia & Pacific","Lower middle income",2002,0.267899241309349,158
LAO,la,"Lao PDR","East Asia & Pacific","Lower middle income",2003,0.333912466428616,159
LAO,la,"Lao PDR","East Asia & Pacific","Lower middle income",2004,0.361434490258043,162
LAO,la,"Lao PDR","East Asia & Pacific","Lower middle income",2005,0.850399971,155
LAO,la,"Lao PDR","East Asia & Pacific","Lower middle income",2006,1.16989994,158
LAO,la,"Lao PDR","East Asia & Pacific","Lower middle income",2007,1.64,152
LAO,la,"Lao PDR","East Asia & Pacific","Lower middle income",2008,3.55,141
LAO,la,"Lao PDR","East Asia & Pacific","Lower middle income",2009,6,131
LAO,la,"Lao PDR","East Asia & Pacific","Lower middle income",2010,7,128
LAO,la,"Lao PDR","East Asia & Pacific","Lower middle income",2011,9,131
LAO,la,"Lao PDR","East Asia & Pacific","Lower middle income",2012,10.74769974,137
LAO,la,"Lao PDR","East Asia & Pacific","Lower middle income",2013,12.5,135
LAO,la,"Lao PDR","East Asia & Pacific","Lower middle income",2014,14.26000023,140
LAO,la,"Lao PDR","East Asia & Pacific","Lower middle income",2015,18.20000076,139
LAO,la,"Lao PDR","East Asia & Pacific","Lower middle income",2016,21.87000084,140
LAO,la,"Lao PDR","East Asia & Pacific","Lower middle income",2017,25.51040077,140
LAO,la,"Lao PDR","East Asia & Pacific","Lower middle income",2018,36.27130127,128
LAO,la,"Lao PDR","East Asia & Pacific","Lower middle income",2019,47.03229904,127
LAO,la,"Lao PDR","East Asia & Pacific","Lower middle income",2020,54,125
LAO,la,"Lao PDR","East Asia & Pacific","Lower middle income",2021,62,121
LAO,la,"Lao PDR","East Asia & Pacific","Lower middle income",2022,64.54000092,123
LAO,la,"Lao PDR","East Asia & Pacific","Lower middle income",2023,64.39800262,125
TON,to,"Tonga","East Asia & Pacific","Upper middle income",1990,0,20
TON,to,"Tonga","East Asia & Pacific","Upper middle income",1991,,
TON,to,"Tonga","East Asia & Pacific","Upper middle income",1992,,
TON,to,"Tonga","East Asia & Pacific","Upper middle income",1993,,
TON,to,"Tonga","East Asia & Pacific","Upper middle income",1994,,
TON,to,"Tonga","East Asia & Pacific","Upper middle income",1995,0.123,54
TON,to,"Tonga","East Asia & Pacific","Upper middle income",1996,0.164,80
TON,to,"Tonga","East Asia & Pacific","Upper middle income",1997,0.511,70
TON,to,"Tonga","East Asia & Pacific","Upper middle income",1998,0.765,79
TON,to,"Tonga","East Asia & Pacific","Upper middle income",1999,1.02,87
TON,to,"Tonga","East Asia & Pacific","Upper middle income",2000,2.4343980443669,85
TON,to,"Tonga","East Asia & Pacific","Upper middle income",2001,2.82537183911525,90
TON,to,"Tonga","East Asia & Pacific","Upper middle income",2002,2.90729731626382,103
TON,to,"Tonga","East Asia & Pacific","Upper middle income",2003,2.98581736750435,109
TON,to,"Tonga","East Asia & Pacific","Upper middle income",2004,3.95237389457043,111
TON,to,"Tonga","East Asia & Pacific","Upper middle income",2005,4.907800198,114
TON,to,"Tonga","East Asia & Pacific","Upper middle income",2006,5.853899956,117
TON,to,"Tonga","East Asia & Pacific","Upper middle income",2007,7.179900169,115
TON,to,"Tonga","East Asia & Pacific","Upper middle income",2008,8.11076994380395,118
TON,to,"Tonga","East Asia & Pacific","Upper middle income",2009,10,115
TON,to,"Tonga","East Asia & Pacific","Upper middle income",2010,16,104
TON,to,"Tonga","East Asia & Pacific","Upper middle income",2011,25,103
TON,to,"Tonga","East Asia & Pacific","Upper middle income",2012,30,106
TON,to,"Tonga","East Asia & Pacific","Upper middle income",2013,32.75400162,104
TON,to,"Tonga","East Asia & Pacific","Upper middle income",2014,35.95439911,104
TON,to,"Tonga","East Asia & Pacific","Upper middle income",2015,38.65129852,109
TON,to,"Tonga","East Asia & Pacific","Upper middle income",2016,39.95000076,114
TON,to,"Tonga","East Asia & Pacific","Upper middle income",2017,46.20080185,115
TON,to,"Tonga","East Asia & Pacific","Upper middle income",2018,48.80789948,110
TON,to,"Tonga","East Asia & Pacific","Upper middle income",2019,51.56299973,118
TON,to,"Tonga","East Asia & Pacific","Upper middle income",2020,54.47370148,124
TON,to,"Tonga","East Asia & Pacific","Upper middle income",2021,57.549,126
TON,to,"Tonga","East Asia & Pacific","Upper middle income",2022,61.60739899,128
TON,to,"Tonga","East Asia & Pacific","Upper middle income",2023,64.13140106,126
MHL,mh,"Marshall Islands","East Asia & Pacific","Upper middle income",1990,0,20
MHL,mh,"Marshall Islands","East Asia & Pacific","Upper middle income",1991,0,31
MHL,mh,"Marshall Islands","East Asia & Pacific","Upper middle income",1992,0,44
MHL,mh,"Marshall Islands","East Asia & Pacific","Upper middle income",1993,0,53
MHL,mh,"Marshall Islands","East Asia & Pacific","Upper middle income",1994,0,75
MHL,mh,"Marshall Islands","East Asia & Pacific","Upper middle income",1995,0,115
MHL,mh,"Marshall Islands","East Asia & Pacific","Upper middle income",1996,0.0371,102
MHL,mh,"Marshall Islands","East Asia & Pacific","Upper middle income",1997,,
MHL,mh,"Marshall Islands","East Asia & Pacific","Upper middle income",1998,,
MHL,mh,"Marshall Islands","East Asia & Pacific","Upper middle income",1999,0.966,90
MHL,mh,"Marshall Islands","East Asia & Pacific","Upper middle income",2000,1.53427179624871,96
MHL,mh,"Marshall Islands","East Asia & Pacific","Upper middle income",2001,1.7066140776699,102
MHL,mh,"Marshall Islands","East Asia & Pacific","Upper middle income",2002,2.33544457522934,110
MHL,mh,"Marshall Islands","East Asia & Pacific","Upper middle income",2003,2.5697503671072,113
MHL,mh,"Marshall Islands","East Asia & Pacific","Upper middle income",2004,3.59977681383754,115
MHL,mh,"Marshall Islands","East Asia & Pacific","Upper middle income",2005,3.8787023977433,121
MHL,mh,"Marshall Islands","East Asia & Pacific","Upper middle income",2006,3.79559021427832,131
MHL,mh,"Marshall Islands","East Asia & Pacific","Upper middle income",2007,3.950000048,132
MHL,mh,"Marshall Islands","East Asia & Pacific","Upper middle income",2008,4.599999905,134
MHL,mh,"Marshall Islands","East Asia & Pacific","Upper middle income",2009,5.599999905,133
MHL,mh,"Marshall Islands","East Asia & Pacific","Upper middle income",2010,7,128
MHL,mh,"Marshall Islands","East Asia & Pacific","Upper middle income",2011,10,129
MHL,mh,"Marshall Islands","East Asia & Pacific","Upper middle income",2012,12.5,131
MHL,mh,"Marshall Islands","East Asia & Pacific","Upper middle income",2013,14,129
MHL,mh,"Marshall Islands","East Asia & Pacific","Upper middle income",2014,16.79999924,133
MHL,mh,"Marshall Islands","East Asia & Pacific","Upper middle income",2015,19.28240013,136
MHL,mh,"Marshall Islands","East Asia & Pacific","Upper middle income",2016,29.78779984,125
MHL,mh,"Marshall Islands","East Asia & Pacific","Upper middle income",2017,38.70119858,122
MHL,mh,"Marshall Islands","East Asia & Pacific","Upper middle income",2018,43.88249969,117
MHL,mh,"Marshall Islands","East Asia & Pacific","Upper middle income",2019,49.75749969,122
MHL,mh,"Marshall Islands","East Asia & Pacific","Upper middle income",2020,56.41910172,120
MHL,mh,"Marshall Islands","East Asia & Pacific","Upper middle income",2021,63.97259903,118
MHL,mh,"Marshall Islands","East Asia & Pacific","Upper middle income",2022,64.26719666,124
MHL,mh,"Marshall Islands","East Asia & Pacific","Upper middle income",2023,64.07589722,127
NAM,na,"Namibia","Sub-Saharan Africa ","Lower middle income",1990,0,20
NAM,na,"Namibia","Sub-Saharan Africa ","Lower middle income",1991,,
NAM,na,"Namibia","Sub-Saharan Africa ","Lower middle income",1992,,
NAM,na,"Namibia","Sub-Saharan Africa ","Lower middle income",1993,,
NAM,na,"Namibia","Sub-Saharan Africa ","Lower middle income",1994,,
NAM,na,"Namibia","Sub-Saharan Africa ","Lower middle income",1995,0.00617,94
NAM,na,"Namibia","Sub-Saharan Africa ","Lower middle income",1996,0.00903,120
NAM,na,"Namibia","Sub-Saharan Africa ","Lower middle income",1997,0.0588,110
NAM,na,"Namibia","Sub-Saharan Africa ","Lower middle income",1998,0.287,93
NAM,na,"Namibia","Sub-Saharan Africa ","Lower middle income",1999,0.336,115
NAM,na,"Namibia","Sub-Saharan Africa ","Lower middle income",2000,1.64473954726899,95
NAM,na,"Namibia","Sub-Saharan Africa ","Lower middle income",2001,2.41697944170998,95
NAM,na,"Namibia","Sub-Saharan Africa ","Lower middle income",2002,2.63369976876116,106
NAM,na,"Namibia","Sub-Saharan Africa ","Lower middle income",2003,3.35983988553801,105
NAM,na,"Namibia","Sub-Saharan Africa ","Lower middle income",2004,3.8047156152631,113
NAM,na,"Namibia","Sub-Saharan Africa ","Lower middle income",2005,4.010000229,118
NAM,na,"Namibia","Sub-Saharan Africa ","Lower middle income",2006,4.39887064732726,129
NAM,na,"Namibia","Sub-Saharan Africa ","Lower middle income",2007,4.83561077833704,127
NAM,na,"Namibia","Sub-Saharan Africa ","Lower middle income",2008,5.32900377208954,130
NAM,na,"Namibia","Sub-Saharan Africa ","Lower middle income",2009,6.5,129
NAM,na,"Namibia","Sub-Saharan Africa ","Lower middle income",2010,11.6,111
NAM,na,"Namibia","Sub-Saharan Africa ","Lower middle income",2011,12,124
NAM,na,"Namibia","Sub-Saharan Africa ","Lower middle income",2012,12.94139957,130
NAM,na,"Namibia","Sub-Saharan Africa ","Lower middle income",2013,13.89999962,130
NAM,na,"Namibia","Sub-Saharan Africa ","Lower middle income",2014,14.84000015,139
NAM,na,"Namibia","Sub-Saharan Africa ","Lower middle income",2015,25.68790054,123
NAM,na,"Namibia","Sub-Saharan Africa ","Lower middle income",2016,31.0333004,123
NAM,na,"Namibia","Sub-Saharan Africa ","Lower middle income",2017,36.83739853,125
NAM,na,"Namibia","Sub-Saharan Africa ","Lower middle income",2018,42.8207016,120
NAM,na,"Namibia","Sub-Saharan Africa ","Lower middle income",2019,49.77590179,121
NAM,na,"Namibia","Sub-Saharan Africa ","Lower middle income",2020,57.8608017,119
NAM,na,"Namibia","Sub-Saharan Africa ","Lower middle income",2021,60.25999832,124
NAM,na,"Namibia","Sub-Saharan Africa ","Lower middle income",2022,62.99720001,127
NAM,na,"Namibia","Sub-Saharan Africa ","Lower middle income",2023,63.69549942,128
GNQ,gq,"Equatorial Guinea","Sub-Saharan Africa ","Upper middle income",1990,0,20
GNQ,gq,"Equatorial Guinea","Sub-Saharan Africa ","Upper middle income",1991,,
GNQ,gq,"Equatorial Guinea","Sub-Saharan Africa ","Upper middle income",1992,,
GNQ,gq,"Equatorial Guinea","Sub-Saharan Africa ","Upper middle income",1993,,
GNQ,gq,"Equatorial Guinea","Sub-Saharan Africa ","Upper middle income",1994,,
GNQ,gq,"Equatorial Guinea","Sub-Saharan Africa ","Upper middle income",1995,,
GNQ,gq,"Equatorial Guinea","Sub-Saharan Africa ","Upper middle income",1996,,
GNQ,gq,"Equatorial Guinea","Sub-Saharan Africa ","Upper middle income",1997,0.0415,117
GNQ,gq,"Equatorial Guinea","Sub-Saharan Africa ","Upper middle income",1998,0.0944,117
GNQ,gq,"Equatorial Guinea","Sub-Saharan Africa ","Upper middle income",1999,0.0974,139
GNQ,gq,"Equatorial Guinea","Sub-Saharan Africa ","Upper middle income",2000,0.132354665123789,152
GNQ,gq,"Equatorial Guinea","Sub-Saharan Africa ","Upper middle income",2001,0.16526042288306,156
GNQ,gq,"Equatorial Guinea","Sub-Saharan Africa ","Upper middle income",2002,0.321197997152044,153
GNQ,gq,"Equatorial Guinea","Sub-Saharan Africa ","Upper middle income",2003,0.520524272046806,147
GNQ,gq,"Equatorial Guinea","Sub-Saharan Africa ","Upper middle income",2004,0.843930284607049,149
GNQ,gq,"Equatorial Guinea","Sub-Saharan Africa ","Upper middle income",2005,1.149799943,147
GNQ,gq,"Equatorial Guinea","Sub-Saharan Africa ","Upper middle income",2006,1.279199958,156
GNQ,gq,"Equatorial Guinea","Sub-Saharan Africa ","Upper middle income",2007,1.557100058,155
GNQ,gq,"Equatorial Guinea","Sub-Saharan Africa ","Upper middle income",2008,1.820000052,154
GNQ,gq,"Equatorial Guinea","Sub-Saharan Africa ","Upper middle income",2009,2.130000114,152
GNQ,gq,"Equatorial Guinea","Sub-Saharan Africa ","Upper middle income",2010,6,132
GNQ,gq,"Equatorial Guinea","Sub-Saharan Africa ","Upper middle income",2011,11.5,125
GNQ,gq,"Equatorial Guinea","Sub-Saharan Africa ","Upper middle income",2012,13.94320011,128
GNQ,gq,"Equatorial Guinea","Sub-Saharan Africa ","Upper middle income",2013,16.39999962,124
GNQ,gq,"Equatorial Guinea","Sub-Saharan Africa ","Upper middle income",2014,18.86000061,126
GNQ,gq,"Equatorial Guinea","Sub-Saharan Africa ","Upper middle income",2015,21.31999969,134
GNQ,gq,"Equatorial Guinea","Sub-Saharan Africa ","Upper middle income",2016,23.78000069,134
GNQ,gq,"Equatorial Guinea","Sub-Saharan Africa ","Upper middle income",2017,26.23999977,136
GNQ,gq,"Equatorial Guinea","Sub-Saharan Africa ","Upper middle income",2018,29.39999962,137
GNQ,gq,"Equatorial Guinea","Sub-Saharan Africa ","Upper middle income",2019,49.13370132,123
GNQ,gq,"Equatorial Guinea","Sub-Saharan Africa ","Upper middle income",2020,55.00130081,122
GNQ,gq,"Equatorial Guinea","Sub-Saharan Africa ","Upper middle income",2021,58.71730042,125
GNQ,gq,"Equatorial Guinea","Sub-Saharan Africa ","Upper middle income",2022,63.65950012,126
GNQ,gq,"Equatorial Guinea","Sub-Saharan Africa ","Upper middle income",2023,63.51950073,129
SLV,sv,"El Salvador","Latin America & Caribbean ","Upper middle income",1990,0,20
SLV,sv,"El Salvador","Latin America & Caribbean ","Upper middle income",1991,,
SLV,sv,"El Salvador","Latin America & Caribbean ","Upper middle income",1992,,
SLV,sv,"El Salvador","Latin America & Caribbean ","Upper middle income",1993,,
SLV,sv,"El Salvador","Latin America & Caribbean ","Upper middle income",1994,,
SLV,sv,"El Salvador","Latin America & Caribbean ","Upper middle income",1995,,
SLV,sv,"El Salvador","Latin America & Caribbean ","Upper middle income",1996,0.0864,86
SLV,sv,"El Salvador","Latin America & Caribbean ","Upper middle income",1997,0.257,84
SLV,sv,"El Salvador","Latin America & Caribbean ","Upper middle income",1998,0.425,88
SLV,sv,"El Salvador","Latin America & Caribbean ","Upper middle income",1999,0.845,92
SLV,sv,"El Salvador","Latin America & Caribbean ","Upper middle income",2000,1.17739726914477,105
SLV,sv,"El Salvador","Latin America & Caribbean ","Upper middle income",2001,1.5,105
SLV,sv,"El Salvador","Latin America & Caribbean ","Upper middle income",2002,1.9,116
SLV,sv,"El Salvador","Latin America & Caribbean ","Upper middle income",2003,2.5,115
SLV,sv,"El Salvador","Latin America & Caribbean ","Upper middle income",2004,3.2,122
SLV,sv,"El Salvador","Latin America & Caribbean ","Upper middle income",2005,4.199999809,117
SLV,sv,"El Salvador","Latin America & Caribbean ","Upper middle income",2006,5.5,122
SLV,sv,"El Salvador","Latin America & Caribbean ","Upper middle income",2007,6.11,120
SLV,sv,"El Salvador","Latin America & Caribbean ","Upper middle income",2008,10.08,109
SLV,sv,"El Salvador","Latin America & Caribbean ","Upper middle income",2009,12.11,110
SLV,sv,"El Salvador","Latin America & Caribbean ","Upper middle income",2010,15.9,105
SLV,sv,"El Salvador","Latin America & Caribbean ","Upper middle income",2011,18.89999962,109
SLV,sv,"El Salvador","Latin America & Caribbean ","Upper middle income",2012,20.3213877242007,117
SLV,sv,"El Salvador","Latin America & Caribbean ","Upper middle income",2013,23.1093,115
SLV,sv,"El Salvador","Latin America & Caribbean ","Upper middle income",2014,24.7617121459061,117
SLV,sv,"El Salvador","Latin America & Caribbean ","Upper middle income",2015,26.8026049600572,121
SLV,sv,"El Salvador","Latin America & Caribbean ","Upper middle income",2016,28.99710083,127
SLV,sv,"El Salvador","Latin America & Caribbean ","Upper middle income",2017,33.8207289048526,128
SLV,sv,"El Salvador","Latin America & Caribbean ","Upper middle income",2018,43.79999924,118
SLV,sv,"El Salvador","Latin America & Caribbean ","Upper middle income",2019,50.4911940673888,120
SLV,sv,"El Salvador","Latin America & Caribbean ","Upper middle income",2020,54.60136976,123
SLV,sv,"El Salvador","Latin America & Caribbean ","Upper middle income",2021,57.26380157,127
SLV,sv,"El Salvador","Latin America & Caribbean ","Upper middle income",2022,60.05609894,129
SLV,sv,"El Salvador","Latin America & Caribbean ","Upper middle income",2023,62.61989975,130
SWZ,sz,"Eswatini","Sub-Saharan Africa ","Lower middle income",1990,0,20
SWZ,sz,"Eswatini","Sub-Saharan Africa ","Lower middle income",1991,,
SWZ,sz,"Eswatini","Sub-Saharan Africa ","Lower middle income",1992,,
SWZ,sz,"Eswatini","Sub-Saharan Africa ","Lower middle income",1993,,
SWZ,sz,"Eswatini","Sub-Saharan Africa ","Lower middle income",1994,,
SWZ,sz,"Eswatini","Sub-Saharan Africa ","Lower middle income",1995,0.00103,106
SWZ,sz,"Eswatini","Sub-Saharan Africa ","Lower middle income",1996,0.0504,97
SWZ,sz,"Eswatini","Sub-Saharan Africa ","Lower middle income",1997,0.0885,103
SWZ,sz,"Eswatini","Sub-Saharan Africa ","Lower middle income",1998,0.0961,115
SWZ,sz,"Eswatini","Sub-Saharan Africa ","Lower middle income",1999,0.471,105
SWZ,sz,"Eswatini","Sub-Saharan Africa ","Lower middle income",2000,0.926191777269401,111
SWZ,sz,"Eswatini","Sub-Saharan Africa ","Lower middle income",2001,1.28159005046719,113
SWZ,sz,"Eswatini","Sub-Saharan Africa ","Lower middle income",2002,1.81620380712642,119
SWZ,sz,"Eswatini","Sub-Saharan Africa ","Lower middle income",2003,2.43707385055863,116
SWZ,sz,"Eswatini","Sub-Saharan Africa ","Lower middle income",2004,3.22868507316111,121
SWZ,sz,"Eswatini","Sub-Saharan Africa ","Lower middle income",2005,3.697000027,125
SWZ,sz,"Eswatini","Sub-Saharan Africa ","Lower middle income",2006,3.69653878906882,133
SWZ,sz,"Eswatini","Sub-Saharan Africa ","Lower middle income",2007,4.1,130
SWZ,sz,"Eswatini","Sub-Saharan Africa ","Lower middle income",2008,6.85,126
SWZ,sz,"Eswatini","Sub-Saharan Africa ","Lower middle income",2009,8.94,121
SWZ,sz,"Eswatini","Sub-Saharan Africa ","Lower middle income",2010,11.04,115
SWZ,sz,"Eswatini","Sub-Saharan Africa ","Lower middle income",2011,18.13,111
SWZ,sz,"Eswatini","Sub-Saharan Africa ","Lower middle income",2012,20.78179932,116
SWZ,sz,"Eswatini","Sub-Saharan Africa ","Lower middle income",2013,24.70000076,114
SWZ,sz,"Eswatini","Sub-Saharan Africa ","Lower middle income",2014,25,116
SWZ,sz,"Eswatini","Sub-Saharan Africa ","Lower middle income",2015,25.64299965,124
SWZ,sz,"Eswatini","Sub-Saharan Africa ","Lower middle income",2016,28.56999969,128
SWZ,sz,"Eswatini","Sub-Saharan Africa ","Lower middle income",2017,35.33160019,126
SWZ,sz,"Eswatini","Sub-Saharan Africa ","Lower middle income",2018,39.38100052,124
SWZ,sz,"Eswatini","Sub-Saharan Africa ","Lower middle income",2019,43.93389893,131
SWZ,sz,"Eswatini","Sub-Saharan Africa ","Lower middle income",2020,49.01300049,132
SWZ,sz,"Eswatini","Sub-Saharan Africa ","Lower middle income",2021,53.99530029,130
SWZ,sz,"Eswatini","Sub-Saharan Africa ","Lower middle income",2022,57.34370041,132
SWZ,sz,"Eswatini","Sub-Saharan Africa ","Lower middle income",2023,61.33330154,131
NIC,ni,"Nicaragua","Latin America & Caribbean ","Lower middle income",1990,0,20
NIC,ni,"Nicaragua","Latin America & Caribbean ","Lower middle income",1991,,
NIC,ni,"Nicaragua","Latin America & Caribbean ","Lower middle income",1992,,
NIC,ni,"Nicaragua","Latin America & Caribbean ","Lower middle income",1993,,
NIC,ni,"Nicaragua","Latin America & Caribbean ","Lower middle income",1994,0.0132,55
NIC,ni,"Nicaragua","Latin America & Caribbean ","Lower middle income",1995,0.03,76
NIC,ni,"Nicaragua","Latin America & Caribbean ","Lower middle income",1996,0.0841,88
NIC,ni,"Nicaragua","Latin America & Caribbean ","Lower middle income",1997,0.206,88
NIC,ni,"Nicaragua","Latin America & Caribbean ","Lower middle income",1998,0.304,90
NIC,ni,"Nicaragua","Latin America & Caribbean ","Lower middle income",1999,0.498,102
NIC,ni,"Nicaragua","Latin America & Caribbean ","Lower middle income",2000,0.980216486692385,109
NIC,ni,"Nicaragua","Latin America & Caribbean ","Lower middle income",2001,1.44879942820716,108
NIC,ni,"Nicaragua","Latin America & Caribbean ","Lower middle income",2002,1.71472958428668,122
NIC,ni,"Nicaragua","Latin America & Caribbean ","Lower middle income",2003,1.88041253242301,126
NIC,ni,"Nicaragua","Latin America & Caribbean ","Lower middle income",2004,2.32066460863941,130
NIC,ni,"Nicaragua","Latin America & Caribbean ","Lower middle income",2005,2.566400051,132
NIC,ni,"Nicaragua","Latin America & Caribbean ","Lower middle income",2006,2.8055730627337,137
NIC,ni,"Nicaragua","Latin America & Caribbean ","Lower middle income",2007,3.900000095,134
NIC,ni,"Nicaragua","Latin America & Caribbean ","Lower middle income",2008,5.300000191,131
NIC,ni,"Nicaragua","Latin America & Caribbean ","Lower middle income",2009,7.300000191,126
NIC,ni,"Nicaragua","Latin America & Caribbean ","Lower middle income",2010,10,119
NIC,ni,"Nicaragua","Latin America & Caribbean ","Lower middle income",2011,10.6,127
NIC,ni,"Nicaragua","Latin America & Caribbean ","Lower middle income",2012,13.5,129
NIC,ni,"Nicaragua","Latin America & Caribbean ","Lower middle income",2013,15.5,126
NIC,ni,"Nicaragua","Latin America & Caribbean ","Lower middle income",2014,17.60000038,129
NIC,ni,"Nicaragua","Latin America & Caribbean ","Lower middle income",2015,19.70429993,135
NIC,ni,"Nicaragua","Latin America & Caribbean ","Lower middle income",2016,24.57180023,132
NIC,ni,"Nicaragua","Latin America & Caribbean ","Lower middle income",2017,30.39999962,133
NIC,ni,"Nicaragua","Latin America & Caribbean ","Lower middle income",2018,33.9129982,132
NIC,ni,"Nicaragua","Latin America & Caribbean ","Lower middle income",2019,39.01079941,137
NIC,ni,"Nicaragua","Latin America & Caribbean ","Lower middle income",2020,44.87490082,135
NIC,ni,"Nicaragua","Latin America & Caribbean ","Lower middle income",2021,51.62039948,132
NIC,ni,"Nicaragua","Latin America & Caribbean ","Lower middle income",2022,59.38000107,130
NIC,ni,"Nicaragua","Latin America & Caribbean ","Lower middle income",2023,60.30120087,132
IND,in,"India","South Asia","Lower middle income",1990,0,20
IND,in,"India","South Asia","Lower middle income",1991,,
IND,in,"India","South Asia","Lower middle income",1992,0.000111,43
IND,in,"India","South Asia","Lower middle income",1993,0.000218,51
IND,in,"India","South Asia","Lower middle income",1994,0.00107,67
IND,in,"India","South Asia","Lower middle income",1995,0.0262,78
IND,in,"India","South Asia","Lower middle income",1996,0.0463,98
IND,in,"India","South Asia","Lower middle income",1997,0.0708,105
IND,in,"India","South Asia","Lower middle income",1998,0.139,108
IND,in,"India","South Asia","Lower middle income",1999,0.273,119
IND,in,"India","South Asia","Lower middle income",2000,0.527532449930946,125
IND,in,"India","South Asia","Lower middle income",2001,0.660146377009928,129
IND,in,"India","South Asia","Lower middle income",2002,1.53787558175083,127
IND,in,"India","South Asia","Lower middle income",2003,1.68648997063625,128
IND,in,"India","South Asia","Lower middle income",2004,1.97613649190559,133
IND,in,"India","South Asia","Lower middle income",2005,2.388099909,134
IND,in,"India","South Asia","Lower middle income",2006,2.80549986534254,138
IND,in,"India","South Asia","Lower middle income",2007,3.95,133
IND,in,"India","South Asia","Lower middle income",2008,4.38,136
IND,in,"India","South Asia","Lower middle income",2009,5.12,135
IND,in,"India","South Asia","Lower middle income",2010,7.5,126
IND,in,"India","South Asia","Lower middle income",2011,10.07,128
IND,in,"India","South Asia","Lower middle income",2012,11.10000038,135
IND,in,"India","South Asia","Lower middle income",2013,12.30000019,136
IND,in,"India","South Asia","Lower middle income",2014,13.5,142
IND,in,"India","South Asia","Lower middle income",2015,14.89999962,146
IND,in,"India","South Asia","Lower middle income",2016,16.5,150
IND,in,"India","South Asia","Lower middle income",2017,18.20000076,154
IND,in,"India","South Asia","Lower middle income",2018,20.0813000379384,149
IND,in,"India","South Asia","Lower middle income",2019,29.52350044,148
IND,in,"India","South Asia","Lower middle income",2020,43.40544313,137
IND,in,"India","South Asia","Lower middle income",2021,49.2580986,134
IND,in,"India","South Asia","Lower middle income",2022,55.9,135
IND,in,"India","South Asia","Lower middle income",2023,60.25230026,133
SEN,sn,"Senegal","Sub-Saharan Africa ","Lower middle income",1990,0,20
SEN,sn,"Senegal","Sub-Saharan Africa ","Lower middle income",1991,,
SEN,sn,"Senegal","Sub-Saharan Africa ","Lower middle income",1992,,
SEN,sn,"Senegal","Sub-Saharan Africa ","Lower middle income",1993,,
SEN,sn,"Senegal","Sub-Saharan Africa ","Lower middle income",1994,,
SEN,sn,"Senegal","Sub-Saharan Africa ","Lower middle income",1995,0.000693,109
SEN,sn,"Senegal","Sub-Saharan Africa ","Lower middle income",1996,0.0112,117
SEN,sn,"Senegal","Sub-Saharan Africa ","Lower middle income",1997,0.0273,123
SEN,sn,"Senegal","Sub-Saharan Africa ","Lower middle income",1998,0.0799,119
SEN,sn,"Senegal","Sub-Saharan Africa ","Lower middle income",1999,0.311,117
SEN,sn,"Senegal","Sub-Saharan Africa ","Lower middle income",2000,0.403967485868965,130
SEN,sn,"Senegal","Sub-Saharan Africa ","Lower middle income",2001,0.983794058848003,122
SEN,sn,"Senegal","Sub-Saharan Africa ","Lower middle income",2002,1.00645453672323,136
SEN,sn,"Senegal","Sub-Saharan Africa ","Lower middle income",2003,2.10143642986685,123
SEN,sn,"Senegal","Sub-Saharan Africa ","Lower middle income",2004,4.38602398008563,110
SEN,sn,"Senegal","Sub-Saharan Africa ","Lower middle income",2005,4.78668408310535,116
SEN,sn,"Senegal","Sub-Saharan Africa ","Lower middle income",2006,5.61173865217952,120
SEN,sn,"Senegal","Sub-Saharan Africa ","Lower middle income",2007,6.889999866,116
SEN,sn,"Senegal","Sub-Saharan Africa ","Lower middle income",2008,7.119999886,123
SEN,sn,"Senegal","Sub-Saharan Africa ","Lower middle income",2009,7.5,125
SEN,sn,"Senegal","Sub-Saharan Africa ","Lower middle income",2010,8,123
SEN,sn,"Senegal","Sub-Saharan Africa ","Lower middle income",2011,9.800000191,130
SEN,sn,"Senegal","Sub-Saharan Africa ","Lower middle income",2012,10.80000019,136
SEN,sn,"Senegal","Sub-Saharan Africa ","Lower middle income",2013,13.10000038,132
SEN,sn,"Senegal","Sub-Saharan Africa ","Lower middle income",2014,17.70000076,128
SEN,sn,"Senegal","Sub-Saharan Africa ","Lower middle income",2015,21.70000076,133
SEN,sn,"Senegal","Sub-Saharan Africa ","Lower middle income",2016,25.66480064,130
SEN,sn,"Senegal","Sub-Saharan Africa ","Lower middle income",2017,29.64310074,134
SEN,sn,"Senegal","Sub-Saharan Africa ","Lower middle income",2018,35.29999924,130
SEN,sn,"Senegal","Sub-Saharan Africa ","Lower middle income",2019,43.37969971,132
SEN,sn,"Senegal","Sub-Saharan Africa ","Lower middle income",2020,53.30879974,129
SEN,sn,"Senegal","Sub-Saharan Africa ","Lower middle income",2021,55.04040146,128
SEN,sn,"Senegal","Sub-Saharan Africa ","Lower middle income",2022,56.82830048,134
SEN,sn,"Senegal","Sub-Saharan Africa ","Lower middle income",2023,59.18740082,134
STP,st,"Sao Tome and Principe","Sub-Saharan Africa ","Lower middle income",1990,0,20
STP,st,"Sao Tome and Principe","Sub-Saharan Africa ","Lower middle income",1991,,
STP,st,"Sao Tome and Principe","Sub-Saharan Africa ","Lower middle income",1992,,
STP,st,"Sao Tome and Principe","Sub-Saharan Africa ","Lower middle income",1993,,
STP,st,"Sao Tome and Principe","Sub-Saharan Africa ","Lower middle income",1994,,
STP,st,"Sao Tome and Principe","Sub-Saharan Africa ","Lower middle income",1995,,
STP,st,"Sao Tome and Principe","Sub-Saharan Africa ","Lower middle income",1996,,
STP,st,"Sao Tome and Principe","Sub-Saharan Africa ","Lower middle income",1997,,
STP,st,"Sao Tome and Principe","Sub-Saharan Africa ","Lower middle income",1998,0.296,92
STP,st,"Sao Tome and Principe","Sub-Saharan Africa ","Lower middle income",1999,0.363,113
STP,st,"Sao Tome and Principe","Sub-Saharan Africa ","Lower middle income",2000,4.6385168164075,68
STP,st,"Sao Tome and Principe","Sub-Saharan Africa ","Lower middle income",2001,6.31091788794615,67
STP,st,"Sao Tome and Principe","Sub-Saharan Africa ","Lower middle income",2002,7.580665168911,72
STP,st,"Sao Tome and Principe","Sub-Saharan Africa ","Lower middle income",2003,10.1618443069961,70
STP,st,"Sao Tome and Principe","Sub-Saharan Africa ","Lower middle income",2004,13.3228526892178,73
STP,st,"Sao Tome and Principe","Sub-Saharan Africa ","Lower middle income",2005,13.75949955,78
STP,st,"Sao Tome and Principe","Sub-Saharan Africa ","Lower middle income",2006,14.18200016,89
STP,st,"Sao Tome and Principe","Sub-Saharan Africa ","Lower middle income",2007,14.5904831987414,93
STP,st,"Sao Tome and Principe","Sub-Saharan Africa ","Lower middle income",2008,15.47999954,99
STP,st,"Sao Tome and Principe","Sub-Saharan Africa ","Lower middle income",2009,16.40999985,104
STP,st,"Sao Tome and Principe","Sub-Saharan Africa ","Lower middle income",2010,18.75,102
STP,st,"Sao Tome and Principe","Sub-Saharan Africa ","Lower middle income",2011,20.16119957,107
STP,st,"Sao Tome and Principe","Sub-Saharan Africa ","Lower middle income",2012,21.57239914,114
STP,st,"Sao Tome and Principe","Sub-Saharan Africa ","Lower middle income",2013,23,116
STP,st,"Sao Tome and Principe","Sub-Saharan Africa ","Lower middle income",2014,24.40999985,118
STP,st,"Sao Tome and Principe","Sub-Saharan Africa ","Lower middle income",2015,25.81999969,122
STP,st,"Sao Tome and Principe","Sub-Saharan Africa ","Lower middle income",2016,28,129
STP,st,"Sao Tome and Principe","Sub-Saharan Africa ","Lower middle income",2017,32.61640167,130
STP,st,"Sao Tome and Principe","Sub-Saharan Africa ","Lower middle income",2018,37.99380112,125
STP,st,"Sao Tome and Principe","Sub-Saharan Africa ","Lower middle income",2019,44.25790024,130
STP,st,"Sao Tome and Principe","Sub-Saharan Africa ","Lower middle income",2020,51.55469894,131
STP,st,"Sao Tome and Principe","Sub-Saharan Africa ","Lower middle income",2021,54.94950104,129
STP,st,"Sao Tome and Principe","Sub-Saharan Africa ","Lower middle income",2022,58.56779861,131
STP,st,"Sao Tome and Principe","Sub-Saharan Africa ","Lower middle income",2023,58.70130157,135
HND,hn,"Honduras","Latin America & Caribbean ","Lower middle income",1990,0,20
HND,hn,"Honduras","Latin America & Caribbean ","Lower middle income",1991,,
HND,hn,"Honduras","Latin America & Caribbean ","Lower middle income",1992,,
HND,hn,"Honduras","Latin America & Caribbean ","Lower middle income",1993,,
HND,hn,"Honduras","Latin America & Caribbean ","Lower middle income",1994,,
HND,hn,"Honduras","Latin America & Caribbean ","Lower middle income",1995,0.0368,73
HND,hn,"Honduras","Latin America & Caribbean ","Lower middle income",1996,0.0437,100
HND,hn,"Honduras","Latin America & Caribbean ","Lower middle income",1997,0.171,91
HND,hn,"Honduras","Latin America & Caribbean ","Lower middle income",1998,0.301,91
HND,hn,"Honduras","Latin America & Caribbean ","Lower middle income",1999,0.574,100
HND,hn,"Honduras","Latin America & Caribbean ","Lower middle income",2000,1.20385599891878,104
HND,hn,"Honduras","Latin America & Caribbean ","Lower middle income",2001,1.41528193123711,109
HND,hn,"Honduras","Latin America & Caribbean ","Lower middle income",2002,2.5974025974026,107
HND,hn,"Honduras","Latin America & Caribbean ","Lower middle income",2003,4.8,93
HND,hn,"Honduras","Latin America & Caribbean ","Lower middle income",2004,5.6,99
HND,hn,"Honduras","Latin America & Caribbean ","Lower middle income",2005,6.5,102
HND,hn,"Honduras","Latin America & Caribbean ","Lower middle income",2006,7.800000191,107
HND,hn,"Honduras","Latin America & Caribbean ","Lower middle income",2007,9.399999619,106
HND,hn,"Honduras","Latin America & Caribbean ","Lower middle income",2008,9.6,112
HND,hn,"Honduras","Latin America & Caribbean ","Lower middle income",2009,9.800000191,116
HND,hn,"Honduras","Latin America & Caribbean ","Lower middle income",2010,11.09,114
HND,hn,"Honduras","Latin America & Caribbean ","Lower middle income",2011,15.9,115
HND,hn,"Honduras","Latin America & Caribbean ","Lower middle income",2012,18.12,120
HND,hn,"Honduras","Latin America & Caribbean ","Lower middle income",2013,17.8,121
HND,hn,"Honduras","Latin America & Caribbean ","Lower middle income",2014,23,120
HND,hn,"Honduras","Latin America & Caribbean ","Lower middle income",2015,27.1395454833776,120
HND,hn,"Honduras","Latin America & Caribbean ","Lower middle income",2016,29.5282180796457,126
HND,hn,"Honduras","Latin America & Caribbean ","Lower middle income",2017,31.7357924661485,132
HND,hn,"Honduras","Latin America & Caribbean ","Lower middle income",2018,36.0400608231468,129
HND,hn,"Honduras","Latin America & Caribbean ","Lower middle income",2019,39.3883521850111,136
HND,hn,"Honduras","Latin America & Caribbean ","Lower middle income",2020,45.24829865,134
HND,hn,"Honduras","Latin America & Caribbean ","Lower middle income",2021,51.95159912,131
HND,hn,"Honduras","Latin America & Caribbean ","Lower middle income",2022,56.88069916,133
HND,hn,"Honduras","Latin America & Caribbean ","Lower middle income",2023,58.0685997,136
GTM,gt,"Guatemala","Latin America & Caribbean ","Upper middle income",1990,0,20
GTM,gt,"Guatemala","Latin America & Caribbean ","Upper middle income",1991,,
GTM,gt,"Guatemala","Latin America & Caribbean ","Upper middle income",1992,,
GTM,gt,"Guatemala","Latin America & Caribbean ","Upper middle income",1993,,
GTM,gt,"Guatemala","Latin America & Caribbean ","Upper middle income",1994,,
GTM,gt,"Guatemala","Latin America & Caribbean ","Upper middle income",1995,0.003,100
GTM,gt,"Guatemala","Latin America & Caribbean ","Upper middle income",1996,0.0195,111
GTM,gt,"Guatemala","Latin America & Caribbean ","Upper middle income",1997,0.0955,101
GTM,gt,"Guatemala","Latin America & Caribbean ","Upper middle income",1998,0.467,87
GTM,gt,"Guatemala","Latin America & Caribbean ","Upper middle income",1999,0.593,98
GTM,gt,"Guatemala","Latin America & Caribbean ","Upper middle income",2000,0.712332904508925,118
GTM,gt,"Guatemala","Latin America & Caribbean ","Upper middle income",2001,1.7382017815873,101
GTM,gt,"Guatemala","Latin America & Caribbean ","Upper middle income",2002,3.39174627024502,99
GTM,gt,"Guatemala","Latin America & Caribbean ","Upper middle income",2003,4.54885490848324,96
GTM,gt,"Guatemala","Latin America & Caribbean ","Upper middle income",2004,5.1,103
GTM,gt,"Guatemala","Latin America & Caribbean ","Upper middle income",2005,5.699999809,110
GTM,gt,"Guatemala","Latin America & Caribbean ","Upper middle income",2006,6.5,114
GTM,gt,"Guatemala","Latin America & Caribbean ","Upper middle income",2007,7.300000191,112
GTM,gt,"Guatemala","Latin America & Caribbean ","Upper middle income",2008,8.300000191,117
GTM,gt,"Guatemala","Latin America & Caribbean ","Upper middle income",2009,9.300000191,118
GTM,gt,"Guatemala","Latin America & Caribbean ","Upper middle income",2010,10.5,117
GTM,gt,"Guatemala","Latin America & Caribbean ","Upper middle income",2011,12.30000019,122
GTM,gt,"Guatemala","Latin America & Caribbean ","Upper middle income",2012,16,123
GTM,gt,"Guatemala","Latin America & Caribbean ","Upper middle income",2013,19.70000076,119
GTM,gt,"Guatemala","Latin America & Caribbean ","Upper middle income",2014,23.39999962,119
GTM,gt,"Guatemala","Latin America & Caribbean ","Upper middle income",2015,28.80590057,119
GTM,gt,"Guatemala","Latin America & Caribbean ","Upper middle income",2016,34.50930023,119
GTM,gt,"Guatemala","Latin America & Caribbean ","Upper middle income",2017,37.90000153,123
GTM,gt,"Guatemala","Latin America & Caribbean ","Upper middle income",2018,41.5,121
GTM,gt,"Guatemala","Latin America & Caribbean ","Upper middle income",2019,44.401049838502,128
GTM,gt,"Guatemala","Latin America & Caribbean ","Upper middle income",2020,47.51229858,133
GTM,gt,"Guatemala","Latin America & Caribbean ","Upper middle income",2021,50.84164945,133
GTM,gt,"Guatemala","Latin America & Caribbean ","Upper middle income",2022,54.40430069,136
GTM,gt,"Guatemala","Latin America & Caribbean ","Upper middle income",2023,56.72669983,137
TJK,tj,"Tajikistan","Europe & Central Asia","Lower middle income",1990,0,20
TJK,tj,"Tajikistan","Europe & Central Asia","Lower middle income",1991,,
TJK,tj,"Tajikistan","Europe & Central Asia","Lower middle income",1992,,
TJK,tj,"Tajikistan","Europe & Central Asia","Lower middle income",1993,,
TJK,tj,"Tajikistan","Europe & Central Asia","Lower middle income",1994,,
TJK,tj,"Tajikistan","Europe & Central Asia","Lower middle income",1995,,
TJK,tj,"Tajikistan","Europe & Central Asia","Lower middle income",1996,,
TJK,tj,"Tajikistan","Europe & Central Asia","Lower middle income",1997,,
TJK,tj,"Tajikistan","Europe & Central Asia","Lower middle income",1998,,
TJK,tj,"Tajikistan","Europe & Central Asia","Lower middle income",1999,0.0328,157
TJK,tj,"Tajikistan","Europe & Central Asia","Lower middle income",2000,0.048599594582182,167
TJK,tj,"Tajikistan","Europe & Central Asia","Lower middle income",2001,0.0512591325352927,170
TJK,tj,"Tajikistan","Europe & Central Asia","Lower middle income",2002,0.0554628269910006,175
TJK,tj,"Tajikistan","Europe & Central Asia","Lower middle income",2003,0.0645837771508553,172
TJK,tj,"Tajikistan","Europe & Central Asia","Lower middle income",2004,0.0774799071356825,174
TJK,tj,"Tajikistan","Europe & Central Asia","Lower middle income",2005,0.298690023682825,169
TJK,tj,"Tajikistan","Europe & Central Asia","Lower middle income",2006,3.77240620666448,132
TJK,tj,"Tajikistan","Europe & Central Asia","Lower middle income",2007,7.19761951797855,114
TJK,tj,"Tajikistan","Europe & Central Asia","Lower middle income",2008,8.78,115
TJK,tj,"Tajikistan","Europe & Central Asia","Lower middle income",2009,10.07,114
TJK,tj,"Tajikistan","Europe & Central Asia","Lower middle income",2010,11.55000019,112
TJK,tj,"Tajikistan","Europe & Central Asia","Lower middle income",2011,13.02999973,120
TJK,tj,"Tajikistan","Europe & Central Asia","Lower middle income",2012,14.51000023,127
TJK,tj,"Tajikistan","Europe & Central Asia","Lower middle income",2013,16,125
TJK,tj,"Tajikistan","Europe & Central Asia","Lower middle income",2014,17.48999977,130
TJK,tj,"Tajikistan","Europe & Central Asia","Lower middle income",2015,18.97999954,137
TJK,tj,"Tajikistan","Europe & Central Asia","Lower middle income",2016,20.46999931,143
TJK,tj,"Tajikistan","Europe & Central Asia","Lower middle income",2017,21.95999908,148
TJK,tj,"Tajikistan","Europe & Central Asia","Lower middle income",2018,32.59999847,134
TJK,tj,"Tajikistan","Europe & Central Asia","Lower middle income",2019,22.68630028,153
TJK,tj,"Tajikistan","Europe & Central Asia","Lower middle income",2020,27.54409981,152
TJK,tj,"Tajikistan","Europe & Central Asia","Lower middle income",2021,36.70560074,142
TJK,tj,"Tajikistan","Europe & Central Asia","Lower middle income",2022,48.91429901,137
TJK,tj,"Tajikistan","Europe & Central Asia","Lower middle income",2023,54.41550064,138
LKA,lk,"Sri Lanka","South Asia","Upper middle income",1990,0,20
LKA,lk,"Sri Lanka","South Asia","Upper middle income",1991,,
LKA,lk,"Sri Lanka","South Asia","Upper middle income",1992,,
LKA,lk,"Sri Lanka","South Asia","Upper middle income",1993,,
LKA,lk,"Sri Lanka","South Asia","Upper middle income",1994,0.00277,63
LKA,lk,"Sri Lanka","South Asia","Upper middle income",1995,0.00548,95
LKA,lk,"Sri Lanka","South Asia","Upper middle income",1996,0.0545,96
LKA,lk,"Sri Lanka","South Asia","Upper middle income",1997,0.162,92
LKA,lk,"Sri Lanka","South Asia","Upper middle income",1998,0.296,92
LKA,lk,"Sri Lanka","South Asia","Upper middle income",1999,0.348,114
LKA,lk,"Sri Lanka","South Asia","Upper middle income",2000,0.647410010940963,121
LKA,lk,"Sri Lanka","South Asia","Upper middle income",2001,0.793821864362622,128
LKA,lk,"Sri Lanka","South Asia","Upper middle income",2002,1.05042270585318,134
LKA,lk,"Sri Lanka","South Asia","Upper middle income",2003,1.45858022842408,131
LKA,lk,"Sri Lanka","South Asia","Upper middle income",2004,1.44615998041486,138
LKA,lk,"Sri Lanka","South Asia","Upper middle income",2005,1.792000055,139
LKA,lk,"Sri Lanka","South Asia","Upper middle income",2006,2.53756612897332,140
LKA,lk,"Sri Lanka","South Asia","Upper middle income",2007,3.88,135
LKA,lk,"Sri Lanka","South Asia","Upper middle income",2008,4.824500084,133
LKA,lk,"Sri Lanka","South Asia","Upper middle income",2009,5.868500233,132
LKA,lk,"Sri Lanka","South Asia","Upper middle income",2010,6.912399769,129
LKA,lk,"Sri Lanka","South Asia","Upper middle income",2011,7.956399918,134
LKA,lk,"Sri Lanka","South Asia","Upper middle income",2012,9.00039959,144
LKA,lk,"Sri Lanka","South Asia","Upper middle income",2013,10.04440022,139
LKA,lk,"Sri Lanka","South Asia","Upper middle income",2014,10.5000026214106,148
LKA,lk,"Sri Lanka","South Asia","Upper middle income",2015,15.26249981,144
LKA,lk,"Sri Lanka","South Asia","Upper middle income",2016,22.19,139
LKA,lk,"Sri Lanka","South Asia","Upper middle income",2017,25.07550049,142
LKA,lk,"Sri Lanka","South Asia","Upper middle income",2018,28.33620071,140
LKA,lk,"Sri Lanka","South Asia","Upper middle income",2019,32.02090073,144
LKA,lk,"Sri Lanka","South Asia","Upper middle income",2020,36.18473435,142
LKA,lk,"Sri Lanka","South Asia","Upper middle income",2021,44.45308724,136
LKA,lk,"Sri Lanka","South Asia","Upper middle income",2022,48.3,138
LKA,lk,"Sri Lanka","South Asia","Upper middle income",2023,51.2,139
LSO,ls,"Lesotho","Sub-Saharan Africa ","Lower middle income",1990,0,20
LSO,ls,"Lesotho","Sub-Saharan Africa ","Lower middle income",1991,,
LSO,ls,"Lesotho","Sub-Saharan Africa ","Lower middle income",1992,,
LSO,ls,"Lesotho","Sub-Saharan Africa ","Lower middle income",1993,,
LSO,ls,"Lesotho","Sub-Saharan Africa ","Lower middle income",1994,,
LSO,ls,"Lesotho","Sub-Saharan Africa ","Lower middle income",1995,,
LSO,ls,"Lesotho","Sub-Saharan Africa ","Lower middle income",1996,0.00285,136
LSO,ls,"Lesotho","Sub-Saharan Africa ","Lower middle income",1997,0.00558,143
LSO,ls,"Lesotho","Sub-Saharan Africa ","Lower middle income",1998,0.011,150
LSO,ls,"Lesotho","Sub-Saharan Africa ","Lower middle income",1999,0.0538,150
LSO,ls,"Lesotho","Sub-Saharan Africa ","Lower middle income",2000,0.211806070361977,141
LSO,ls,"Lesotho","Sub-Saharan Africa ","Lower middle income",2001,0.261150063093855,145
LSO,ls,"Lesotho","Sub-Saharan Africa ","Lower middle income",2002,1.08394313737534,132
LSO,ls,"Lesotho","Sub-Saharan Africa ","Lower middle income",2003,1.53249659019509,130
LSO,ls,"Lesotho","Sub-Saharan Africa ","Lower middle income",2004,2.17552433931097,131
LSO,ls,"Lesotho","Sub-Saharan Africa ","Lower middle income",2005,2.580199957,131
LSO,ls,"Lesotho","Sub-Saharan Africa ","Lower middle income",2006,2.97970818724486,136
LSO,ls,"Lesotho","Sub-Saharan Africa ","Lower middle income",2007,3.44543125970873,138
LSO,ls,"Lesotho","Sub-Saharan Africa ","Lower middle income",2008,3.58,140
LSO,ls,"Lesotho","Sub-Saharan Africa ","Lower middle income",2009,3.72,140
LSO,ls,"Lesotho","Sub-Saharan Africa ","Lower middle income",2010,3.859999895,138
LSO,ls,"Lesotho","Sub-Saharan Africa ","Lower middle income",2011,7,135
LSO,ls,"Lesotho","Sub-Saharan Africa ","Lower middle income",2012,10,141
LSO,ls,"Lesotho","Sub-Saharan Africa ","Lower middle income",2013,15,127
LSO,ls,"Lesotho","Sub-Saharan Africa ","Lower middle income",2014,22,121
LSO,ls,"Lesotho","Sub-Saharan Africa ","Lower middle income",2015,25,125
LSO,ls,"Lesotho","Sub-Saharan Africa ","Lower middle income",2016,32.4538569477365,121
LSO,ls,"Lesotho","Sub-Saharan Africa ","Lower middle income",2017,39,121
LSO,ls,"Lesotho","Sub-Saharan Africa ","Lower middle income",2018,40.79999924,122
LSO,ls,"Lesotho","Sub-Saharan Africa ","Lower middle income",2019,42.301733569273,134
LSO,ls,"Lesotho","Sub-Saharan Africa ","Lower middle income",2020,43.65750122,136
LSO,ls,"Lesotho","Sub-Saharan Africa ","Lower middle income",2021,45.05670166,135
LSO,ls,"Lesotho","Sub-Saharan Africa ","Lower middle income",2022,48.06959915,140
LSO,ls,"Lesotho","Sub-Saharan Africa ","Lower middle income",2023,48.98590088,140
GMB,gm,"Gambia, The","Sub-Saharan Africa ","Low income",1990,0,20
GMB,gm,"Gambia, The","Sub-Saharan Africa ","Low income",1991,,
GMB,gm,"Gambia, The","Sub-Saharan Africa ","Low income",1992,,
GMB,gm,"Gambia, The","Sub-Saharan Africa ","Low income",1993,,
GMB,gm,"Gambia, The","Sub-Saharan Africa ","Low income",1994,,
GMB,gm,"Gambia, The","Sub-Saharan Africa ","Low income",1995,0.00922,88
GMB,gm,"Gambia, The","Sub-Saharan Africa ","Low income",1996,0.0355,103
GMB,gm,"Gambia, The","Sub-Saharan Africa ","Low income",1997,0.0513,112
GMB,gm,"Gambia, The","Sub-Saharan Africa ","Low income",1998,0.206,100
GMB,gm,"Gambia, The","Sub-Saharan Africa ","Low income",1999,0.716,94
GMB,gm,"Gambia, The","Sub-Saharan Africa ","Low income",2000,0.921794919066406,113
GMB,gm,"Gambia, The","Sub-Saharan Africa ","Low income",2001,1.33679116648397,112
GMB,gm,"Gambia, The","Sub-Saharan Africa ","Low income",2002,1.79677988296495,120
GMB,gm,"Gambia, The","Sub-Saharan Africa ","Low income",2003,2.436781193062,118
GMB,gm,"Gambia, The","Sub-Saharan Africa ","Low income",2004,3.30800347812937,120
GMB,gm,"Gambia, The","Sub-Saharan Africa ","Low income",2005,3.799000025,123
GMB,gm,"Gambia, The","Sub-Saharan Africa ","Low income",2006,5.23769115841218,124
GMB,gm,"Gambia, The","Sub-Saharan Africa ","Low income",2007,6.20503741852418,119
GMB,gm,"Gambia, The","Sub-Saharan Africa ","Low income",2008,6.880000114,125
GMB,gm,"Gambia, The","Sub-Saharan Africa ","Low income",2009,7.630000114,124
GMB,gm,"Gambia, The","Sub-Saharan Africa ","Low income",2010,9.2,120
GMB,gm,"Gambia, The","Sub-Saharan Africa ","Low income",2011,10.87030029,126
GMB,gm,"Gambia, The","Sub-Saharan Africa ","Low income",2012,12.44919968,132
GMB,gm,"Gambia, The","Sub-Saharan Africa ","Low income",2013,14,129
GMB,gm,"Gambia, The","Sub-Saharan Africa ","Low income",2014,15.56000042,137
GMB,gm,"Gambia, The","Sub-Saharan Africa ","Low income",2015,17.59950066,141
GMB,gm,"Gambia, The","Sub-Saharan Africa ","Low income",2016,19.90640068,144
GMB,gm,"Gambia, The","Sub-Saharan Africa ","Low income",2017,22.5156002,147
GMB,gm,"Gambia, The","Sub-Saharan Africa ","Low income",2018,28.30900002,141
GMB,gm,"Gambia, The","Sub-Saharan Africa ","Low income",2019,31.11829948,145
GMB,gm,"Gambia, The","Sub-Saharan Africa ","Low income",2020,36.01100159,145
GMB,gm,"Gambia, The","Sub-Saharan Africa ","Low income",2021,41.67309952,138
GMB,gm,"Gambia, The","Sub-Saharan Africa ","Low income",2022,48.22539902,139
GMB,gm,"Gambia, The","Sub-Saharan Africa ","Low income",2023,48.72829819,141
HTI,ht,"Haiti","Latin America & Caribbean ","Lower middle income",1990,0,20
HTI,ht,"Haiti","Latin America & Caribbean ","Lower middle income",1991,,
HTI,ht,"Haiti","Latin America & Caribbean ","Lower middle income",1992,,
HTI,ht,"Haiti","Latin America & Caribbean ","Lower middle income",1993,,
HTI,ht,"Haiti","Latin America & Caribbean ","Lower middle income",1994,,
HTI,ht,"Haiti","Latin America & Caribbean ","Lower middle income",1995,,
HTI,ht,"Haiti","Latin America & Caribbean ","Lower middle income",1996,0.00748,124
HTI,ht,"Haiti","Latin America & Caribbean ","Lower middle income",1997,,
HTI,ht,"Haiti","Latin America & Caribbean ","Lower middle income",1998,0.024,138
HTI,ht,"Haiti","Latin America & Caribbean ","Lower middle income",1999,0.0707,144
HTI,ht,"Haiti","Latin America & Caribbean ","Lower middle income",2000,0.231270714628821,138
HTI,ht,"Haiti","Latin America & Caribbean ","Lower middle income",2001,0.340832326173809,139
HTI,ht,"Haiti","Latin America & Caribbean ","Lower middle income",2002,0.893432988337908,138
HTI,ht,"Haiti","Latin America & Caribbean ","Lower middle income",2003,1.64735834557778,129
HTI,ht,"Haiti","Latin America & Caribbean ","Lower middle income",2004,5.401261907622,100
HTI,ht,"Haiti","Latin America & Caribbean ","Lower middle income",2005,6.376200199,104
HTI,ht,"Haiti","Latin America & Caribbean ","Lower middle income",2006,6.796000004,113
HTI,ht,"Haiti","Latin America & Caribbean ","Lower middle income",2007,7.199999809,113
HTI,ht,"Haiti","Latin America & Caribbean ","Lower middle income",2008,7.599999905,121
HTI,ht,"Haiti","Latin America & Caribbean ","Lower middle income",2009,8.100000381,122
HTI,ht,"Haiti","Latin America & Caribbean ","Lower middle income",2010,8.369999886,122
HTI,ht,"Haiti","Latin America & Caribbean ","Lower middle income",2011,9,131
HTI,ht,"Haiti","Latin America & Caribbean ","Lower middle income",2012,9.800000191,142
HTI,ht,"Haiti","Latin America & Caribbean ","Lower middle income",2013,10.60000038,138
HTI,ht,"Haiti","Latin America & Caribbean ","Lower middle income",2014,11.39999962,146
HTI,ht,"Haiti","Latin America & Caribbean ","Lower middle income",2015,14.19999981,147
HTI,ht,"Haiti","Latin America & Caribbean ","Lower middle income",2016,22.79999924,137
HTI,ht,"Haiti","Latin America & Caribbean ","Lower middle income",2017,27.20000076,135
HTI,ht,"Haiti","Latin America & Caribbean ","Lower middle income",2018,32.4736271300557,135
HTI,ht,"Haiti","Latin America & Caribbean ","Lower middle income",2019,35.76409912,141
HTI,ht,"Haiti","Latin America & Caribbean ","Lower middle income",2020,39.38809967,138
HTI,ht,"Haiti","Latin America & Caribbean ","Lower middle income",2021,43.37919998,137
HTI,ht,"Haiti","Latin America & Caribbean ","Lower middle income",2022,47.77470016,141
HTI,ht,"Haiti","Latin America & Caribbean ","Lower middle income",2023,47.99269867,142
NPL,np,"Nepal","South Asia","Lower middle income",1990,0,20
NPL,np,"Nepal","South Asia","Lower middle income",1991,0,31
NPL,np,"Nepal","South Asia","Lower middle income",1992,0,44
NPL,np,"Nepal","South Asia","Lower middle income",1993,0,53
NPL,np,"Nepal","South Asia","Lower middle income",1994,0,75
NPL,np,"Nepal","South Asia","Lower middle income",1995,0.000925,107
NPL,np,"Nepal","South Asia","Lower middle income",1996,0.00451,131
NPL,np,"Nepal","South Asia","Lower middle income",1997,0.022,126
NPL,np,"Nepal","South Asia","Lower middle income",1998,0.0644,124
NPL,np,"Nepal","South Asia","Lower middle income",1999,0.147,129
NPL,np,"Nepal","South Asia","Lower middle income",2000,0.204651683653029,142
NPL,np,"Nepal","South Asia","Lower middle income",2001,0.240015303375743,147
NPL,np,"Nepal","South Asia","Lower middle income",2002,0.312956060108532,155
NPL,np,"Nepal","South Asia","Lower middle income",2003,0.382810917017044,154
NPL,np,"Nepal","South Asia","Lower middle income",2004,0.449843651215974,158
NPL,np,"Nepal","South Asia","Lower middle income",2005,0.82655126590551,157
NPL,np,"Nepal","South Asia","Lower middle income",2006,1.14138916388191,159
NPL,np,"Nepal","South Asia","Lower middle income",2007,1.41,157
NPL,np,"Nepal","South Asia","Lower middle income",2008,1.73,155
NPL,np,"Nepal","South Asia","Lower middle income",2009,1.97,154
NPL,np,"Nepal","South Asia","Lower middle income",2010,7.93,124
NPL,np,"Nepal","South Asia","Lower middle income",2011,9,131
NPL,np,"Nepal","South Asia","Lower middle income",2012,11.14929962,134
NPL,np,"Nepal","South Asia","Lower middle income",2013,13.30000019,131
NPL,np,"Nepal","South Asia","Lower middle income",2014,15.43999958,138
NPL,np,"Nepal","South Asia","Lower middle income",2015,17.58160019,142
NPL,np,"Nepal","South Asia","Lower middle income",2016,20.70000076,141
NPL,np,"Nepal","South Asia","Lower middle income",2017,24.3,144
NPL,np,"Nepal","South Asia","Lower middle income",2018,28.60000038,139
NPL,np,"Nepal","South Asia","Lower middle income",2019,33.33660126,142
NPL,np,"Nepal","South Asia","Lower middle income",2020,36.96530151,141
NPL,np,"Nepal","South Asia","Lower middle income",2021,40.98910141,139
NPL,np,"Nepal","South Asia","Lower middle income",2022,45.45080185,142
NPL,np,"Nepal","South Asia","Lower middle income",2023,45.80680084,143
MRT,mr,"Mauritania","Sub-Saharan Africa ","Lower middle income",1990,0,20
MRT,mr,"Mauritania","Sub-Saharan Africa ","Lower middle income",1991,,
MRT,mr,"Mauritania","Sub-Saharan Africa ","Lower middle income",1992,,
MRT,mr,"Mauritania","Sub-Saharan Africa ","Lower middle income",1993,,
MRT,mr,"Mauritania","Sub-Saharan Africa ","Lower middle income",1994,,
MRT,mr,"Mauritania","Sub-Saharan Africa ","Lower middle income",1995,,
MRT,mr,"Mauritania","Sub-Saharan Africa ","Lower middle income",1996,,
MRT,mr,"Mauritania","Sub-Saharan Africa ","Lower middle income",1997,0.00417,148
MRT,mr,"Mauritania","Sub-Saharan Africa ","Lower middle income",1998,0.0406,130
MRT,mr,"Mauritania","Sub-Saharan Africa ","Lower middle income",1999,0.118,134
MRT,mr,"Mauritania","Sub-Saharan Africa ","Lower middle income",2000,0.192031462434805,145
MRT,mr,"Mauritania","Sub-Saharan Africa ","Lower middle income",2001,0.261448551967195,144
MRT,mr,"Mauritania","Sub-Saharan Africa ","Lower middle income",2002,0.363229414608579,150
MRT,mr,"Mauritania","Sub-Saharan Africa ","Lower middle income",2003,0.424004895843197,151
MRT,mr,"Mauritania","Sub-Saharan Africa ","Lower middle income",2004,0.481470438230954,156
MRT,mr,"Mauritania","Sub-Saharan Africa ","Lower middle income",2005,0.670000017,158
MRT,mr,"Mauritania","Sub-Saharan Africa ","Lower middle income",2006,0.979700029,162
MRT,mr,"Mauritania","Sub-Saharan Africa ","Lower middle income",2007,1.433599949,156
MRT,mr,"Mauritania","Sub-Saharan Africa ","Lower middle income",2008,1.870000005,151
MRT,mr,"Mauritania","Sub-Saharan Africa ","Lower middle income",2009,2.279999971,150
MRT,mr,"Mauritania","Sub-Saharan Africa ","Lower middle income",2010,4,137
MRT,mr,"Mauritania","Sub-Saharan Africa ","Lower middle income",2011,4.5,142
MRT,mr,"Mauritania","Sub-Saharan Africa ","Lower middle income",2012,5,153
MRT,mr,"Mauritania","Sub-Saharan Africa ","Lower middle income",2013,6.199999809,147
MRT,mr,"Mauritania","Sub-Saharan Africa ","Lower middle income",2014,11.80000019,144
MRT,mr,"Mauritania","Sub-Saharan Africa ","Lower middle income",2015,17.60000038,140
MRT,mr,"Mauritania","Sub-Saharan Africa ","Lower middle income",2016,19.23279953,147
MRT,mr,"Mauritania","Sub-Saharan Africa ","Lower middle income",2017,21.01720047,150
MRT,mr,"Mauritania","Sub-Saharan Africa ","Lower middle income",2018,22.96699905,145
MRT,mr,"Mauritania","Sub-Saharan Africa ","Lower middle income",2019,25.0977993,150
MRT,mr,"Mauritania","Sub-Saharan Africa ","Lower middle income",2020,29.90649986,148
MRT,mr,"Mauritania","Sub-Saharan Africa ","Lower middle income",2021,35.63660049,144
MRT,mr,"Mauritania","Sub-Saharan Africa ","Lower middle income",2022,42.46450043,143
MRT,mr,"Mauritania","Sub-Saharan Africa ","Lower middle income",2023,44.95629883,144
BGD,bd,"Bangladesh","South Asia","Lower middle income",1990,0,20
BGD,bd,"Bangladesh","South Asia","Lower middle income",1991,,
BGD,bd,"Bangladesh","South Asia","Lower middle income",1992,,
BGD,bd,"Bangladesh","South Asia","Lower middle income",1993,,
BGD,bd,"Bangladesh","South Asia","Lower middle income",1994,,
BGD,bd,"Bangladesh","South Asia","Lower middle income",1995,,
BGD,bd,"Bangladesh","South Asia","Lower middle income",1996,,
BGD,bd,"Bangladesh","South Asia","Lower middle income",1997,0.000751,155
BGD,bd,"Bangladesh","South Asia","Lower middle income",1998,0.00368,157
BGD,bd,"Bangladesh","South Asia","Lower middle income",1999,0.0362,156
BGD,bd,"Bangladesh","South Asia","Lower middle income",2000,0.0710394230507683,163
BGD,bd,"Bangladesh","South Asia","Lower middle income",2001,0.129807973947512,162
BGD,bd,"Bangladesh","South Asia","Lower middle income",2002,0.13992028850905,168
BGD,bd,"Bangladesh","South Asia","Lower middle income",2003,0.163877665498048,166
BGD,bd,"Bangladesh","South Asia","Lower middle income",2004,0.199036333744363,169
BGD,bd,"Bangladesh","South Asia","Lower middle income",2005,0.241600007,171
BGD,bd,"Bangladesh","South Asia","Lower middle income",2006,1,161
BGD,bd,"Bangladesh","South Asia","Lower middle income",2007,1.799999952,148
BGD,bd,"Bangladesh","South Asia","Lower middle income",2008,2.5,145
BGD,bd,"Bangladesh","South Asia","Lower middle income",2009,3.099999905,143
BGD,bd,"Bangladesh","South Asia","Lower middle income",2010,3.700000048,139
BGD,bd,"Bangladesh","South Asia","Lower middle income",2011,4.5,142
BGD,bd,"Bangladesh","South Asia","Lower middle income",2012,5,153
BGD,bd,"Bangladesh","South Asia","Lower middle income",2013,6.63,144
BGD,bd,"Bangladesh","South Asia","Lower middle income",2014,9.052900314,150
BGD,bd,"Bangladesh","South Asia","Lower middle income",2015,12.36880016,150
BGD,bd,"Bangladesh","South Asia","Lower middle income",2016,16.89909935,148
BGD,bd,"Bangladesh","South Asia","Lower middle income",2017,21.5,149
BGD,bd,"Bangladesh","South Asia","Lower middle income",2018,25.56509972,143
BGD,bd,"Bangladesh","South Asia","Lower middle income",2019,30.38310051,146
BGD,bd,"Bangladesh","South Asia","Lower middle income",2020,36.10910034,143
BGD,bd,"Bangladesh","South Asia","Lower middle income",2021,38.91744466,140
BGD,bd,"Bangladesh","South Asia","Lower middle income",2022,41.61650085,144
BGD,bd,"Bangladesh","South Asia","Lower middle income",2023,44.50274195,145
COG,cg,"Congo, Rep.","Sub-Saharan Africa ","Lower middle income",1990,0,20
COG,cg,"Congo, Rep.","Sub-Saharan Africa ","Lower middle income",1991,,
COG,cg,"Congo, Rep.","Sub-Saharan Africa ","Lower middle income",1992,,
COG,cg,"Congo, Rep.","Sub-Saharan Africa ","Lower middle income",1993,,
COG,cg,"Congo, Rep.","Sub-Saharan Africa ","Lower middle income",1994,,
COG,cg,"Congo, Rep.","Sub-Saharan Africa ","Lower middle income",1995,,
COG,cg,"Congo, Rep.","Sub-Saharan Africa ","Lower middle income",1996,0.00353,134
COG,cg,"Congo, Rep.","Sub-Saharan Africa ","Lower middle income",1997,0.00347,151
COG,cg,"Congo, Rep.","Sub-Saharan Africa ","Lower middle income",1998,0.00342,158
COG,cg,"Congo, Rep.","Sub-Saharan Africa ","Lower middle income",1999,0.0168,161
COG,cg,"Congo, Rep.","Sub-Saharan Africa ","Lower middle income",2000,0.0263547320580279,171
COG,cg,"Congo, Rep.","Sub-Saharan Africa ","Lower middle income",2001,0.0322236164306931,174
COG,cg,"Congo, Rep.","Sub-Saharan Africa ","Lower middle income",2002,0.157249517243982,167
COG,cg,"Congo, Rep.","Sub-Saharan Africa ","Lower middle income",2003,0.460014186837522,149
COG,cg,"Congo, Rep.","Sub-Saharan Africa ","Lower middle income",2004,1.07750492958505,143
COG,cg,"Congo, Rep.","Sub-Saharan Africa ","Lower middle income",2005,1.463400006,142
COG,cg,"Congo, Rep.","Sub-Saharan Africa ","Lower middle income",2006,2.007999897,147
COG,cg,"Congo, Rep.","Sub-Saharan Africa ","Lower middle income",2007,2.75970437370903,141
COG,cg,"Congo, Rep.","Sub-Saharan Africa ","Lower middle income",2008,4.28750990276481,137
COG,cg,"Congo, Rep.","Sub-Saharan Africa ","Lower middle income",2009,4.5,136
COG,cg,"Congo, Rep.","Sub-Saharan Africa ","Lower middle income",2010,5,134
COG,cg,"Congo, Rep.","Sub-Saharan Africa ","Lower middle income",2011,5.6,137
COG,cg,"Congo, Rep.","Sub-Saharan Africa ","Lower middle income",2012,6.106699944,150
COG,cg,"Congo, Rep.","Sub-Saharan Africa ","Lower middle income",2013,6.599999905,145
COG,cg,"Congo, Rep.","Sub-Saharan Africa ","Lower middle income",2014,7.110000134,153
COG,cg,"Congo, Rep.","Sub-Saharan Africa ","Lower middle income",2015,7.616000175,159
COG,cg,"Congo, Rep.","Sub-Saharan Africa ","Lower middle income",2016,8.121899605,165
COG,cg,"Congo, Rep.","Sub-Saharan Africa ","Lower middle income",2017,8.649999619,168
COG,cg,"Congo, Rep.","Sub-Saharan Africa ","Lower middle income",2018,11.8071003,162
COG,cg,"Congo, Rep.","Sub-Saharan Africa ","Lower middle income",2019,16.11639977,165
COG,cg,"Congo, Rep.","Sub-Saharan Africa ","Lower middle income",2020,21.99850082,160
COG,cg,"Congo, Rep.","Sub-Saharan Africa ","Lower middle income",2021,30.02739906,151
COG,cg,"Congo, Rep.","Sub-Saharan Africa ","Lower middle income",2022,40.98669815,145
COG,cg,"Congo, Rep.","Sub-Saharan Africa ","Lower middle income",2023,43.15039825,146
CMR,cm,"Cameroon","Sub-Saharan Africa ","Lower middle income",1990,0,20
CMR,cm,"Cameroon","Sub-Saharan Africa ","Lower middle income",1991,,
CMR,cm,"Cameroon","Sub-Saharan Africa ","Lower middle income",1992,,
CMR,cm,"Cameroon","Sub-Saharan Africa ","Lower middle income",1993,,
CMR,cm,"Cameroon","Sub-Saharan Africa ","Lower middle income",1994,,
CMR,cm,"Cameroon","Sub-Saharan Africa ","Lower middle income",1995,,
CMR,cm,"Cameroon","Sub-Saharan Africa ","Lower middle income",1996,,
CMR,cm,"Cameroon","Sub-Saharan Africa ","Lower middle income",1997,0.00677,140
CMR,cm,"Cameroon","Sub-Saharan Africa ","Lower middle income",1998,0.0132,147
CMR,cm,"Cameroon","Sub-Saharan Africa ","Lower middle income",1999,0.129,132
CMR,cm,"Cameroon","Sub-Saharan Africa ","Lower middle income",2000,0.252120077733662,136
CMR,cm,"Cameroon","Sub-Saharan Africa ","Lower middle income",2001,0.277051321848797,143
CMR,cm,"Cameroon","Sub-Saharan Africa ","Lower middle income",2002,0.360871584267755,151
CMR,cm,"Cameroon","Sub-Saharan Africa ","Lower middle income",2003,0.587622611130454,144
CMR,cm,"Cameroon","Sub-Saharan Africa ","Lower middle income",2004,0.976075415490902,145
CMR,cm,"Cameroon","Sub-Saharan Africa ","Lower middle income",2005,1.402699947,143
CMR,cm,"Cameroon","Sub-Saharan Africa ","Lower middle income",2006,2.028700113,146
CMR,cm,"Cameroon","Sub-Saharan Africa ","Lower middle income",2007,2.93,140
CMR,cm,"Cameroon","Sub-Saharan Africa ","Lower middle income",2008,3.400000095,143
CMR,cm,"Cameroon","Sub-Saharan Africa ","Lower middle income",2009,3.84,139
CMR,cm,"Cameroon","Sub-Saharan Africa ","Lower middle income",2010,4.300000191,135
CMR,cm,"Cameroon","Sub-Saharan Africa ","Lower middle income",2011,5,139
CMR,cm,"Cameroon","Sub-Saharan Africa ","Lower middle income",2012,7.5,147
CMR,cm,"Cameroon","Sub-Saharan Africa ","Lower middle income",2013,10,140
CMR,cm,"Cameroon","Sub-Saharan Africa ","Lower middle income",2014,16.2148722257524,136
CMR,cm,"Cameroon","Sub-Saharan Africa ","Lower middle income",2015,18.29999924,138
CMR,cm,"Cameroon","Sub-Saharan Africa ","Lower middle income",2016,20.60000038,142
CMR,cm,"Cameroon","Sub-Saharan Africa ","Lower middle income",2017,23.2029719748646,146
CMR,cm,"Cameroon","Sub-Saharan Africa ","Lower middle income",2018,29.70000076,136
CMR,cm,"Cameroon","Sub-Saharan Africa ","Lower middle income",2019,36.53919983,139
CMR,cm,"Cameroon","Sub-Saharan Africa ","Lower middle income",2020,37.69749832,140
CMR,cm,"Cameroon","Sub-Saharan Africa ","Lower middle income",2021,38.89260101,141
CMR,cm,"Cameroon","Sub-Saharan Africa ","Lower middle income",2022,40.12559891,146
CMR,cm,"Cameroon","Sub-Saharan Africa ","Lower middle income",2023,42.24380112,147
CIV,ci,"Cote d'Ivoire","Sub-Saharan Africa ","Lower middle income",1990,0,20
CIV,ci,"Cote d'Ivoire","Sub-Saharan Africa ","Lower middle income",1991,,
CIV,ci,"Cote d'Ivoire","Sub-Saharan Africa ","Lower middle income",1992,,
CIV,ci,"Cote d'Ivoire","Sub-Saharan Africa ","Lower middle income",1993,,
CIV,ci,"Cote d'Ivoire","Sub-Saharan Africa ","Lower middle income",1994,,
CIV,ci,"Cote d'Ivoire","Sub-Saharan Africa ","Lower middle income",1995,0.0002,112
CIV,ci,"Cote d'Ivoire","Sub-Saharan Africa ","Lower middle income",1996,0.00841,123
CIV,ci,"Cote d'Ivoire","Sub-Saharan Africa ","Lower middle income",1997,0.0188,128
CIV,ci,"Cote d'Ivoire","Sub-Saharan Africa ","Lower middle income",1998,0.061,126
CIV,ci,"Cote d'Ivoire","Sub-Saharan Africa ","Lower middle income",1999,0.119,133
CIV,ci,"Cote d'Ivoire","Sub-Saharan Africa ","Lower middle income",2000,0.231461670612799,137
CIV,ci,"Cote d'Ivoire","Sub-Saharan Africa ","Lower middle income",2001,0.395747702246439,135
CIV,ci,"Cote d'Ivoire","Sub-Saharan Africa ","Lower middle income",2002,0.497929360753307,144
CIV,ci,"Cote d'Ivoire","Sub-Saharan Africa ","Lower middle income",2003,0.758669629452205,140
CIV,ci,"Cote d'Ivoire","Sub-Saharan Africa ","Lower middle income",2004,0.849282414747704,148
CIV,ci,"Cote d'Ivoire","Sub-Saharan Africa ","Lower middle income",2005,1.039199948,151
CIV,ci,"Cote d'Ivoire","Sub-Saharan Africa ","Lower middle income",2006,1.52489996,153
CIV,ci,"Cote d'Ivoire","Sub-Saharan Africa ","Lower middle income",2007,1.799999952,148
CIV,ci,"Cote d'Ivoire","Sub-Saharan Africa ","Lower middle income",2008,1.899999976,150
CIV,ci,"Cote d'Ivoire","Sub-Saharan Africa ","Lower middle income",2009,2,153
CIV,ci,"Cote d'Ivoire","Sub-Saharan Africa ","Lower middle income",2010,2.700000048,144
CIV,ci,"Cote d'Ivoire","Sub-Saharan Africa ","Lower middle income",2011,2.900000095,149
CIV,ci,"Cote d'Ivoire","Sub-Saharan Africa ","Lower middle income",2012,4.400000095,157
CIV,ci,"Cote d'Ivoire","Sub-Saharan Africa ","Lower middle income",2013,6.599999905,145
CIV,ci,"Cote d'Ivoire","Sub-Saharan Africa ","Lower middle income",2014,10,149
CIV,ci,"Cote d'Ivoire","Sub-Saharan Africa ","Lower middle income",2015,38.4400001654616,110
CIV,ci,"Cote d'Ivoire","Sub-Saharan Africa ","Lower middle income",2016,41.2078149304414,112
CIV,ci,"Cote d'Ivoire","Sub-Saharan Africa ","Lower middle income",2017,43.8399208514876,117
CIV,ci,"Cote d'Ivoire","Sub-Saharan Africa ","Lower middle income",2018,37.5465361301281,126
CIV,ci,"Cote d'Ivoire","Sub-Saharan Africa ","Lower middle income",2019,36.2889545655205,140
CIV,ci,"Cote d'Ivoire","Sub-Saharan Africa ","Lower middle income",2020,36.01660156,144
CIV,ci,"Cote d'Ivoire","Sub-Saharan Africa ","Lower middle income",2021,35.95069885,143
CIV,ci,"Cote d'Ivoire","Sub-Saharan Africa ","Lower middle income",2022,38.41328122,149
CIV,ci,"Cote d'Ivoire","Sub-Saharan Africa ","Lower middle income",2023,40.65284979,148
NGA,ng,"Nigeria","Sub-Saharan Africa ","Lower middle income",1990,0,20
NGA,ng,"Nigeria","Sub-Saharan Africa ","Lower middle income",1991,,
NGA,ng,"Nigeria","Sub-Saharan Africa ","Lower middle income",1992,,
NGA,ng,"Nigeria","Sub-Saharan Africa ","Lower middle income",1993,,
NGA,ng,"Nigeria","Sub-Saharan Africa ","Lower middle income",1994,,
NGA,ng,"Nigeria","Sub-Saharan Africa ","Lower middle income",1995,,
NGA,ng,"Nigeria","Sub-Saharan Africa ","Lower middle income",1996,0.00883,122
NGA,ng,"Nigeria","Sub-Saharan Africa ","Lower middle income",1997,0.0172,130
NGA,ng,"Nigeria","Sub-Saharan Africa ","Lower middle income",1998,0.0252,136
NGA,ng,"Nigeria","Sub-Saharan Africa ","Lower middle income",1999,0.041,152
NGA,ng,"Nigeria","Sub-Saharan Africa ","Lower middle income",2000,0.0640808079494101,164
NGA,ng,"Nigeria","Sub-Saharan Africa ","Lower middle income",2001,0.089901370457273,166
NGA,ng,"Nigeria","Sub-Saharan Africa ","Lower middle income",2002,0.320461975542327,154
NGA,ng,"Nigeria","Sub-Saharan Africa ","Lower middle income",2003,0.558576244860521,145
NGA,ng,"Nigeria","Sub-Saharan Africa ","Lower middle income",2004,1.28613764134527,140
NGA,ng,"Nigeria","Sub-Saharan Africa ","Lower middle income",2005,3.54915571796492,127
NGA,ng,"Nigeria","Sub-Saharan Africa ","Lower middle income",2006,5.54503608300536,121
NGA,ng,"Nigeria","Sub-Saharan Africa ","Lower middle income",2007,6.769999981,117
NGA,ng,"Nigeria","Sub-Saharan Africa ","Lower middle income",2008,8,119
NGA,ng,"Nigeria","Sub-Saharan Africa ","Lower middle income",2009,9.300000191,118
NGA,ng,"Nigeria","Sub-Saharan Africa ","Lower middle income",2010,11.5,113
NGA,ng,"Nigeria","Sub-Saharan Africa ","Lower middle income",2011,13.80000019,119
NGA,ng,"Nigeria","Sub-Saharan Africa ","Lower middle income",2012,16.10000038,122
NGA,ng,"Nigeria","Sub-Saharan Africa ","Lower middle income",2013,19.10000038,120
NGA,ng,"Nigeria","Sub-Saharan Africa ","Lower middle income",2014,21,123
NGA,ng,"Nigeria","Sub-Saharan Africa ","Lower middle income",2015,22.51420021,129
NGA,ng,"Nigeria","Sub-Saharan Africa ","Lower middle income",2016,24.13750076,133
NGA,ng,"Nigeria","Sub-Saharan Africa ","Lower middle income",2017,25.87789917,139
NGA,ng,"Nigeria","Sub-Saharan Africa ","Lower middle income",2018,27.74370003,142
NGA,ng,"Nigeria","Sub-Saharan Africa ","Lower middle income",2019,29.74410057,147
NGA,ng,"Nigeria","Sub-Saharan Africa ","Lower middle income",2020,31.88879967,147
NGA,ng,"Nigeria","Sub-Saharan Africa ","Lower middle income",2021,35.50979996,145
NGA,ng,"Nigeria","Sub-Saharan Africa ","Lower middle income",2022,39.14720154,147
NGA,ng,"Nigeria","Sub-Saharan Africa ","Lower middle income",2023,40.06399918,149
FSM,fm,"Micronesia, Fed. Sts.","East Asia & Pacific","Upper middle income",1990,0,20
FSM,fm,"Micronesia, Fed. Sts.","East Asia & Pacific","Upper middle income",1991,,
FSM,fm,"Micronesia, Fed. Sts.","East Asia & Pacific","Upper middle income",1992,,
FSM,fm,"Micronesia, Fed. Sts.","East Asia & Pacific","Upper middle income",1993,,
FSM,fm,"Micronesia, Fed. Sts.","East Asia & Pacific","Upper middle income",1994,,
FSM,fm,"Micronesia, Fed. Sts.","East Asia & Pacific","Upper middle income",1995,,
FSM,fm,"Micronesia, Fed. Sts.","East Asia & Pacific","Upper middle income",1996,0.278,66
FSM,fm,"Micronesia, Fed. Sts.","East Asia & Pacific","Upper middle income",1997,0.571,67
FSM,fm,"Micronesia, Fed. Sts.","East Asia & Pacific","Upper middle income",1998,1.86,60
FSM,fm,"Micronesia, Fed. Sts.","East Asia & Pacific","Upper middle income",1999,2.8,65
FSM,fm,"Micronesia, Fed. Sts.","East Asia & Pacific","Upper middle income",2000,3.73486213690137,72
FSM,fm,"Micronesia, Fed. Sts.","East Asia & Pacific","Upper middle income",2001,4.66052719883673,76
FSM,fm,"Micronesia, Fed. Sts.","East Asia & Pacific","Upper middle income",2002,5.57009970478472,84
FSM,fm,"Micronesia, Fed. Sts.","East Asia & Pacific","Upper middle income",2003,9.23250210039423,73
FSM,fm,"Micronesia, Fed. Sts.","East Asia & Pacific","Upper middle income",2004,11.0178673081514,79
FSM,fm,"Micronesia, Fed. Sts.","East Asia & Pacific","Upper middle income",2005,11.88140011,85
FSM,fm,"Micronesia, Fed. Sts.","East Asia & Pacific","Upper middle income",2006,12.75030041,92
FSM,fm,"Micronesia, Fed. Sts.","East Asia & Pacific","Upper middle income",2007,13.62110043,98
FSM,fm,"Micronesia, Fed. Sts.","East Asia & Pacific","Upper middle income",2008,14.49,100
FSM,fm,"Micronesia, Fed. Sts.","East Asia & Pacific","Upper middle income",2009,15.35,106
FSM,fm,"Micronesia, Fed. Sts.","East Asia & Pacific","Upper middle income",2010,20,100
FSM,fm,"Micronesia, Fed. Sts.","East Asia & Pacific","Upper middle income",2011,22.79999924,106
FSM,fm,"Micronesia, Fed. Sts.","East Asia & Pacific","Upper middle income",2012,25.97439957,110
FSM,fm,"Micronesia, Fed. Sts.","East Asia & Pacific","Upper middle income",2013,27.79999924,112
FSM,fm,"Micronesia, Fed. Sts.","East Asia & Pacific","Upper middle income",2014,29.64999962,112
FSM,fm,"Micronesia, Fed. Sts.","East Asia & Pacific","Upper middle income",2015,31.50110054,117
FSM,fm,"Micronesia, Fed. Sts.","East Asia & Pacific","Upper middle income",2016,33.35219955,120
FSM,fm,"Micronesia, Fed. Sts.","East Asia & Pacific","Upper middle income",2017,35.30410004,127
FSM,fm,"Micronesia, Fed. Sts.","East Asia & Pacific","Upper middle income",2018,36.61460114,127
FSM,fm,"Micronesia, Fed. Sts.","East Asia & Pacific","Upper middle income",2019,37.97370148,138
FSM,fm,"Micronesia, Fed. Sts.","East Asia & Pacific","Upper middle income",2020,39.38330078,139
FSM,fm,"Micronesia, Fed. Sts.","East Asia & Pacific","Upper middle income",2021,,
FSM,fm,"Micronesia, Fed. Sts.","East Asia & Pacific","Upper middle income",2022,39.0279007,148
FSM,fm,"Micronesia, Fed. Sts.","East Asia & Pacific","Upper middle income",2023,39.39889908,150
ZWE,zw,"Zimbabwe","Sub-Saharan Africa ","Lower middle income",1990,0,20
ZWE,zw,"Zimbabwe","Sub-Saharan Africa ","Lower middle income",1991,,
ZWE,zw,"Zimbabwe","Sub-Saharan Africa ","Lower middle income",1992,,
ZWE,zw,"Zimbabwe","Sub-Saharan Africa ","Lower middle income",1993,,
ZWE,zw,"Zimbabwe","Sub-Saharan Africa ","Lower middle income",1994,0.00174,64
ZWE,zw,"Zimbabwe","Sub-Saharan Africa ","Lower middle income",1995,0.00768,93
ZWE,zw,"Zimbabwe","Sub-Saharan Africa ","Lower middle income",1996,0.0168,113
ZWE,zw,"Zimbabwe","Sub-Saharan Africa ","Lower middle income",1997,0.0331,119
ZWE,zw,"Zimbabwe","Sub-Saharan Africa ","Lower middle income",1998,0.0816,118
ZWE,zw,"Zimbabwe","Sub-Saharan Africa ","Lower middle income",1999,0.162,126
ZWE,zw,"Zimbabwe","Sub-Saharan Africa ","Lower middle income",2000,0.401433535211582,131
ZWE,zw,"Zimbabwe","Sub-Saharan Africa ","Lower middle income",2001,0.799846045633137,127
ZWE,zw,"Zimbabwe","Sub-Saharan Africa ","Lower middle income",2002,1.1,131
ZWE,zw,"Zimbabwe","Sub-Saharan Africa ","Lower middle income",2003,1.8,127
ZWE,zw,"Zimbabwe","Sub-Saharan Africa ","Lower middle income",2004,2.1,132
ZWE,zw,"Zimbabwe","Sub-Saharan Africa ","Lower middle income",2005,2.400000095,133
ZWE,zw,"Zimbabwe","Sub-Saharan Africa ","Lower middle income",2006,2.400000095,142
ZWE,zw,"Zimbabwe","Sub-Saharan Africa ","Lower middle income",2007,3,139
ZWE,zw,"Zimbabwe","Sub-Saharan Africa ","Lower middle income",2008,3.5,142
ZWE,zw,"Zimbabwe","Sub-Saharan Africa ","Lower middle income",2009,4,138
ZWE,zw,"Zimbabwe","Sub-Saharan Africa ","Lower middle income",2010,6.400000095,131
ZWE,zw,"Zimbabwe","Sub-Saharan Africa ","Lower middle income",2011,8.399999619,133
ZWE,zw,"Zimbabwe","Sub-Saharan Africa ","Lower middle income",2012,12,133
ZWE,zw,"Zimbabwe","Sub-Saharan Africa ","Lower middle income",2013,15.5,126
ZWE,zw,"Zimbabwe","Sub-Saharan Africa ","Lower middle income",2014,16.3647399572904,135
ZWE,zw,"Zimbabwe","Sub-Saharan Africa ","Lower middle income",2015,22.74279976,128
ZWE,zw,"Zimbabwe","Sub-Saharan Africa ","Lower middle income",2016,23.12000084,136
ZWE,zw,"Zimbabwe","Sub-Saharan Africa ","Lower middle income",2017,24.39999962,143
ZWE,zw,"Zimbabwe","Sub-Saharan Africa ","Lower middle income",2018,25,144
ZWE,zw,"Zimbabwe","Sub-Saharan Africa ","Lower middle income",2019,26.5883007,149
ZWE,zw,"Zimbabwe","Sub-Saharan Africa ","Lower middle income",2020,29.29856532,149
ZWE,zw,"Zimbabwe","Sub-Saharan Africa ","Lower middle income",2021,32.5923996,148
ZWE,zw,"Zimbabwe","Sub-Saharan Africa ","Lower middle income",2022,36.25650024,150
ZWE,zw,"Zimbabwe","Sub-Saharan Africa ","Lower middle income",2023,38.67480087,151
AGO,ao,"Angola","Sub-Saharan Africa ","Lower middle income",1990,0,20
AGO,ao,"Angola","Sub-Saharan Africa ","Lower middle income",1991,,
AGO,ao,"Angola","Sub-Saharan Africa ","Lower middle income",1992,,
AGO,ao,"Angola","Sub-Saharan Africa ","Lower middle income",1993,,
AGO,ao,"Angola","Sub-Saharan Africa ","Lower middle income",1994,,
AGO,ao,"Angola","Sub-Saharan Africa ","Lower middle income",1995,,
AGO,ao,"Angola","Sub-Saharan Africa ","Lower middle income",1996,0.000776,150
AGO,ao,"Angola","Sub-Saharan Africa ","Lower middle income",1997,0.00567,142
AGO,ao,"Angola","Sub-Saharan Africa ","Lower middle income",1998,0.0185,142
AGO,ao,"Angola","Sub-Saharan Africa ","Lower middle income",1999,0.072,143
AGO,ao,"Angola","Sub-Saharan Africa ","Lower middle income",2000,0.105045562462262,159
AGO,ao,"Angola","Sub-Saharan Africa ","Lower middle income",2001,0.136013867429868,161
AGO,ao,"Angola","Sub-Saharan Africa ","Lower middle income",2002,0.270376745595134,157
AGO,ao,"Angola","Sub-Saharan Africa ","Lower middle income",2003,0.370682065225727,157
AGO,ao,"Angola","Sub-Saharan Africa ","Lower middle income",2004,0.464814617985909,157
AGO,ao,"Angola","Sub-Saharan Africa ","Lower middle income",2005,1.143399954,148
AGO,ao,"Angola","Sub-Saharan Africa ","Lower middle income",2006,1.5,154
AGO,ao,"Angola","Sub-Saharan Africa ","Lower middle income",2007,1.700000048,151
AGO,ao,"Angola","Sub-Saharan Africa ","Lower middle income",2008,1.899999976,150
AGO,ao,"Angola","Sub-Saharan Africa ","Lower middle income",2009,2.299999952,149
AGO,ao,"Angola","Sub-Saharan Africa ","Lower middle income",2010,2.799999952,143
AGO,ao,"Angola","Sub-Saharan Africa ","Lower middle income",2011,4.699999809,140
AGO,ao,"Angola","Sub-Saharan Africa ","Lower middle income",2012,7.699999809,146
AGO,ao,"Angola","Sub-Saharan Africa ","Lower middle income",2013,13,133
AGO,ao,"Angola","Sub-Saharan Africa ","Lower middle income",2014,21.3623407584103,122
AGO,ao,"Angola","Sub-Saharan Africa ","Lower middle income",2015,22,132
AGO,ao,"Angola","Sub-Saharan Africa ","Lower middle income",2016,23.20000076,135
AGO,ao,"Angola","Sub-Saharan Africa ","Lower middle income",2017,26,137
AGO,ao,"Angola","Sub-Saharan Africa ","Lower middle income",2018,29,138
AGO,ao,"Angola","Sub-Saharan Africa ","Lower middle income",2019,32.12939835,143
AGO,ao,"Angola","Sub-Saharan Africa ","Lower middle income",2020,33.32089996,146
AGO,ao,"Angola","Sub-Saharan Africa ","Lower middle income",2021,34.55649948,146
AGO,ao,"Angola","Sub-Saharan Africa ","Lower middle income",2022,35.83800125,151
AGO,ao,"Angola","Sub-Saharan Africa ","Lower middle income",2023,37.88589859,152
TGO,tg,"Togo","Sub-Saharan Africa ","Lower middle income",1990,0,20
TGO,tg,"Togo","Sub-Saharan Africa ","Lower middle income",1991,0,31
TGO,tg,"Togo","Sub-Saharan Africa ","Lower middle income",1992,0,44
TGO,tg,"Togo","Sub-Saharan Africa ","Lower middle income",1993,0,53
TGO,tg,"Togo","Sub-Saharan Africa ","Lower middle income",1994,0,75
TGO,tg,"Togo","Sub-Saharan Africa ","Lower middle income",1995,0,115
TGO,tg,"Togo","Sub-Saharan Africa ","Lower middle income",1996,0.0109,118
TGO,tg,"Togo","Sub-Saharan Africa ","Lower middle income",1997,0.211,87
TGO,tg,"Togo","Sub-Saharan Africa ","Lower middle income",1998,0.306,89
TGO,tg,"Togo","Sub-Saharan Africa ","Lower middle income",1999,0.59,99
TGO,tg,"Togo","Sub-Saharan Africa ","Lower middle income",2000,0.8,115
TGO,tg,"Togo","Sub-Saharan Africa ","Lower middle income",2001,0.9,124
TGO,tg,"Togo","Sub-Saharan Africa ","Lower middle income",2002,1,137
TGO,tg,"Togo","Sub-Saharan Africa ","Lower middle income",2003,1.2,134
TGO,tg,"Togo","Sub-Saharan Africa ","Lower middle income",2004,1.5,137
TGO,tg,"Togo","Sub-Saharan Africa ","Lower middle income",2005,1.799999952,138
TGO,tg,"Togo","Sub-Saharan Africa ","Lower middle income",2006,2,148
TGO,tg,"Togo","Sub-Saharan Africa ","Lower middle income",2007,2.200000048,144
TGO,tg,"Togo","Sub-Saharan Africa ","Lower middle income",2008,2.400000095,146
TGO,tg,"Togo","Sub-Saharan Africa ","Lower middle income",2009,2.599999905,145
TGO,tg,"Togo","Sub-Saharan Africa ","Lower middle income",2010,3,141
TGO,tg,"Togo","Sub-Saharan Africa ","Lower middle income",2011,3.5,144
TGO,tg,"Togo","Sub-Saharan Africa ","Lower middle income",2012,4,160
TGO,tg,"Togo","Sub-Saharan Africa ","Lower middle income",2013,4.5,157
TGO,tg,"Togo","Sub-Saharan Africa ","Lower middle income",2014,5.699999809,161
TGO,tg,"Togo","Sub-Saharan Africa ","Lower middle income",2015,7.119999886,161
TGO,tg,"Togo","Sub-Saharan Africa ","Lower middle income",2016,11.31000042,159
TGO,tg,"Togo","Sub-Saharan Africa ","Lower middle income",2017,12.3602249692905,163
TGO,tg,"Togo","Sub-Saharan Africa ","Lower middle income",2018,15.5,157
TGO,tg,"Togo","Sub-Saharan Africa ","Lower middle income",2019,20.72730064,158
TGO,tg,"Togo","Sub-Saharan Africa ","Lower middle income",2020,29.02370071,151
TGO,tg,"Togo","Sub-Saharan Africa ","Lower middle income",2021,30.33839989,150
TGO,tg,"Togo","Sub-Saharan Africa ","Lower middle income",2022,35.60749817,152
TGO,tg,"Togo","Sub-Saharan Africa ","Lower middle income",2023,37.57020187,153
MLI,ml,"Mali","Sub-Saharan Africa ","Low income",1990,0,20
MLI,ml,"Mali","Sub-Saharan Africa ","Low income",1991,,
MLI,ml,"Mali","Sub-Saharan Africa ","Low income",1992,,
MLI,ml,"Mali","Sub-Saharan Africa ","Low income",1993,,
MLI,ml,"Mali","Sub-Saharan Africa ","Low income",1994,,
MLI,ml,"Mali","Sub-Saharan Africa ","Low income",1995,,
MLI,ml,"Mali","Sub-Saharan Africa ","Low income",1996,0.00206,139
MLI,ml,"Mali","Sub-Saharan Africa ","Low income",1997,0.0101,136
MLI,ml,"Mali","Sub-Saharan Africa ","Low income",1998,0.0198,141
MLI,ml,"Mali","Sub-Saharan Africa ","Low income",1999,0.0609,147
MLI,ml,"Mali","Sub-Saharan Africa ","Low income",2000,0.142545755049184,151
MLI,ml,"Mali","Sub-Saharan Africa ","Low income",2001,0.185897413256084,152
MLI,ml,"Mali","Sub-Saharan Africa ","Low income",2002,0.2270455784917,160
MLI,ml,"Mali","Sub-Saharan Africa ","Low income",2003,0.310364443230575,161
MLI,ml,"Mali","Sub-Saharan Africa ","Low income",2004,0.432819639900985,159
MLI,ml,"Mali","Sub-Saharan Africa ","Low income",2005,0.507099986,164
MLI,ml,"Mali","Sub-Saharan Africa ","Low income",2006,0.729600012,165
MLI,ml,"Mali","Sub-Saharan Africa ","Low income",2007,0.81,163
MLI,ml,"Mali","Sub-Saharan Africa ","Low income",2008,1.57,157
MLI,ml,"Mali","Sub-Saharan Africa ","Low income",2009,1.799999952,155
MLI,ml,"Mali","Sub-Saharan Africa ","Low income",2010,2,150
MLI,ml,"Mali","Sub-Saharan Africa ","Low income",2011,2.2,153
MLI,ml,"Mali","Sub-Saharan Africa ","Low income",2012,2.799999952,167
MLI,ml,"Mali","Sub-Saharan Africa ","Low income",2013,3.5,160
MLI,ml,"Mali","Sub-Saharan Africa ","Low income",2014,7,154
MLI,ml,"Mali","Sub-Saharan Africa ","Low income",2015,10.32999992,152
MLI,ml,"Mali","Sub-Saharan Africa ","Low income",2016,14,155
MLI,ml,"Mali","Sub-Saharan Africa ","Low income",2017,18.89999962,151
MLI,ml,"Mali","Sub-Saharan Africa ","Low income",2018,21.39999962,147
MLI,ml,"Mali","Sub-Saharan Africa ","Low income",2019,24.96030045,151
MLI,ml,"Mali","Sub-Saharan Africa ","Low income",2020,29.11300087,150
MLI,ml,"Mali","Sub-Saharan Africa ","Low income",2021,33.95650101,147
MLI,ml,"Mali","Sub-Saharan Africa ","Low income",2022,35.19919968,153
MLI,ml,"Mali","Sub-Saharan Africa ","Low income",2023,36.03879929,154
BEN,bj,"Benin","Sub-Saharan Africa ","Lower middle income",1990,0,20
BEN,bj,"Benin","Sub-Saharan Africa ","Lower middle income",1991,,
BEN,bj,"Benin","Sub-Saharan Africa ","Lower middle income",1992,,
BEN,bj,"Benin","Sub-Saharan Africa ","Lower middle income",1993,,
BEN,bj,"Benin","Sub-Saharan Africa ","Lower middle income",1994,,
BEN,bj,"Benin","Sub-Saharan Africa ","Lower middle income",1995,,
BEN,bj,"Benin","Sub-Saharan Africa ","Lower middle income",1996,0.00169,143
BEN,bj,"Benin","Sub-Saharan Africa ","Lower middle income",1997,0.0246,125
BEN,bj,"Benin","Sub-Saharan Africa ","Lower middle income",1998,0.0479,128
BEN,bj,"Benin","Sub-Saharan Africa ","Lower middle income",1999,0.155,127
BEN,bj,"Benin","Sub-Saharan Africa ","Lower middle income",2000,0.225247851473369,140
BEN,bj,"Benin","Sub-Saharan Africa ","Lower middle income",2001,0.363417890016082,137
BEN,bj,"Benin","Sub-Saharan Africa ","Lower middle income",2002,0.7029455951039,140
BEN,bj,"Benin","Sub-Saharan Africa ","Lower middle income",2003,0.951327114915695,138
BEN,bj,"Benin","Sub-Saharan Africa ","Lower middle income",2004,1.18254096518994,141
BEN,bj,"Benin","Sub-Saharan Africa ","Lower middle income",2005,1.271000028,145
BEN,bj,"Benin","Sub-Saharan Africa ","Lower middle income",2006,1.537899971,152
BEN,bj,"Benin","Sub-Saharan Africa ","Lower middle income",2007,1.79,150
BEN,bj,"Benin","Sub-Saharan Africa ","Lower middle income",2008,1.85,152
BEN,bj,"Benin","Sub-Saharan Africa ","Lower middle income",2009,2.24,151
BEN,bj,"Benin","Sub-Saharan Africa ","Lower middle income",2010,3.13,140
BEN,bj,"Benin","Sub-Saharan Africa ","Lower middle income",2011,4.14832306562512,143
BEN,bj,"Benin","Sub-Saharan Africa ","Lower middle income",2012,4.5,156
BEN,bj,"Benin","Sub-Saharan Africa ","Lower middle income",2013,4.900000095,154
BEN,bj,"Benin","Sub-Saharan Africa ","Lower middle income",2014,6,159
BEN,bj,"Benin","Sub-Saharan Africa ","Lower middle income",2015,11.25500011,151
BEN,bj,"Benin","Sub-Saharan Africa ","Lower middle income",2016,14.5,154
BEN,bj,"Benin","Sub-Saharan Africa ","Lower middle income",2017,18.7,153
BEN,bj,"Benin","Sub-Saharan Africa ","Lower middle income",2018,19,152
BEN,bj,"Benin","Sub-Saharan Africa ","Lower middle income",2019,20.50099945,159
BEN,bj,"Benin","Sub-Saharan Africa ","Lower middle income",2020,22.12059975,159
BEN,bj,"Benin","Sub-Saharan Africa ","Lower middle income",2021,28.20470047,153
BEN,bj,"Benin","Sub-Saharan Africa ","Lower middle income",2022,30.53730011,156
BEN,bj,"Benin","Sub-Saharan Africa ","Lower middle income",2023,32.39400101,155
GIN,gn,"Guinea","Sub-Saharan Africa ","Lower middle income",1990,0,20
GIN,gn,"Guinea","Sub-Saharan Africa ","Lower middle income",1991,,
GIN,gn,"Guinea","Sub-Saharan Africa ","Lower middle income",1992,,
GIN,gn,"Guinea","Sub-Saharan Africa ","Lower middle income",1993,,
GIN,gn,"Guinea","Sub-Saharan Africa ","Lower middle income",1994,0.000138,74
GIN,gn,"Guinea","Sub-Saharan Africa ","Lower middle income",1995,0.000669,110
GIN,gn,"Guinea","Sub-Saharan Africa ","Lower middle income",1996,0.00195,140
GIN,gn,"Guinea","Sub-Saharan Africa ","Lower middle income",1997,0.0038,150
GIN,gn,"Guinea","Sub-Saharan Africa ","Lower middle income",1998,0.0062,154
GIN,gn,"Guinea","Sub-Saharan Africa ","Lower middle income",1999,0.0608,148
GIN,gn,"Guinea","Sub-Saharan Africa ","Lower middle income",2000,0.0954249236063846,160
GIN,gn,"Guinea","Sub-Saharan Africa ","Lower middle income",2001,0.175541868491054,154
GIN,gn,"Guinea","Sub-Saharan Africa ","Lower middle income",2002,0.402022748744397,147
GIN,gn,"Guinea","Sub-Saharan Africa ","Lower middle income",2003,0.450960370842751,150
GIN,gn,"Guinea","Sub-Saharan Africa ","Lower middle income",2004,0.508819332302937,155
GIN,gn,"Guinea","Sub-Saharan Africa ","Lower middle income",2005,0.542299986,162
GIN,gn,"Guinea","Sub-Saharan Africa ","Lower middle income",2006,0.637499988,167
GIN,gn,"Guinea","Sub-Saharan Africa ","Lower middle income",2007,0.780025279059244,164
GIN,gn,"Guinea","Sub-Saharan Africa ","Lower middle income",2008,0.92,164
GIN,gn,"Guinea","Sub-Saharan Africa ","Lower middle income",2009,0.94,163
GIN,gn,"Guinea","Sub-Saharan Africa ","Lower middle income",2010,1,154
GIN,gn,"Guinea","Sub-Saharan Africa ","Lower middle income",2011,2,154
GIN,gn,"Guinea","Sub-Saharan Africa ","Lower middle income",2012,3.099999905,164
GIN,gn,"Guinea","Sub-Saharan Africa ","Lower middle income",2013,4.5,157
GIN,gn,"Guinea","Sub-Saharan Africa ","Lower middle income",2014,6.400000095,157
GIN,gn,"Guinea","Sub-Saharan Africa ","Lower middle income",2015,9.199999809,155
GIN,gn,"Guinea","Sub-Saharan Africa ","Lower middle income",2016,13.10000038,158
GIN,gn,"Guinea","Sub-Saharan Africa ","Lower middle income",2017,18.70000076,152
GIN,gn,"Guinea","Sub-Saharan Africa ","Lower middle income",2018,21.8300230430563,146
GIN,gn,"Guinea","Sub-Saharan Africa ","Lower middle income",2019,23.89049911,152
GIN,gn,"Guinea","Sub-Saharan Africa ","Lower middle income",2020,26.14550018,153
GIN,gn,"Guinea","Sub-Saharan Africa ","Lower middle income",2021,28.61330032,152
GIN,gn,"Guinea","Sub-Saharan Africa ","Lower middle income",2022,31.31399918,155
GIN,gn,"Guinea","Sub-Saharan Africa ","Lower middle income",2023,32.31560135,156
KEN,ke,"Kenya","Sub-Saharan Africa ","Lower middle income",1990,0,20
KEN,ke,"Kenya","Sub-Saharan Africa ","Lower middle income",1991,,
KEN,ke,"Kenya","Sub-Saharan Africa ","Lower middle income",1992,,
KEN,ke,"Kenya","Sub-Saharan Africa ","Lower middle income",1993,,
KEN,ke,"Kenya","Sub-Saharan Africa ","Lower middle income",1994,,
KEN,ke,"Kenya","Sub-Saharan Africa ","Lower middle income",1995,0.000727,108
KEN,ke,"Kenya","Sub-Saharan Africa ","Lower middle income",1996,0.00884,121
KEN,ke,"Kenya","Sub-Saharan Africa ","Lower middle income",1997,0.0344,118
KEN,ke,"Kenya","Sub-Saharan Africa ","Lower middle income",1998,0.0503,127
KEN,ke,"Kenya","Sub-Saharan Africa ","Lower middle income",1999,0.114,135
KEN,ke,"Kenya","Sub-Saharan Africa ","Lower middle income",2000,0.318059713612037,133
KEN,ke,"Kenya","Sub-Saharan Africa ","Lower middle income",2001,0.619782266151425,131
KEN,ke,"Kenya","Sub-Saharan Africa ","Lower middle income",2002,1.20777388492125,130
KEN,ke,"Kenya","Sub-Saharan Africa ","Lower middle income",2003,2.94190286101524,110
KEN,ke,"Kenya","Sub-Saharan Africa ","Lower middle income",2004,3.0235280420962,124
KEN,ke,"Kenya","Sub-Saharan Africa ","Lower middle income",2005,3.101900101,129
KEN,ke,"Kenya","Sub-Saharan Africa ","Lower middle income",2006,3.599999905,134
KEN,ke,"Kenya","Sub-Saharan Africa ","Lower middle income",2007,4.400000095,129
KEN,ke,"Kenya","Sub-Saharan Africa ","Lower middle income",2008,5.199999809,132
KEN,ke,"Kenya","Sub-Saharan Africa ","Lower middle income",2009,6.1,130
KEN,ke,"Kenya","Sub-Saharan Africa ","Lower middle income",2010,7.2,127
KEN,ke,"Kenya","Sub-Saharan Africa ","Lower middle income",2011,8.800000191,132
KEN,ke,"Kenya","Sub-Saharan Africa ","Lower middle income",2012,10.5,140
KEN,ke,"Kenya","Sub-Saharan Africa ","Lower middle income",2013,13,133
KEN,ke,"Kenya","Sub-Saharan Africa ","Lower middle income",2014,16.5,134
KEN,ke,"Kenya","Sub-Saharan Africa ","Lower middle income",2015,16.5878548475992,143
KEN,ke,"Kenya","Sub-Saharan Africa ","Lower middle income",2016,16.6,149
KEN,ke,"Kenya","Sub-Saharan Africa ","Lower middle income",2017,17.82710075,155
KEN,ke,"Kenya","Sub-Saharan Africa ","Lower middle income",2018,19.5,150
KEN,ke,"Kenya","Sub-Saharan Africa ","Lower middle income",2019,22.6687733618171,154
KEN,ke,"Kenya","Sub-Saharan Africa ","Lower middle income",2020,24.7227993,154
KEN,ke,"Kenya","Sub-Saharan Africa ","Lower middle income",2021,26.96290016,154
KEN,ke,"Kenya","Sub-Saharan Africa ","Lower middle income",2022,29.40589905,158
KEN,ke,"Kenya","Sub-Saharan Africa ","Lower middle income",2023,32.07040024,157
COM,km,"Comoros","Sub-Saharan Africa ","Lower middle income",1990,0,20
COM,km,"Comoros","Sub-Saharan Africa ","Lower middle income",1991,,
COM,km,"Comoros","Sub-Saharan Africa ","Lower middle income",1992,,
COM,km,"Comoros","Sub-Saharan Africa ","Lower middle income",1993,,
COM,km,"Comoros","Sub-Saharan Africa ","Lower middle income",1994,,
COM,km,"Comoros","Sub-Saharan Africa ","Lower middle income",1995,,
COM,km,"Comoros","Sub-Saharan Africa ","Lower middle income",1996,,
COM,km,"Comoros","Sub-Saharan Africa ","Lower middle income",1997,0,158
COM,km,"Comoros","Sub-Saharan Africa ","Lower middle income",1998,0.0379,131
COM,km,"Comoros","Sub-Saharan Africa ","Lower middle income",1999,0.148,128
COM,km,"Comoros","Sub-Saharan Africa ","Lower middle income",2000,0.271740607285909,134
COM,km,"Comoros","Sub-Saharan Africa ","Lower middle income",2001,0.443068372538977,134
COM,km,"Comoros","Sub-Saharan Africa ","Lower middle income",2002,0.554869674985088,141
COM,km,"Comoros","Sub-Saharan Africa ","Lower middle income",2003,0.848189370151537,139
COM,km,"Comoros","Sub-Saharan Africa ","Lower middle income",2004,1.32732717785355,139
COM,km,"Comoros","Sub-Saharan Africa ","Lower middle income",2005,2,135
COM,km,"Comoros","Sub-Saharan Africa ","Lower middle income",2006,2.200000048,143
COM,km,"Comoros","Sub-Saharan Africa ","Lower middle income",2007,2.5,142
COM,km,"Comoros","Sub-Saharan Africa ","Lower middle income",2008,3,144
COM,km,"Comoros","Sub-Saharan Africa ","Lower middle income",2009,3.5,142
COM,km,"Comoros","Sub-Saharan Africa ","Lower middle income",2010,5.099999905,133
COM,km,"Comoros","Sub-Saharan Africa ","Lower middle income",2011,5.5,138
COM,km,"Comoros","Sub-Saharan Africa ","Lower middle income",2012,5.975299835,151
COM,km,"Comoros","Sub-Saharan Africa ","Lower middle income",2013,6.5,146
COM,km,"Comoros","Sub-Saharan Africa ","Lower middle income",2014,6.980000019,155
COM,km,"Comoros","Sub-Saharan Africa ","Lower middle income",2015,7.459199905,160
COM,km,"Comoros","Sub-Saharan Africa ","Lower middle income",2016,7.938300133,166
COM,km,"Comoros","Sub-Saharan Africa ","Lower middle income",2017,8.478199959,169
COM,km,"Comoros","Sub-Saharan Africa ","Lower middle income",2018,,
COM,km,"Comoros","Sub-Saharan Africa ","Lower middle income",2019,16.38380051,164
COM,km,"Comoros","Sub-Saharan Africa ","Lower middle income",2020,22.42040062,158
COM,km,"Comoros","Sub-Saharan Africa ","Lower middle income",2021,30.68120003,149
COM,km,"Comoros","Sub-Saharan Africa ","Lower middle income",2022,31.37409973,154
COM,km,"Comoros","Sub-Saharan Africa ","Lower middle income",2023,31.92749977,158
LBR,lr,"Liberia","Sub-Saharan Africa ","Low income",1990,0,20
LBR,lr,"Liberia","Sub-Saharan Africa ","Low income",1991,,
LBR,lr,"Liberia","Sub-Saharan Africa ","Low income",1992,,
LBR,lr,"Liberia","Sub-Saharan Africa ","Low income",1993,,
LBR,lr,"Liberia","Sub-Saharan Africa ","Low income",1994,,
LBR,lr,"Liberia","Sub-Saharan Africa ","Low income",1995,,
LBR,lr,"Liberia","Sub-Saharan Africa ","Low income",1996,,
LBR,lr,"Liberia","Sub-Saharan Africa ","Low income",1997,0.00449,147
LBR,lr,"Liberia","Sub-Saharan Africa ","Low income",1998,0.0041,156
LBR,lr,"Liberia","Sub-Saharan Africa ","Low income",1999,0.0113,165
LBR,lr,"Liberia","Sub-Saharan Africa ","Low income",2000,0.0177027057169472,173
LBR,lr,"Liberia","Sub-Saharan Africa ","Low income",2001,0.033812227177592,173
LBR,lr,"Liberia","Sub-Saharan Africa ","Low income",2002,0.0327133071190699,176
LBR,lr,"Liberia","Sub-Saharan Africa ","Low income",2003,0.0318689345450327,173
LBR,lr,"Liberia","Sub-Saharan Africa ","Low income",2004,0.0310111848040233,175
LBR,lr,"Liberia","Sub-Saharan Africa ","Low income",2005,0.551400006,161
LBR,lr,"Liberia","Sub-Saharan Africa ","Low income",2006,0.529999971,171
LBR,lr,"Liberia","Sub-Saharan Africa ","Low income",2007,0.551400006,168
LBR,lr,"Liberia","Sub-Saharan Africa ","Low income",2008,0.529999971,167
LBR,lr,"Liberia","Sub-Saharan Africa ","Low income",2009,2,153
LBR,lr,"Liberia","Sub-Saharan Africa ","Low income",2010,2.3,148
LBR,lr,"Liberia","Sub-Saharan Africa ","Low income",2011,2.5,151
LBR,lr,"Liberia","Sub-Saharan Africa ","Low income",2012,2.599999905,168
LBR,lr,"Liberia","Sub-Saharan Africa ","Low income",2013,3.200000048,161
LBR,lr,"Liberia","Sub-Saharan Africa ","Low income",2014,5.409999847,162
LBR,lr,"Liberia","Sub-Saharan Africa ","Low income",2015,10,154
LBR,lr,"Liberia","Sub-Saharan Africa ","Low income",2016,15.69999981,151
LBR,lr,"Liberia","Sub-Saharan Africa ","Low income",2017,16.29999924,157
LBR,lr,"Liberia","Sub-Saharan Africa ","Low income",2018,17.27770042,153
LBR,lr,"Liberia","Sub-Saharan Africa ","Low income",2019,19.89579964,160
LBR,lr,"Liberia","Sub-Saharan Africa ","Low income",2020,22.91069984,157
LBR,lr,"Liberia","Sub-Saharan Africa ","Low income",2021,26.38229942,155
LBR,lr,"Liberia","Sub-Saharan Africa ","Low income",2022,30.38010025,157
LBR,lr,"Liberia","Sub-Saharan Africa ","Low income",2023,31.22410011,159
RWA,rw,"Rwanda","Sub-Saharan Africa ","Low income",1990,0,20
RWA,rw,"Rwanda","Sub-Saharan Africa ","Low income",1991,,
RWA,rw,"Rwanda","Sub-Saharan Africa ","Low income",1992,,
RWA,rw,"Rwanda","Sub-Saharan Africa ","Low income",1993,,
RWA,rw,"Rwanda","Sub-Saharan Africa ","Low income",1994,,
RWA,rw,"Rwanda","Sub-Saharan Africa ","Low income",1995,,
RWA,rw,"Rwanda","Sub-Saharan Africa ","Low income",1996,0.000883,148
RWA,rw,"Rwanda","Sub-Saharan Africa ","Low income",1997,0.00163,154
RWA,rw,"Rwanda","Sub-Saharan Africa ","Low income",1998,0.0118,149
RWA,rw,"Rwanda","Sub-Saharan Africa ","Low income",1999,0.0672,145
RWA,rw,"Rwanda","Sub-Saharan Africa ","Low income",2000,0.0628314595107164,165
RWA,rw,"Rwanda","Sub-Saharan Africa ","Low income",2001,0.240672409832383,146
RWA,rw,"Rwanda","Sub-Saharan Africa ","Low income",2002,0.292784718792575,156
RWA,rw,"Rwanda","Sub-Saharan Africa ","Low income",2003,0.356918467272361,158
RWA,rw,"Rwanda","Sub-Saharan Africa ","Low income",2004,0.43085424337006,160
RWA,rw,"Rwanda","Sub-Saharan Africa ","Low income",2005,0.555999994,160
RWA,rw,"Rwanda","Sub-Saharan Africa ","Low income",2006,,
RWA,rw,"Rwanda","Sub-Saharan Africa ","Low income",2007,2.115400076,145
RWA,rw,"Rwanda","Sub-Saharan Africa ","Low income",2008,4.5,135
RWA,rw,"Rwanda","Sub-Saharan Africa ","Low income",2009,7.7,123
RWA,rw,"Rwanda","Sub-Saharan Africa ","Low income",2010,8,123
RWA,rw,"Rwanda","Sub-Saharan Africa ","Low income",2011,7,135
RWA,rw,"Rwanda","Sub-Saharan Africa ","Low income",2012,8.023900032,145
RWA,rw,"Rwanda","Sub-Saharan Africa ","Low income",2013,9,142
RWA,rw,"Rwanda","Sub-Saharan Africa ","Low income",2014,10.60000038,147
RWA,rw,"Rwanda","Sub-Saharan Africa ","Low income",2015,12.45600033,149
RWA,rw,"Rwanda","Sub-Saharan Africa ","Low income",2016,14.63710022,153
RWA,rw,"Rwanda","Sub-Saharan Africa ","Low income",2017,17.2,156
RWA,rw,"Rwanda","Sub-Saharan Africa ","Low income",2018,19.16659927,151
RWA,rw,"Rwanda","Sub-Saharan Africa ","Low income",2019,21.3579998,157
RWA,rw,"Rwanda","Sub-Saharan Africa ","Low income",2020,23.8,156
RWA,rw,"Rwanda","Sub-Saharan Africa ","Low income",2021,24.4416008,157
RWA,rw,"Rwanda","Sub-Saharan Africa ","Low income",2022,28.01679993,160
RWA,rw,"Rwanda","Sub-Saharan Africa ","Low income",2023,28.80579948,160
GNB,gw,"Guinea-Bissau","Sub-Saharan Africa ","Low income",1990,0,20
GNB,gw,"Guinea-Bissau","Sub-Saharan Africa ","Low income",1991,,
GNB,gw,"Guinea-Bissau","Sub-Saharan Africa ","Low income",1992,,
GNB,gw,"Guinea-Bissau","Sub-Saharan Africa ","Low income",1993,,
GNB,gw,"Guinea-Bissau","Sub-Saharan Africa ","Low income",1994,,
GNB,gw,"Guinea-Bissau","Sub-Saharan Africa ","Low income",1995,,
GNB,gw,"Guinea-Bissau","Sub-Saharan Africa ","Low income",1996,,
GNB,gw,"Guinea-Bissau","Sub-Saharan Africa ","Low income",1997,0.0164,131
GNB,gw,"Guinea-Bissau","Sub-Saharan Africa ","Low income",1998,0.0241,137
GNB,gw,"Guinea-Bissau","Sub-Saharan Africa ","Low income",1999,0.118,134
GNB,gw,"Guinea-Bissau","Sub-Saharan Africa ","Low income",2000,0.230103170591588,139
GNB,gw,"Guinea-Bissau","Sub-Saharan Africa ","Low income",2001,0.299569144677667,142
GNB,gw,"Guinea-Bissau","Sub-Saharan Africa ","Low income",2002,1.02299323436117,135
GNB,gw,"Guinea-Bissau","Sub-Saharan Africa ","Low income",2003,1.35419747762901,133
GNB,gw,"Guinea-Bissau","Sub-Saharan Africa ","Low income",2004,1.80814220342991,134
GNB,gw,"Guinea-Bissau","Sub-Saharan Africa ","Low income",2005,1.90139997,136
GNB,gw,"Guinea-Bissau","Sub-Saharan Africa ","Low income",2006,2.057199955,145
GNB,gw,"Guinea-Bissau","Sub-Saharan Africa ","Low income",2007,2.20630002,143
GNB,gw,"Guinea-Bissau","Sub-Saharan Africa ","Low income",2008,2.35488871087933,147
GNB,gw,"Guinea-Bissau","Sub-Saharan Africa ","Low income",2009,2.30328059172582,148
GNB,gw,"Guinea-Bissau","Sub-Saharan Africa ","Low income",2010,2.450000048,146
GNB,gw,"Guinea-Bissau","Sub-Saharan Africa ","Low income",2011,2.671999931,150
GNB,gw,"Guinea-Bissau","Sub-Saharan Africa ","Low income",2012,2.894000053,166
GNB,gw,"Guinea-Bissau","Sub-Saharan Africa ","Low income",2013,3.099999905,162
GNB,gw,"Guinea-Bissau","Sub-Saharan Africa ","Low income",2014,3.319999933,165
GNB,gw,"Guinea-Bissau","Sub-Saharan Africa ","Low income",2015,6.099999905,166
GNB,gw,"Guinea-Bissau","Sub-Saharan Africa ","Low income",2016,13.80000019,156
GNB,gw,"Guinea-Bissau","Sub-Saharan Africa ","Low income",2017,14.80000019,160
GNB,gw,"Guinea-Bissau","Sub-Saharan Africa ","Low income",2018,15.69999981,156
GNB,gw,"Guinea-Bissau","Sub-Saharan Africa ","Low income",2019,17.92149925,161
GNB,gw,"Guinea-Bissau","Sub-Saharan Africa ","Low income",2020,20.45730019,161
GNB,gw,"Guinea-Bissau","Sub-Saharan Africa ","Low income",2021,23.3519001,159
GNB,gw,"Guinea-Bissau","Sub-Saharan Africa ","Low income",2022,27.67379951,161
GNB,gw,"Guinea-Bissau","Sub-Saharan Africa ","Low income",2023,28.71240044,161
SLB,sb,"Solomon Islands","East Asia & Pacific","Lower middle income",1990,0,20
SLB,sb,"Solomon Islands","East Asia & Pacific","Lower middle income",1991,,
SLB,sb,"Solomon Islands","East Asia & Pacific","Lower middle income",1992,,
SLB,sb,"Solomon Islands","East Asia & Pacific","Lower middle income",1993,,
SLB,sb,"Solomon Islands","East Asia & Pacific","Lower middle income",1994,,
SLB,sb,"Solomon Islands","East Asia & Pacific","Lower middle income",1995,0.0249,80
SLB,sb,"Solomon Islands","East Asia & Pacific","Lower middle income",1996,0.269,69
SLB,sb,"Solomon Islands","East Asia & Pacific","Lower middle income",1997,0.392,79
SLB,sb,"Solomon Islands","East Asia & Pacific","Lower middle income",1998,0.508,85
SLB,sb,"Solomon Islands","East Asia & Pacific","Lower middle income",1999,0.495,103
SLB,sb,"Solomon Islands","East Asia & Pacific","Lower middle income",2000,0.481296806114395,129
SLB,sb,"Solomon Islands","East Asia & Pacific","Lower middle income",2001,0.468551963584141,133
SLB,sb,"Solomon Islands","East Asia & Pacific","Lower middle income",2002,0.501919843401009,142
SLB,sb,"Solomon Islands","East Asia & Pacific","Lower middle income",2003,0.555609881855115,146
SLB,sb,"Solomon Islands","East Asia & Pacific","Lower middle income",2004,0.64967267325146,153
SLB,sb,"Solomon Islands","East Asia & Pacific","Lower middle income",2005,0.844299972,156
SLB,sb,"Solomon Islands","East Asia & Pacific","Lower middle income",2006,1.646299958,150
SLB,sb,"Solomon Islands","East Asia & Pacific","Lower middle income",2007,2,146
SLB,sb,"Solomon Islands","East Asia & Pacific","Lower middle income",2008,3,144
SLB,sb,"Solomon Islands","East Asia & Pacific","Lower middle income",2009,4,138
SLB,sb,"Solomon Islands","East Asia & Pacific","Lower middle income",2010,5,134
SLB,sb,"Solomon Islands","East Asia & Pacific","Lower middle income",2011,6,136
SLB,sb,"Solomon Islands","East Asia & Pacific","Lower middle income",2012,6.997399807,149
SLB,sb,"Solomon Islands","East Asia & Pacific","Lower middle income",2013,8,143
SLB,sb,"Solomon Islands","East Asia & Pacific","Lower middle income",2014,9,151
SLB,sb,"Solomon Islands","East Asia & Pacific","Lower middle income",2015,10.00049973,153
SLB,sb,"Solomon Islands","East Asia & Pacific","Lower middle income",2016,11.00090027,160
SLB,sb,"Solomon Islands","East Asia & Pacific","Lower middle income",2017,15.14840031,159
SLB,sb,"Solomon Islands","East Asia & Pacific","Lower middle income",2018,20.8593998,148
SLB,sb,"Solomon Islands","East Asia & Pacific","Lower middle income",2019,22.48880005,155
SLB,sb,"Solomon Islands","East Asia & Pacific","Lower middle income",2020,24.1984005,155
SLB,sb,"Solomon Islands","East Asia & Pacific","Lower middle income",2021,26.03790092,156
SLB,sb,"Solomon Islands","East Asia & Pacific","Lower middle income",2022,28.01729965,159
SLB,sb,"Solomon Islands","East Asia & Pacific","Lower middle income",2023,28.67239952,162
TZA,tz,"Tanzania","Sub-Saharan Africa ","Lower middle income",1990,0,20
TZA,tz,"Tanzania","Sub-Saharan Africa ","Lower middle income",1991,,
TZA,tz,"Tanzania","Sub-Saharan Africa ","Lower middle income",1992,,
TZA,tz,"Tanzania","Sub-Saharan Africa ","Lower middle income",1993,,
TZA,tz,"Tanzania","Sub-Saharan Africa ","Lower middle income",1994,,
TZA,tz,"Tanzania","Sub-Saharan Africa ","Lower middle income",1995,,
TZA,tz,"Tanzania","Sub-Saharan Africa ","Lower middle income",1996,0.00162,144
TZA,tz,"Tanzania","Sub-Saharan Africa ","Lower middle income",1997,0.0079,139
TZA,tz,"Tanzania","Sub-Saharan Africa ","Lower middle income",1998,0.00924,152
TZA,tz,"Tanzania","Sub-Saharan Africa ","Lower middle income",1999,0.0751,142
TZA,tz,"Tanzania","Sub-Saharan Africa ","Lower middle income",2000,0.11719444010825,155
TZA,tz,"Tanzania","Sub-Saharan Africa ","Lower middle income",2001,0.171300350668948,155
TZA,tz,"Tanzania","Sub-Saharan Africa ","Lower middle income",2002,0.222484413923909,162
TZA,tz,"Tanzania","Sub-Saharan Africa ","Lower middle income",2003,0.676962856510303,141
TZA,tz,"Tanzania","Sub-Saharan Africa ","Lower middle income",2004,0.87757497099259,147
TZA,tz,"Tanzania","Sub-Saharan Africa ","Lower middle income",2005,1.100000024,149
TZA,tz,"Tanzania","Sub-Saharan Africa ","Lower middle income",2006,1.299999952,155
TZA,tz,"Tanzania","Sub-Saharan Africa ","Lower middle income",2007,1.6,154
TZA,tz,"Tanzania","Sub-Saharan Africa ","Lower middle income",2008,1.899999976,150
TZA,tz,"Tanzania","Sub-Saharan Africa ","Lower middle income",2009,2.400000095,147
TZA,tz,"Tanzania","Sub-Saharan Africa ","Lower middle income",2010,2.900000095,142
TZA,tz,"Tanzania","Sub-Saharan Africa ","Lower middle income",2011,3.200000048,146
TZA,tz,"Tanzania","Sub-Saharan Africa ","Lower middle income",2012,3.950000048,161
TZA,tz,"Tanzania","Sub-Saharan Africa ","Lower middle income",2013,4.400000095,158
TZA,tz,"Tanzania","Sub-Saharan Africa ","Lower middle income",2014,7,154
TZA,tz,"Tanzania","Sub-Saharan Africa ","Lower middle income",2015,10,154
TZA,tz,"Tanzania","Sub-Saharan Africa ","Lower middle income",2016,13.5042328468919,157
TZA,tz,"Tanzania","Sub-Saharan Africa ","Lower middle income",2017,14.46339989,161
TZA,tz,"Tanzania","Sub-Saharan Africa ","Lower middle income",2018,15.49069977,158
TZA,tz,"Tanzania","Sub-Saharan Africa ","Lower middle income",2019,16.59090042,163
TZA,tz,"Tanzania","Sub-Saharan Africa ","Lower middle income",2020,19.48139954,162
TZA,tz,"Tanzania","Sub-Saharan Africa ","Lower middle income",2021,22.87540054,160
TZA,tz,"Tanzania","Sub-Saharan Africa ","Lower middle income",2022,26.86059952,163
TZA,tz,"Tanzania","Sub-Saharan Africa ","Lower middle income",2023,28.43190002,163
SOM,so,"Somalia, Fed. Rep.","Sub-Saharan Africa ","Low income",1990,0,20
SOM,so,"Somalia, Fed. Rep.","Sub-Saharan Africa ","Low income",1991,,
SOM,so,"Somalia, Fed. Rep.","Sub-Saharan Africa ","Low income",1992,,
SOM,so,"Somalia, Fed. Rep.","Sub-Saharan Africa ","Low income",1993,,
SOM,so,"Somalia, Fed. Rep.","Sub-Saharan Africa ","Low income",1994,,
SOM,so,"Somalia, Fed. Rep.","Sub-Saharan Africa ","Low income",1995,0,115
SOM,so,"Somalia, Fed. Rep.","Sub-Saharan Africa ","Low income",1996,0.00151,145
SOM,so,"Somalia, Fed. Rep.","Sub-Saharan Africa ","Low income",1997,0.00295,152
SOM,so,"Somalia, Fed. Rep.","Sub-Saharan Africa ","Low income",1998,0.00716,153
SOM,so,"Somalia, Fed. Rep.","Sub-Saharan Africa ","Low income",1999,0.0139,162
SOM,so,"Somalia, Fed. Rep.","Sub-Saharan Africa ","Low income",2000,0.02,172
SOM,so,"Somalia, Fed. Rep.","Sub-Saharan Africa ","Low income",2001,0.0790391786670095,167
SOM,so,"Somalia, Fed. Rep.","Sub-Saharan Africa ","Low income",2002,0.115614213354469,172
SOM,so,"Somalia, Fed. Rep.","Sub-Saharan Africa ","Low income",2003,0.376198002539086,155
SOM,so,"Somalia, Fed. Rep.","Sub-Saharan Africa ","Low income",2004,1.05345474358422,144
SOM,so,"Somalia, Fed. Rep.","Sub-Saharan Africa ","Low income",2005,1.077299953,150
SOM,so,"Somalia, Fed. Rep.","Sub-Saharan Africa ","Low income",2006,1.100200057,160
SOM,so,"Somalia, Fed. Rep.","Sub-Saharan Africa ","Low income",2007,1.122200012,158
SOM,so,"Somalia, Fed. Rep.","Sub-Saharan Africa ","Low income",2008,1.142699957,161
SOM,so,"Somalia, Fed. Rep.","Sub-Saharan Africa ","Low income",2009,1.160599947,159
SOM,so,"Somalia, Fed. Rep.","Sub-Saharan Africa ","Low income",2010,,
SOM,so,"Somalia, Fed. Rep.","Sub-Saharan Africa ","Low income",2011,1.25,156
SOM,so,"Somalia, Fed. Rep.","Sub-Saharan Africa ","Low income",2012,1.376700044,174
SOM,so,"Somalia, Fed. Rep.","Sub-Saharan Africa ","Low income",2013,1.5,166
SOM,so,"Somalia, Fed. Rep.","Sub-Saharan Africa ","Low income",2014,1.629999995,169
SOM,so,"Somalia, Fed. Rep.","Sub-Saharan Africa ","Low income",2015,1.75999999,175
SOM,so,"Somalia, Fed. Rep.","Sub-Saharan Africa ","Low income",2016,1.879999995,177
SOM,so,"Somalia, Fed. Rep.","Sub-Saharan Africa ","Low income",2017,,
SOM,so,"Somalia, Fed. Rep.","Sub-Saharan Africa ","Low income",2018,,
SOM,so,"Somalia, Fed. Rep.","Sub-Saharan Africa ","Low income",2019,2.731400013,180
SOM,so,"Somalia, Fed. Rep.","Sub-Saharan Africa ","Low income",2020,15.02369976,166
SOM,so,"Somalia, Fed. Rep.","Sub-Saharan Africa ","Low income",2021,23.87479973,158
SOM,so,"Somalia, Fed. Rep.","Sub-Saharan Africa ","Low income",2022,27.6,162
SOM,so,"Somalia, Fed. Rep.","Sub-Saharan Africa ","Low income",2023,26.12010002,164
BFA,bf,"Burkina Faso","Sub-Saharan Africa ","Low income",1990,0,20
BFA,bf,"Burkina Faso","Sub-Saharan Africa ","Low income",1991,,
BFA,bf,"Burkina Faso","Sub-Saharan Africa ","Low income",1992,,
BFA,bf,"Burkina Faso","Sub-Saharan Africa ","Low income",1993,,
BFA,bf,"Burkina Faso","Sub-Saharan Africa ","Low income",1994,,
BFA,bf,"Burkina Faso","Sub-Saharan Africa ","Low income",1995,,
BFA,bf,"Burkina Faso","Sub-Saharan Africa ","Low income",1996,0.000961,147
BFA,bf,"Burkina Faso","Sub-Saharan Africa ","Low income",1997,0.0187,129
BFA,bf,"Burkina Faso","Sub-Saharan Africa ","Low income",1998,0.0454,129
BFA,bf,"Burkina Faso","Sub-Saharan Africa ","Low income",1999,0.0618,146
BFA,bf,"Burkina Faso","Sub-Saharan Africa ","Low income",2000,0.0770801689426014,162
BFA,bf,"Burkina Faso","Sub-Saharan Africa ","Low income",2001,0.157732464653607,160
BFA,bf,"Burkina Faso","Sub-Saharan Africa ","Low income",2002,0.200992597925001,164
BFA,bf,"Burkina Faso","Sub-Saharan Africa ","Low income",2003,0.373440303233526,156
BFA,bf,"Burkina Faso","Sub-Saharan Africa ","Low income",2004,0.400295285492178,161
BFA,bf,"Burkina Faso","Sub-Saharan Africa ","Low income",2005,0.469900012,165
BFA,bf,"Burkina Faso","Sub-Saharan Africa ","Low income",2006,0.632700026,168
BFA,bf,"Burkina Faso","Sub-Saharan Africa ","Low income",2007,0.75,165
BFA,bf,"Burkina Faso","Sub-Saharan Africa ","Low income",2008,0.920000017,163
BFA,bf,"Burkina Faso","Sub-Saharan Africa ","Low income",2009,1.129999995,160
BFA,bf,"Burkina Faso","Sub-Saharan Africa ","Low income",2010,2.400000095,147
BFA,bf,"Burkina Faso","Sub-Saharan Africa ","Low income",2011,3,148
BFA,bf,"Burkina Faso","Sub-Saharan Africa ","Low income",2012,3.724999905,162
BFA,bf,"Burkina Faso","Sub-Saharan Africa ","Low income",2013,5,153
BFA,bf,"Burkina Faso","Sub-Saharan Africa ","Low income",2014,6,159
BFA,bf,"Burkina Faso","Sub-Saharan Africa ","Low income",2015,6.545700073,162
BFA,bf,"Burkina Faso","Sub-Saharan Africa ","Low income",2016,7.140999794,168
BFA,bf,"Burkina Faso","Sub-Saharan Africa ","Low income",2017,7.790400028,171
BFA,bf,"Burkina Faso","Sub-Saharan Africa ","Low income",2018,8.498900414,168
BFA,bf,"Burkina Faso","Sub-Saharan Africa ","Low income",2019,9.27180600953186,176
BFA,bf,"Burkina Faso","Sub-Saharan Africa ","Low income",2020,12.97319984,172
BFA,bf,"Burkina Faso","Sub-Saharan Africa ","Low income",2021,18.1522007,162
BFA,bf,"Burkina Faso","Sub-Saharan Africa ","Low income",2022,25.3987999,164
BFA,bf,"Burkina Faso","Sub-Saharan Africa ","Low income",2023,25.36120033,165
SLE,sl,"Sierra Leone","Sub-Saharan Africa ","Low income",1990,0,20
SLE,sl,"Sierra Leone","Sub-Saharan Africa ","Low income",1991,,
SLE,sl,"Sierra Leone","Sub-Saharan Africa ","Low income",1992,,
SLE,sl,"Sierra Leone","Sub-Saharan Africa ","Low income",1993,0,53
SLE,sl,"Sierra Leone","Sub-Saharan Africa ","Low income",1994,0,75
SLE,sl,"Sierra Leone","Sub-Saharan Africa ","Low income",1995,0,115
SLE,sl,"Sierra Leone","Sub-Saharan Africa ","Low income",1996,0.00251,137
SLE,sl,"Sierra Leone","Sub-Saharan Africa ","Low income",1997,0.00499,144
SLE,sl,"Sierra Leone","Sub-Saharan Africa ","Low income",1998,0.0148,146
SLE,sl,"Sierra Leone","Sub-Saharan Africa ","Low income",1999,0.0485,151
SLE,sl,"Sierra Leone","Sub-Saharan Africa ","Low income",2000,0.118254245682183,154
SLE,sl,"Sierra Leone","Sub-Saharan Africa ","Low income",2001,0.160264445493032,158
SLE,sl,"Sierra Leone","Sub-Saharan Africa ","Low income",2002,0.176198956814076,165
SLE,sl,"Sierra Leone","Sub-Saharan Africa ","Low income",2003,0.190173281668183,165
SLE,sl,"Sierra Leone","Sub-Saharan Africa ","Low income",2004,0.203007680592588,168
SLE,sl,"Sierra Leone","Sub-Saharan Africa ","Low income",2005,0.215399995,175
SLE,sl,"Sierra Leone","Sub-Saharan Africa ","Low income",2006,0.227699995,178
SLE,sl,"Sierra Leone","Sub-Saharan Africa ","Low income",2007,0.239800006,174
SLE,sl,"Sierra Leone","Sub-Saharan Africa ","Low income",2008,0.25,171
SLE,sl,"Sierra Leone","Sub-Saharan Africa ","Low income",2009,0.25999999,169
SLE,sl,"Sierra Leone","Sub-Saharan Africa ","Low income",2010,0.579999983,158
SLE,sl,"Sierra Leone","Sub-Saharan Africa ","Low income",2011,0.899999976,161
SLE,sl,"Sierra Leone","Sub-Saharan Africa ","Low income",2012,2.5,169
SLE,sl,"Sierra Leone","Sub-Saharan Africa ","Low income",2013,4,159
SLE,sl,"Sierra Leone","Sub-Saharan Africa ","Low income",2014,6.057300091,158
SLE,sl,"Sierra Leone","Sub-Saharan Africa ","Low income",2015,6.344399929,165
SLE,sl,"Sierra Leone","Sub-Saharan Africa ","Low income",2016,7.680099964,167
SLE,sl,"Sierra Leone","Sub-Saharan Africa ","Low income",2017,9.297100067,167
SLE,sl,"Sierra Leone","Sub-Saharan Africa ","Low income",2018,14.42230034,159
SLE,sl,"Sierra Leone","Sub-Saharan Africa ","Low income",2019,15.71370029,167
SLE,sl,"Sierra Leone","Sub-Saharan Africa ","Low income",2020,17.12080002,163
SLE,sl,"Sierra Leone","Sub-Saharan Africa ","Low income",2021,18.65390015,161
SLE,sl,"Sierra Leone","Sub-Saharan Africa ","Low income",2022,21.50880051,165
SLE,sl,"Sierra Leone","Sub-Saharan Africa ","Low income",2023,23.71360016,166
ETH,et,"Ethiopia","Sub-Saharan Africa ","Low income",1990,0,20
ETH,et,"Ethiopia","Sub-Saharan Africa ","Low income",1991,,
ETH,et,"Ethiopia","Sub-Saharan Africa ","Low income",1992,,
ETH,et,"Ethiopia","Sub-Saharan Africa ","Low income",1993,,
ETH,et,"Ethiopia","Sub-Saharan Africa ","Low income",1994,,
ETH,et,"Ethiopia","Sub-Saharan Africa ","Low income",1995,0.0000175,114
ETH,et,"Ethiopia","Sub-Saharan Africa ","Low income",1996,0.0017,142
ETH,et,"Ethiopia","Sub-Saharan Africa ","Low income",1997,0.00497,145
ETH,et,"Ethiopia","Sub-Saharan Africa ","Low income",1998,0.00966,151
ETH,et,"Ethiopia","Sub-Saharan Africa ","Low income",1999,0.0125,163
ETH,et,"Ethiopia","Sub-Saharan Africa ","Low income",2000,0.0152637672082567,174
ETH,et,"Ethiopia","Sub-Saharan Africa ","Low income",2001,0.0371623810686744,172
ETH,et,"Ethiopia","Sub-Saharan Africa ","Low income",2002,0.0724022618698295,174
ETH,et,"Ethiopia","Sub-Saharan Africa ","Low income",2003,0.105811658802603,170
ETH,et,"Ethiopia","Sub-Saharan Africa ","Low income",2004,0.155334520794722,172
ETH,et,"Ethiopia","Sub-Saharan Africa ","Low income",2005,0.219659818999505,174
ETH,et,"Ethiopia","Sub-Saharan Africa ","Low income",2006,0.310592656856176,175
ETH,et,"Ethiopia","Sub-Saharan Africa ","Low income",2007,0.37,173
ETH,et,"Ethiopia","Sub-Saharan Africa ","Low income",2008,0.449999988,169
ETH,et,"Ethiopia","Sub-Saharan Africa ","Low income",2009,0.540000021,167
ETH,et,"Ethiopia","Sub-Saharan Africa ","Low income",2010,0.75,156
ETH,et,"Ethiopia","Sub-Saharan Africa ","Low income",2011,1.100000024,159
ETH,et,"Ethiopia","Sub-Saharan Africa ","Low income",2012,2.900000095,165
ETH,et,"Ethiopia","Sub-Saharan Africa ","Low income",2013,4.599999905,156
ETH,et,"Ethiopia","Sub-Saharan Africa ","Low income",2014,7.699999809,152
ETH,et,"Ethiopia","Sub-Saharan Africa ","Low income",2015,13.8551755555556,148
ETH,et,"Ethiopia","Sub-Saharan Africa ","Low income",2016,15.3669238595896,152
ETH,et,"Ethiopia","Sub-Saharan Africa ","Low income",2017,15.62440014,158
ETH,et,"Ethiopia","Sub-Saharan Africa ","Low income",2018,15.88619995,155
ETH,et,"Ethiopia","Sub-Saharan Africa ","Low income",2019,15.98460007,166
ETH,et,"Ethiopia","Sub-Saharan Africa ","Low income",2020,16.06959915,165
ETH,et,"Ethiopia","Sub-Saharan Africa ","Low income",2021,16.6981031,163
ETH,et,"Ethiopia","Sub-Saharan Africa ","Low income",2022,17.9836998,169
ETH,et,"Ethiopia","Sub-Saharan Africa ","Low income",2023,20.33749962,167
MOZ,mz,"Mozambique","Sub-Saharan Africa ","Low income",1990,0,20
MOZ,mz,"Mozambique","Sub-Saharan Africa ","Low income",1991,,
MOZ,mz,"Mozambique","Sub-Saharan Africa ","Low income",1992,,
MOZ,mz,"Mozambique","Sub-Saharan Africa ","Low income",1993,,
MOZ,mz,"Mozambique","Sub-Saharan Africa ","Low income",1994,,
MOZ,mz,"Mozambique","Sub-Saharan Africa ","Low income",1995,,
MOZ,mz,"Mozambique","Sub-Saharan Africa ","Low income",1996,0.00304,135
MOZ,mz,"Mozambique","Sub-Saharan Africa ","Low income",1997,0.0118,133
MOZ,mz,"Mozambique","Sub-Saharan Africa ","Low income",1998,0.0202,140
MOZ,mz,"Mozambique","Sub-Saharan Africa ","Low income",1999,0.0563,149
MOZ,mz,"Mozambique","Sub-Saharan Africa ","Low income",2000,0.109592530041641,158
MOZ,mz,"Mozambique","Sub-Saharan Africa ","Low income",2001,0.160031946644069,159
MOZ,mz,"Mozambique","Sub-Saharan Africa ","Low income",2002,0.259612611253739,159
MOZ,mz,"Mozambique","Sub-Saharan Africa ","Low income",2003,0.419538843913707,153
MOZ,mz,"Mozambique","Sub-Saharan Africa ","Low income",2004,0.679447835392438,152
MOZ,mz,"Mozambique","Sub-Saharan Africa ","Low income",2005,0.854399979,154
MOZ,mz,"Mozambique","Sub-Saharan Africa ","Low income",2006,0.842954488044236,164
MOZ,mz,"Mozambique","Sub-Saharan Africa ","Low income",2007,0.91,161
MOZ,mz,"Mozambique","Sub-Saharan Africa ","Low income",2008,1.56,158
MOZ,mz,"Mozambique","Sub-Saharan Africa ","Low income",2009,2.68,144
MOZ,mz,"Mozambique","Sub-Saharan Africa ","Low income",2010,4.17,136
MOZ,mz,"Mozambique","Sub-Saharan Africa ","Low income",2011,4.599999905,141
MOZ,mz,"Mozambique","Sub-Saharan Africa ","Low income",2012,5,153
MOZ,mz,"Mozambique","Sub-Saharan Africa ","Low income",2013,5.5,150
MOZ,mz,"Mozambique","Sub-Saharan Africa ","Low income",2014,6,159
MOZ,mz,"Mozambique","Sub-Saharan Africa ","Low income",2015,6.5,163
MOZ,mz,"Mozambique","Sub-Saharan Africa ","Low income",2016,7,169
MOZ,mz,"Mozambique","Sub-Saharan Africa ","Low income",2017,7.7963266079129,170
MOZ,mz,"Mozambique","Sub-Saharan Africa ","Low income",2018,10.89999962,164
MOZ,mz,"Mozambique","Sub-Saharan Africa ","Low income",2019,12.47929955,171
MOZ,mz,"Mozambique","Sub-Saharan Africa ","Low income",2020,14.28740025,170
MOZ,mz,"Mozambique","Sub-Saharan Africa ","Low income",2021,16.35759926,166
MOZ,mz,"Mozambique","Sub-Saharan Africa ","Low income",2022,18.96220016,166
MOZ,mz,"Mozambique","Sub-Saharan Africa ","Low income",2023,19.94560051,168
COD,cd,"Congo, Dem. Rep.","Sub-Saharan Africa ","Low income",1990,0,20
COD,cd,"Congo, Dem. Rep.","Sub-Saharan Africa ","Low income",1991,,
COD,cd,"Congo, Dem. Rep.","Sub-Saharan Africa ","Low income",1992,,
COD,cd,"Congo, Dem. Rep.","Sub-Saharan Africa ","Low income",1993,,
COD,cd,"Congo, Dem. Rep.","Sub-Saharan Africa ","Low income",1994,,
COD,cd,"Congo, Dem. Rep.","Sub-Saharan Africa ","Low income",1995,,
COD,cd,"Congo, Dem. Rep.","Sub-Saharan Africa ","Low income",1996,0.000108,152
COD,cd,"Congo, Dem. Rep.","Sub-Saharan Africa ","Low income",1997,0.000211,157
COD,cd,"Congo, Dem. Rep.","Sub-Saharan Africa ","Low income",1998,0.000413,160
COD,cd,"Congo, Dem. Rep.","Sub-Saharan Africa ","Low income",1999,0.00101,166
COD,cd,"Congo, Dem. Rep.","Sub-Saharan Africa ","Low income",2000,0.0059021136806903,175
COD,cd,"Congo, Dem. Rep.","Sub-Saharan Africa ","Low income",2001,0.0114757819210493,175
COD,cd,"Congo, Dem. Rep.","Sub-Saharan Africa ","Low income",2002,0.0927907024606925,173
COD,cd,"Congo, Dem. Rep.","Sub-Saharan Africa ","Low income",2003,0.134914837437335,169
COD,cd,"Congo, Dem. Rep.","Sub-Saharan Africa ","Low income",2004,0.196208375178039,170
COD,cd,"Congo, Dem. Rep.","Sub-Saharan Africa ","Low income",2005,0.238000005,172
COD,cd,"Congo, Dem. Rep.","Sub-Saharan Africa ","Low income",2006,0.296099991,176
COD,cd,"Congo, Dem. Rep.","Sub-Saharan Africa ","Low income",2007,0.370000005,172
COD,cd,"Congo, Dem. Rep.","Sub-Saharan Africa ","Low income",2008,0.439999998,170
COD,cd,"Congo, Dem. Rep.","Sub-Saharan Africa ","Low income",2009,0.560000002,166
COD,cd,"Congo, Dem. Rep.","Sub-Saharan Africa ","Low income",2010,0.72,157
COD,cd,"Congo, Dem. Rep.","Sub-Saharan Africa ","Low income",2011,1.200000048,157
COD,cd,"Congo, Dem. Rep.","Sub-Saharan Africa ","Low income",2012,1.679999948,173
COD,cd,"Congo, Dem. Rep.","Sub-Saharan Africa ","Low income",2013,2.200000048,165
COD,cd,"Congo, Dem. Rep.","Sub-Saharan Africa ","Low income",2014,3,166
COD,cd,"Congo, Dem. Rep.","Sub-Saharan Africa ","Low income",2015,3.799999952,170
COD,cd,"Congo, Dem. Rep.","Sub-Saharan Africa ","Low income",2016,10.1,163
COD,cd,"Congo, Dem. Rep.","Sub-Saharan Africa ","Low income",2017,,
COD,cd,"Congo, Dem. Rep.","Sub-Saharan Africa ","Low income",2018,11.69999981,163
COD,cd,"Congo, Dem. Rep.","Sub-Saharan Africa ","Low income",2019,13.02970028,170
COD,cd,"Congo, Dem. Rep.","Sub-Saharan Africa ","Low income",2020,14.51049995,169
COD,cd,"Congo, Dem. Rep.","Sub-Saharan Africa ","Low income",2021,16.1595993,167
COD,cd,"Congo, Dem. Rep.","Sub-Saharan Africa ","Low income",2022,17.99620056,168
COD,cd,"Congo, Dem. Rep.","Sub-Saharan Africa ","Low income",2023,18.96789932,169
PNG,pg,"Papua New Guinea","East Asia & Pacific","Lower middle income",1990,0,20
PNG,pg,"Papua New Guinea","East Asia & Pacific","Lower middle income",1991,,
PNG,pg,"Papua New Guinea","East Asia & Pacific","Lower middle income",1992,,
PNG,pg,"Papua New Guinea","East Asia & Pacific","Lower middle income",1993,,
PNG,pg,"Papua New Guinea","East Asia & Pacific","Lower middle income",1994,,
PNG,pg,"Papua New Guinea","East Asia & Pacific","Lower middle income",1995,,
PNG,pg,"Papua New Guinea","East Asia & Pacific","Lower middle income",1996,0.00207,138
PNG,pg,"Papua New Guinea","East Asia & Pacific","Lower middle income",1997,0.101,99
PNG,pg,"Papua New Guinea","East Asia & Pacific","Lower middle income",1998,0.235,97
PNG,pg,"Papua New Guinea","East Asia & Pacific","Lower middle income",1999,0.667,96
PNG,pg,"Papua New Guinea","East Asia & Pacific","Lower middle income",2000,0.835249302427624,114
PNG,pg,"Papua New Guinea","East Asia & Pacific","Lower middle income",2001,0.904103545170821,123
PNG,pg,"Papua New Guinea","East Asia & Pacific","Lower middle income",2002,1.3216569348661,129
PNG,pg,"Papua New Guinea","East Asia & Pacific","Lower middle income",2003,1.37440466802801,132
PNG,pg,"Papua New Guinea","East Asia & Pacific","Lower middle income",2004,1.5079127722725,136
PNG,pg,"Papua New Guinea","East Asia & Pacific","Lower middle income",2005,1.71619047556782,141
PNG,pg,"Papua New Guinea","East Asia & Pacific","Lower middle income",2006,1.754487260668,149
PNG,pg,"Papua New Guinea","East Asia & Pacific","Lower middle income",2007,1.790599942,149
PNG,pg,"Papua New Guinea","East Asia & Pacific","Lower middle income",2008,1.15,160
PNG,pg,"Papua New Guinea","East Asia & Pacific","Lower middle income",2009,1.61,157
PNG,pg,"Papua New Guinea","East Asia & Pacific","Lower middle income",2010,1.28,152
PNG,pg,"Papua New Guinea","East Asia & Pacific","Lower middle income",2011,2,154
PNG,pg,"Papua New Guinea","East Asia & Pacific","Lower middle income",2012,3.5,163
PNG,pg,"Papua New Guinea","East Asia & Pacific","Lower middle income",2013,5.099999905,151
PNG,pg,"Papua New Guinea","East Asia & Pacific","Lower middle income",2014,6.5,156
PNG,pg,"Papua New Guinea","East Asia & Pacific","Lower middle income",2015,7.900000095,158
PNG,pg,"Papua New Guinea","East Asia & Pacific","Lower middle income",2016,9.601499557,164
PNG,pg,"Papua New Guinea","East Asia & Pacific","Lower middle income",2017,11.20919991,165
PNG,pg,"Papua New Guinea","East Asia & Pacific","Lower middle income",2018,12.35789967,161
PNG,pg,"Papua New Guinea","East Asia & Pacific","Lower middle income",2019,13.62419987,169
PNG,pg,"Papua New Guinea","East Asia & Pacific","Lower middle income",2020,15.02040005,167
PNG,pg,"Papua New Guinea","East Asia & Pacific","Lower middle income",2021,16.55960083,164
PNG,pg,"Papua New Guinea","East Asia & Pacific","Lower middle income",2022,18.25659943,167
PNG,pg,"Papua New Guinea","East Asia & Pacific","Lower middle income",2023,18.56130028,170
MDG,mg,"Madagascar","Sub-Saharan Africa ","Low income",1990,0,20
MDG,mg,"Madagascar","Sub-Saharan Africa ","Low income",1991,,
MDG,mg,"Madagascar","Sub-Saharan Africa ","Low income",1992,,
MDG,mg,"Madagascar","Sub-Saharan Africa ","Low income",1993,,
MDG,mg,"Madagascar","Sub-Saharan Africa ","Low income",1994,,
MDG,mg,"Madagascar","Sub-Saharan Africa ","Low income",1995,,
MDG,mg,"Madagascar","Sub-Saharan Africa ","Low income",1996,0.0037,133
MDG,mg,"Madagascar","Sub-Saharan Africa ","Low income",1997,0.0143,132
MDG,mg,"Madagascar","Sub-Saharan Africa ","Low income",1998,0.0626,125
MDG,mg,"Madagascar","Sub-Saharan Africa ","Low income",1999,0.169,125
MDG,mg,"Madagascar","Sub-Saharan Africa ","Low income",2000,0.196394691006341,143
MDG,mg,"Madagascar","Sub-Saharan Africa ","Low income",2001,0.222511586178292,150
MDG,mg,"Madagascar","Sub-Saharan Africa ","Low income",2002,0.339720154596142,152
MDG,mg,"Madagascar","Sub-Saharan Africa ","Low income",2003,0.423252419277809,152
MDG,mg,"Madagascar","Sub-Saharan Africa ","Low income",2004,0.525353654946669,154
MDG,mg,"Madagascar","Sub-Saharan Africa ","Low income",2005,0.567700028,159
MDG,mg,"Madagascar","Sub-Saharan Africa ","Low income",2006,0.607599974,169
MDG,mg,"Madagascar","Sub-Saharan Africa ","Low income",2007,0.649999976,167
MDG,mg,"Madagascar","Sub-Saharan Africa ","Low income",2008,1.649999976,156
MDG,mg,"Madagascar","Sub-Saharan Africa ","Low income",2009,1.629999995,156
MDG,mg,"Madagascar","Sub-Saharan Africa ","Low income",2010,1.700000048,151
MDG,mg,"Madagascar","Sub-Saharan Africa ","Low income",2011,1.899999976,155
MDG,mg,"Madagascar","Sub-Saharan Africa ","Low income",2012,2.299999952,171
MDG,mg,"Madagascar","Sub-Saharan Africa ","Low income",2013,3,163
MDG,mg,"Madagascar","Sub-Saharan Africa ","Low income",2014,3.700000048,164
MDG,mg,"Madagascar","Sub-Saharan Africa ","Low income",2015,4.173999786,169
MDG,mg,"Madagascar","Sub-Saharan Africa ","Low income",2016,4.713699818,173
MDG,mg,"Madagascar","Sub-Saharan Africa ","Low income",2017,6.406000137,174
MDG,mg,"Madagascar","Sub-Saharan Africa ","Low income",2018,7.747799873,169
MDG,mg,"Madagascar","Sub-Saharan Africa ","Low income",2019,9.379400253,175
MDG,mg,"Madagascar","Sub-Saharan Africa ","Low income",2020,11.35470009,174
MDG,mg,"Madagascar","Sub-Saharan Africa ","Low income",2021,13.74590015,170
MDG,mg,"Madagascar","Sub-Saharan Africa ","Low income",2022,17.81170082,170
MDG,mg,"Madagascar","Sub-Saharan Africa ","Low income",2023,18.24080086,171
MWI,mw,"Malawi","Sub-Saharan Africa ","Low income",1990,0,20
MWI,mw,"Malawi","Sub-Saharan Africa ","Low income",1991,,
MWI,mw,"Malawi","Sub-Saharan Africa ","Low income",1992,,
MWI,mw,"Malawi","Sub-Saharan Africa ","Low income",1993,,
MWI,mw,"Malawi","Sub-Saharan Africa ","Low income",1994,,
MWI,mw,"Malawi","Sub-Saharan Africa ","Low income",1995,,
MWI,mw,"Malawi","Sub-Saharan Africa ","Low income",1996,,
MWI,mw,"Malawi","Sub-Saharan Africa ","Low income",1997,0.00467,146
MWI,mw,"Malawi","Sub-Saharan Africa ","Low income",1998,0.0181,143
MWI,mw,"Malawi","Sub-Saharan Africa ","Low income",1999,0.0873,140
MWI,mw,"Malawi","Sub-Saharan Africa ","Low income",2000,0.126780944756387,153
MWI,mw,"Malawi","Sub-Saharan Africa ","Low income",2001,0.164020725330811,157
MWI,mw,"Malawi","Sub-Saharan Africa ","Low income",2002,0.21509472652259,163
MWI,mw,"Malawi","Sub-Saharan Africa ","Low income",2003,0.278815116302304,162
MWI,mw,"Malawi","Sub-Saharan Africa ","Low income",2004,0.347505334967577,165
MWI,mw,"Malawi","Sub-Saharan Africa ","Low income",2005,0.384499997,167
MWI,mw,"Malawi","Sub-Saharan Africa ","Low income",2006,0.425099999,173
MWI,mw,"Malawi","Sub-Saharan Africa ","Low income",2007,0.965864736553132,159
MWI,mw,"Malawi","Sub-Saharan Africa ","Low income",2008,0.7,166
MWI,mw,"Malawi","Sub-Saharan Africa ","Low income",2009,1.07,161
MWI,mw,"Malawi","Sub-Saharan Africa ","Low income",2010,2.26,149
MWI,mw,"Malawi","Sub-Saharan Africa ","Low income",2011,3.33,145
MWI,mw,"Malawi","Sub-Saharan Africa ","Low income",2012,4.350599766,158
MWI,mw,"Malawi","Sub-Saharan Africa ","Low income",2013,5.050000191,152
MWI,mw,"Malawi","Sub-Saharan Africa ","Low income",2014,5.829999924,160
MWI,mw,"Malawi","Sub-Saharan Africa ","Low income",2015,6,167
MWI,mw,"Malawi","Sub-Saharan Africa ","Low income",2016,6.300000191,170
MWI,mw,"Malawi","Sub-Saharan Africa ","Low income",2017,7,173
MWI,mw,"Malawi","Sub-Saharan Africa ","Low income",2018,8.798299789,167
MWI,mw,"Malawi","Sub-Saharan Africa ","Low income",2019,11.05860043,174
MWI,mw,"Malawi","Sub-Saharan Africa ","Low income",2020,13.89949989,171
MWI,mw,"Malawi","Sub-Saharan Africa ","Low income",2021,15.30300045,168
MWI,mw,"Malawi","Sub-Saharan Africa ","Low income",2022,16.84830093,171
MWI,mw,"Malawi","Sub-Saharan Africa ","Low income",2023,17.98810346,172
ZMB,zm,"Zambia","Sub-Saharan Africa ","Lower middle income",1990,0,20
ZMB,zm,"Zambia","Sub-Saharan Africa ","Lower middle income",1991,,
ZMB,zm,"Zambia","Sub-Saharan Africa ","Lower middle income",1992,,
ZMB,zm,"Zambia","Sub-Saharan Africa ","Lower middle income",1993,,
ZMB,zm,"Zambia","Sub-Saharan Africa ","Lower middle income",1994,0.00678,60
ZMB,zm,"Zambia","Sub-Saharan Africa ","Lower middle income",1995,0.00878,91
ZMB,zm,"Zambia","Sub-Saharan Africa ","Lower middle income",1996,0.00907,119
ZMB,zm,"Zambia","Sub-Saharan Africa ","Lower middle income",1997,0.00933,137
ZMB,zm,"Zambia","Sub-Saharan Africa ","Lower middle income",1998,0.0302,134
ZMB,zm,"Zambia","Sub-Saharan Africa ","Lower middle income",1999,0.147,129
ZMB,zm,"Zambia","Sub-Saharan Africa ","Lower middle income",2000,0.191071642503428,146
ZMB,zm,"Zambia","Sub-Saharan Africa ","Lower middle income",2001,0.233129556342332,149
ZMB,zm,"Zambia","Sub-Saharan Africa ","Lower middle income",2002,0.477750906947484,146
ZMB,zm,"Zambia","Sub-Saharan Africa ","Lower middle income",2003,0.980483039426114,136
ZMB,zm,"Zambia","Sub-Saharan Africa ","Lower middle income",2004,1.1,142
ZMB,zm,"Zambia","Sub-Saharan Africa ","Lower middle income",2005,1.299999952,144
ZMB,zm,"Zambia","Sub-Saharan Africa ","Lower middle income",2006,1.600000024,151
ZMB,zm,"Zambia","Sub-Saharan Africa ","Lower middle income",2007,1.899999976,147
ZMB,zm,"Zambia","Sub-Saharan Africa ","Lower middle income",2008,2.200000048,149
ZMB,zm,"Zambia","Sub-Saharan Africa ","Lower middle income",2009,2.5,146
ZMB,zm,"Zambia","Sub-Saharan Africa ","Lower middle income",2010,3,141
ZMB,zm,"Zambia","Sub-Saharan Africa ","Lower middle income",2011,3.5,144
ZMB,zm,"Zambia","Sub-Saharan Africa ","Lower middle income",2012,4.099999905,159
ZMB,zm,"Zambia","Sub-Saharan Africa ","Lower middle income",2013,4.8,155
ZMB,zm,"Zambia","Sub-Saharan Africa ","Lower middle income",2014,6.5,156
ZMB,zm,"Zambia","Sub-Saharan Africa ","Lower middle income",2015,8.8,156
ZMB,zm,"Zambia","Sub-Saharan Africa ","Lower middle income",2016,10.30000019,162
ZMB,zm,"Zambia","Sub-Saharan Africa ","Lower middle income",2017,12.19999981,164
ZMB,zm,"Zambia","Sub-Saharan Africa ","Lower middle income",2018,14.2999970950012,160
ZMB,zm,"Zambia","Sub-Saharan Africa ","Lower middle income",2019,14.47189999,168
ZMB,zm,"Zambia","Sub-Saharan Africa ","Lower middle income",2020,14.64579964,168
ZMB,zm,"Zambia","Sub-Saharan Africa ","Lower middle income",2021,14.82190037,169
ZMB,zm,"Zambia","Sub-Saharan Africa ","Lower middle income",2022,15,173
ZMB,zm,"Zambia","Sub-Saharan Africa ","Lower middle income",2023,16.45070076,173
AFG,af,"Afghanistan","Middle East, North Africa, Afghanistan & Pakistan","Low income",1990,0,20
AFG,af,"Afghanistan","Middle East, North Africa, Afghanistan & Pakistan","Low income",1991,,
AFG,af,"Afghanistan","Middle East, North Africa, Afghanistan & Pakistan","Low income",1992,,
AFG,af,"Afghanistan","Middle East, North Africa, Afghanistan & Pakistan","Low income",1993,,
AFG,af,"Afghanistan","Middle East, North Africa, Afghanistan & Pakistan","Low income",1994,,
AFG,af,"Afghanistan","Middle East, North Africa, Afghanistan & Pakistan","Low income",1995,,
AFG,af,"Afghanistan","Middle East, North Africa, Afghanistan & Pakistan","Low income",1996,,
AFG,af,"Afghanistan","Middle East, North Africa, Afghanistan & Pakistan","Low income",1997,,
AFG,af,"Afghanistan","Middle East, North Africa, Afghanistan & Pakistan","Low income",1998,,
AFG,af,"Afghanistan","Middle East, North Africa, Afghanistan & Pakistan","Low income",1999,,
AFG,af,"Afghanistan","Middle East, North Africa, Afghanistan & Pakistan","Low income",2000,,
AFG,af,"Afghanistan","Middle East, North Africa, Afghanistan & Pakistan","Low income",2001,0.00472256824217368,176
AFG,af,"Afghanistan","Middle East, North Africa, Afghanistan & Pakistan","Low income",2002,0.00456139517022146,177
AFG,af,"Afghanistan","Middle East, North Africa, Afghanistan & Pakistan","Low income",2003,0.0878912528559713,171
AFG,af,"Afghanistan","Middle East, North Africa, Afghanistan & Pakistan","Low income",2004,0.105809030021958,173
AFG,af,"Afghanistan","Middle East, North Africa, Afghanistan & Pakistan","Low income",2005,1.22414808372471,146
AFG,af,"Afghanistan","Middle East, North Africa, Afghanistan & Pakistan","Low income",2006,2.10712364546412,144
AFG,af,"Afghanistan","Middle East, North Africa, Afghanistan & Pakistan","Low income",2007,1.899999976,147
AFG,af,"Afghanistan","Middle East, North Africa, Afghanistan & Pakistan","Low income",2008,1.84,153
AFG,af,"Afghanistan","Middle East, North Africa, Afghanistan & Pakistan","Low income",2009,3.55,141
AFG,af,"Afghanistan","Middle East, North Africa, Afghanistan & Pakistan","Low income",2010,4,137
AFG,af,"Afghanistan","Middle East, North Africa, Afghanistan & Pakistan","Low income",2011,5,139
AFG,af,"Afghanistan","Middle East, North Africa, Afghanistan & Pakistan","Low income",2012,5.454500198,152
AFG,af,"Afghanistan","Middle East, North Africa, Afghanistan & Pakistan","Low income",2013,5.900000095,149
AFG,af,"Afghanistan","Middle East, North Africa, Afghanistan & Pakistan","Low income",2014,7,154
AFG,af,"Afghanistan","Middle East, North Africa, Afghanistan & Pakistan","Low income",2015,8.260000229,157
AFG,af,"Afghanistan","Middle East, North Africa, Afghanistan & Pakistan","Low income",2016,11,161
AFG,af,"Afghanistan","Middle East, North Africa, Afghanistan & Pakistan","Low income",2017,13.5,162
AFG,af,"Afghanistan","Middle East, North Africa, Afghanistan & Pakistan","Low income",2018,16.79999924,154
AFG,af,"Afghanistan","Middle East, North Africa, Afghanistan & Pakistan","Low income",2019,17.60000038,162
AFG,af,"Afghanistan","Middle East, North Africa, Afghanistan & Pakistan","Low income",2020,17.04850006,164
AFG,af,"Afghanistan","Middle East, North Africa, Afghanistan & Pakistan","Low income",2021,16.51429939,165
AFG,af,"Afghanistan","Middle East, North Africa, Afghanistan & Pakistan","Low income",2022,15.86629963,172
AFG,af,"Afghanistan","Middle East, North Africa, Afghanistan & Pakistan","Low income",2023,15.92840004,174
CAF,cf,"Central African Republic","Sub-Saharan Africa ","Low income",1990,0,20
CAF,cf,"Central African Republic","Sub-Saharan Africa ","Low income",1991,,
CAF,cf,"Central African Republic","Sub-Saharan Africa ","Low income",1992,,
CAF,cf,"Central African Republic","Sub-Saharan Africa ","Low income",1993,,
CAF,cf,"Central African Republic","Sub-Saharan Africa ","Low income",1994,,
CAF,cf,"Central African Republic","Sub-Saharan Africa ","Low income",1995,,
CAF,cf,"Central African Republic","Sub-Saharan Africa ","Low income",1996,0.00585,126
CAF,cf,"Central African Republic","Sub-Saharan Africa ","Low income",1997,0.0143,132
CAF,cf,"Central African Republic","Sub-Saharan Africa ","Low income",1998,0.0279,135
CAF,cf,"Central African Republic","Sub-Saharan Africa ","Low income",1999,0.0409,153
CAF,cf,"Central African Republic","Sub-Saharan Africa ","Low income",2000,0.0533941742150456,166
CAF,cf,"Central African Republic","Sub-Saharan Africa ","Low income",2001,0.0785434278394038,168
CAF,cf,"Central African Republic","Sub-Saharan Africa ","Low income",2002,0.128537116506299,169
CAF,cf,"Central African Republic","Sub-Saharan Africa ","Low income",2003,0.151563337940017,168
CAF,cf,"Central African Republic","Sub-Saharan Africa ","Low income",2004,0.223401395464406,167
CAF,cf,"Central African Republic","Sub-Saharan Africa ","Low income",2005,0.26820001,170
CAF,cf,"Central African Republic","Sub-Saharan Africa ","Low income",2006,0.311199993,174
CAF,cf,"Central African Republic","Sub-Saharan Africa ","Low income",2007,0.375815961044797,171
CAF,cf,"Central African Republic","Sub-Saharan Africa ","Low income",2008,1,162
CAF,cf,"Central African Republic","Sub-Saharan Africa ","Low income",2009,1.799999952,155
CAF,cf,"Central African Republic","Sub-Saharan Africa ","Low income",2010,2,150
CAF,cf,"Central African Republic","Sub-Saharan Africa ","Low income",2011,2.200000048,152
CAF,cf,"Central African Republic","Sub-Saharan Africa ","Low income",2012,2.400000095,170
CAF,cf,"Central African Republic","Sub-Saharan Africa ","Low income",2013,2.5,164
CAF,cf,"Central African Republic","Sub-Saharan Africa ","Low income",2014,2.700000048,168
CAF,cf,"Central African Republic","Sub-Saharan Africa ","Low income",2015,2.900000095,172
CAF,cf,"Central African Republic","Sub-Saharan Africa ","Low income",2016,3.099999905,175
CAF,cf,"Central African Republic","Sub-Saharan Africa ","Low income",2017,4,176
CAF,cf,"Central African Republic","Sub-Saharan Africa ","Low income",2018,5.099999905,171
CAF,cf,"Central African Republic","Sub-Saharan Africa ","Low income",2019,7.509200096,178
CAF,cf,"Central African Republic","Sub-Saharan Africa ","Low income",2020,,
CAF,cf,"Central African Republic","Sub-Saharan Africa ","Low income",2021,,
CAF,cf,"Central African Republic","Sub-Saharan Africa ","Low income",2022,13.75360012,174
CAF,cf,"Central African Republic","Sub-Saharan Africa ","Low income",2023,13.8416996,175
NER,ne,"Niger","Sub-Saharan Africa ","Low income",1990,0,20
NER,ne,"Niger","Sub-Saharan Africa ","Low income",1991,,
NER,ne,"Niger","Sub-Saharan Africa ","Low income",1992,,
NER,ne,"Niger","Sub-Saharan Africa ","Low income",1993,,
NER,ne,"Niger","Sub-Saharan Africa ","Low income",1994,,
NER,ne,"Niger","Sub-Saharan Africa ","Low income",1995,,
NER,ne,"Niger","Sub-Saharan Africa ","Low income",1996,0.00104,146
NER,ne,"Niger","Sub-Saharan Africa ","Low income",1997,0.00201,153
NER,ne,"Niger","Sub-Saharan Africa ","Low income",1998,0.00291,159
NER,ne,"Niger","Sub-Saharan Africa ","Low income",1999,0.0281,160
NER,ne,"Niger","Sub-Saharan Africa ","Low income",2000,0.0362612938065891,169
NER,ne,"Niger","Sub-Saharan Africa ","Low income",2001,0.10518543139701,164
NER,ne,"Niger","Sub-Saharan Africa ","Low income",2002,0.127152468779619,170
NER,ne,"Niger","Sub-Saharan Africa ","Low income",2003,0.155698703668983,167
NER,ne,"Niger","Sub-Saharan Africa ","Low income",2004,0.189933733703092,171
NER,ne,"Niger","Sub-Saharan Africa ","Low income",2005,0.221300006,173
NER,ne,"Niger","Sub-Saharan Africa ","Low income",2006,0.294,177
NER,ne,"Niger","Sub-Saharan Africa ","Low income",2007,0.390399992,170
NER,ne,"Niger","Sub-Saharan Africa ","Low income",2008,0.7,166
NER,ne,"Niger","Sub-Saharan Africa ","Low income",2009,0.76,165
NER,ne,"Niger","Sub-Saharan Africa ","Low income",2010,0.829999983,155
NER,ne,"Niger","Sub-Saharan Africa ","Low income",2011,0.9,160
NER,ne,"Niger","Sub-Saharan Africa ","Low income",2012,1.049999952,176
NER,ne,"Niger","Sub-Saharan Africa ","Low income",2013,1.149999976,168
NER,ne,"Niger","Sub-Saharan Africa ","Low income",2014,1.24867568902241,170
NER,ne,"Niger","Sub-Saharan Africa ","Low income",2015,2.476200104,173
NER,ne,"Niger","Sub-Saharan Africa ","Low income",2016,4.322800159,174
NER,ne,"Niger","Sub-Saharan Africa ","Low income",2017,10.2243115586561,166
NER,ne,"Niger","Sub-Saharan Africa ","Low income",2018,10.74180031,165
NER,ne,"Niger","Sub-Saharan Africa ","Low income",2019,11.28549957,173
NER,ne,"Niger","Sub-Saharan Africa ","Low income",2020,11.85680008,173
NER,ne,"Niger","Sub-Saharan Africa ","Low income",2021,12.45689964,171
NER,ne,"Niger","Sub-Saharan Africa ","Low income",2022,13.08749962,175
NER,ne,"Niger","Sub-Saharan Africa ","Low income",2023,12.98079967,176
TCD,td,"Chad","Sub-Saharan Africa ","Low income",1990,0,20
TCD,td,"Chad","Sub-Saharan Africa ","Low income",1991,,
TCD,td,"Chad","Sub-Saharan Africa ","Low income",1992,,
TCD,td,"Chad","Sub-Saharan Africa ","Low income",1993,,
TCD,td,"Chad","Sub-Saharan Africa ","Low income",1994,,
TCD,td,"Chad","Sub-Saharan Africa ","Low income",1995,,
TCD,td,"Chad","Sub-Saharan Africa ","Low income",1996,,
TCD,td,"Chad","Sub-Saharan Africa ","Low income",1997,0.000658,156
TCD,td,"Chad","Sub-Saharan Africa ","Low income",1998,0.00427,155
TCD,td,"Chad","Sub-Saharan Africa ","Low income",1999,0.0123,164
TCD,td,"Chad","Sub-Saharan Africa ","Low income",2000,0.03570707628555,170
TCD,td,"Chad","Sub-Saharan Africa ","Low income",2001,0.0459341343557353,171
TCD,td,"Chad","Sub-Saharan Africa ","Low income",2002,0.166069664674347,166
TCD,td,"Chad","Sub-Saharan Africa ","Low income",2003,0.320308555366775,160
TCD,td,"Chad","Sub-Saharan Africa ","Low income",2004,0.360920107034467,163
TCD,td,"Chad","Sub-Saharan Africa ","Low income",2005,0.399257700084004,166
TCD,td,"Chad","Sub-Saharan Africa ","Low income",2006,0.581045764229641,170
TCD,td,"Chad","Sub-Saharan Africa ","Low income",2007,0.847224520710968,162
TCD,td,"Chad","Sub-Saharan Africa ","Low income",2008,1.19,159
TCD,td,"Chad","Sub-Saharan Africa ","Low income",2009,1.5,158
TCD,td,"Chad","Sub-Saharan Africa ","Low income",2010,1.700000048,151
TCD,td,"Chad","Sub-Saharan Africa ","Low income",2011,1.899999976,155
TCD,td,"Chad","Sub-Saharan Africa ","Low income",2012,2.099999905,172
TCD,td,"Chad","Sub-Saharan Africa ","Low income",2013,2.5,164
TCD,td,"Chad","Sub-Saharan Africa ","Low income",2014,2.900000095,167
TCD,td,"Chad","Sub-Saharan Africa ","Low income",2015,3.5,171
TCD,td,"Chad","Sub-Saharan Africa ","Low income",2016,5.800000191,172
TCD,td,"Chad","Sub-Saharan Africa ","Low income",2017,6.351900101,175
TCD,td,"Chad","Sub-Saharan Africa ","Low income",2018,6.956299782,170
TCD,td,"Chad","Sub-Saharan Africa ","Low income",2019,7.618199825,177
TCD,td,"Chad","Sub-Saharan Africa ","Low income",2020,8.343099594,175
TCD,td,"Chad","Sub-Saharan Africa ","Low income",2021,9.653699875,173
TCD,td,"Chad","Sub-Saharan Africa ","Low income",2022,11.17029953,176
TCD,td,"Chad","Sub-Saharan Africa ","Low income",2023,12.03590012,177
UGA,ug,"Uganda","Sub-Saharan Africa ","Low income",1990,0,20
UGA,ug,"Uganda","Sub-Saharan Africa ","Low income",1991,,
UGA,ug,"Uganda","Sub-Saharan Africa ","Low income",1992,,
UGA,ug,"Uganda","Sub-Saharan Africa ","Low income",1993,,
UGA,ug,"Uganda","Sub-Saharan Africa ","Low income",1994,,
UGA,ug,"Uganda","Sub-Saharan Africa ","Low income",1995,0.00286,102
UGA,ug,"Uganda","Sub-Saharan Africa ","Low income",1996,0.00463,130
UGA,ug,"Uganda","Sub-Saharan Africa ","Low income",1997,0.0103,135
UGA,ug,"Uganda","Sub-Saharan Africa ","Low income",1998,0.0653,122
UGA,ug,"Uganda","Sub-Saharan Africa ","Low income",1999,0.106,136
UGA,ug,"Uganda","Sub-Saharan Africa ","Low income",2000,0.163714063074854,148
UGA,ug,"Uganda","Sub-Saharan Africa ","Low income",2001,0.237945087191408,148
UGA,ug,"Uganda","Sub-Saharan Africa ","Low income",2002,0.384093504951945,149
UGA,ug,"Uganda","Sub-Saharan Africa ","Low income",2003,0.464849840113968,148
UGA,ug,"Uganda","Sub-Saharan Africa ","Low income",2004,0.719970679914031,151
UGA,ug,"Uganda","Sub-Saharan Africa ","Low income",2005,1.742200017,140
UGA,ug,"Uganda","Sub-Saharan Africa ","Low income",2006,2.52940011,141
UGA,ug,"Uganda","Sub-Saharan Africa ","Low income",2007,3.67196535074744,137
UGA,ug,"Uganda","Sub-Saharan Africa ","Low income",2008,3.880000114,139
UGA,ug,"Uganda","Sub-Saharan Africa ","Low income",2009,4.099999905,137
UGA,ug,"Uganda","Sub-Saharan Africa ","Low income",2010,4.300000191,135
UGA,ug,"Uganda","Sub-Saharan Africa ","Low income",2011,4.599999905,141
UGA,ug,"Uganda","Sub-Saharan Africa ","Low income",2012,4.800000191,155
UGA,ug,"Uganda","Sub-Saharan Africa ","Low income",2013,5.099999905,151
UGA,ug,"Uganda","Sub-Saharan Africa ","Low income",2014,5.400000095,163
UGA,ug,"Uganda","Sub-Saharan Africa ","Low income",2015,5.699999809,168
UGA,ug,"Uganda","Sub-Saharan Africa ","Low income",2016,5.9,171
UGA,ug,"Uganda","Sub-Saharan Africa ","Low income",2017,7.417900085,172
UGA,ug,"Uganda","Sub-Saharan Africa ","Low income",2018,9.326299667,166
UGA,ug,"Uganda","Sub-Saharan Africa ","Low income",2019,11.72579956,172
UGA,ug,"Uganda","Sub-Saharan Africa ","Low income",2020,7.4,176
UGA,ug,"Uganda","Sub-Saharan Africa ","Low income",2021,10,172
UGA,ug,"Uganda","Sub-Saharan Africa ","Low income",2022,9.636899948,177
UGA,ug,"Uganda","Sub-Saharan Africa ","Low income",2023,9.286999702,178
BDI,bi,"Burundi","Sub-Saharan Africa ","Low income",1990,0,20
BDI,bi,"Burundi","Sub-Saharan Africa ","Low income",1991,0,31
BDI,bi,"Burundi","Sub-Saharan Africa ","Low income",1992,0,44
BDI,bi,"Burundi","Sub-Saharan Africa ","Low income",1993,0,53
BDI,bi,"Burundi","Sub-Saharan Africa ","Low income",1994,0,75
BDI,bi,"Burundi","Sub-Saharan Africa ","Low income",1995,0,115
BDI,bi,"Burundi","Sub-Saharan Africa ","Low income",1996,0.000804,149
BDI,bi,"Burundi","Sub-Saharan Africa ","Low income",1997,0.00798,138
BDI,bi,"Burundi","Sub-Saharan Africa ","Low income",1998,0.0158,145
BDI,bi,"Burundi","Sub-Saharan Africa ","Low income",1999,0.0392,154
BDI,bi,"Burundi","Sub-Saharan Africa ","Low income",2000,0.077248447383456,161
BDI,bi,"Burundi","Sub-Saharan Africa ","Low income",2001,0.106001245363203,163
BDI,bi,"Burundi","Sub-Saharan Africa ","Low income",2002,0.118228412267794,171
BDI,bi,"Burundi","Sub-Saharan Africa ","Low income",2003,0.201273196735924,164
BDI,bi,"Burundi","Sub-Saharan Africa ","Low income",2004,0.349060461879596,164
BDI,bi,"Burundi","Sub-Saharan Africa ","Low income",2005,0.542100012,163
BDI,bi,"Burundi","Sub-Saharan Africa ","Low income",2006,0.657599986,166
BDI,bi,"Burundi","Sub-Saharan Africa ","Low income",2007,0.7,166
BDI,bi,"Burundi","Sub-Saharan Africa ","Low income",2008,0.81,165
BDI,bi,"Burundi","Sub-Saharan Africa ","Low income",2009,0.899999976,164
BDI,bi,"Burundi","Sub-Saharan Africa ","Low income",2010,1,154
BDI,bi,"Burundi","Sub-Saharan Africa ","Low income",2011,1.110000014,158
BDI,bi,"Burundi","Sub-Saharan Africa ","Low income",2012,1.220000029,175
BDI,bi,"Burundi","Sub-Saharan Africa ","Low income",2013,1.2642181112,167
BDI,bi,"Burundi","Sub-Saharan Africa ","Low income",2014,1.04239212643994,171
BDI,bi,"Burundi","Sub-Saharan Africa ","Low income",2015,2,174
BDI,bi,"Burundi","Sub-Saharan Africa ","Low income",2016,2.200000048,176
BDI,bi,"Burundi","Sub-Saharan Africa ","Low income",2017,2.6607485347534,177
BDI,bi,"Burundi","Sub-Saharan Africa ","Low income",2018,4.019499779,172
BDI,bi,"Burundi","Sub-Saharan Africa ","Low income",2019,6.072199821,179
BDI,bi,"Burundi","Sub-Saharan Africa ","Low income",2020,6.430099964,177
BDI,bi,"Burundi","Sub-Saharan Africa ","Low income",2021,6.777999878,174
BDI,bi,"Burundi","Sub-Saharan Africa ","Low income",2022,7.144800186,178
BDI,bi,"Burundi","Sub-Saharan Africa ","Low income",2023,7.172299862,179
