{"type":"FeatureCollection","crs":{"type":"name","properties":{"name":"EPSG:4326"}},"features":[
{"type":"Feature","geometry":{"type":"MultiPolygon","coordinates":[[[[57.34806345,-3.43220525],[57.34732810,-3.43257959],[57.34644640,-3.43276513],[57.34513246,-3.43332957],[57.34375480,-3.43369947],[57.34362018,-3.43373951],[57.34302002,-3.43385310],[57.34299170,-3.43394076],[57.34338369,-3.43494682],[57.34341232,-3.43502031],[57.34496390,-3.43900297],[57.34508519,-3.43944056],[57.34516112,-3.43962216],[57.34534868,-3.44011047],[57.34544176,-3.44041642],[57.34556840,-3.44070995],[57.34575406,-3.44104014],[57.34608495,-3.44198754],[57.34617248,-3.44212840],[57.34632322,-3.44258779],[57.34638406,-3.44278943],[57.34654545,-3.44296754],[57.34665866,-3.44313687],[57.34673016,-3.44338016],[57.34679573,-3.44349267],[57.34684566,-3.44367328],[57.34688943,-3.44374371],[57.34713227,-3.44394562],[57.34726548,-3.44431502],[57.34783601,-3.44541620],[57.34804321,-3.44580913],[57.34810018,-3.44602438],[57.34808944,-3.44631255],[57.34812151,-3.44643062],[57.34820959,-3.44652342],[57.34823819,-3.44662073],[57.34828243,-3.44697292],[57.34831134,-3.44736571],[57.34838845,-3.44744432],[57.34838805,-3.44747868],[57.34836893,-3.44752603],[57.34835282,-3.44763532],[57.34843024,-3.44768647],[57.34858657,-3.44798121],[57.34864171,-3.44803149],[57.34871091,-3.44815102],[57.34875411,-3.44826954],[57.34871154,-3.44841903],[57.34875514,-3.44850320],[57.34880705,-3.44851213],[57.34895255,-3.44877896],[57.34902254,-3.44882982],[57.34928963,-3.44886095],[57.34935227,-3.44890466],[57.34952038,-3.44914491],[57.34971920,-3.44929704],[57.34985681,-3.44928185],[57.34991362,-3.44918788],[57.34999158,-3.44919095],[57.35009324,-3.44939424],[57.35020123,-3.44937102],[57.35052741,-3.44943196],[57.35078991,-3.44953851],[57.35102105,-3.44978815],[57.35109436,-3.44987348],[57.35113733,-3.45001262],[57.35114373,-3.45010220],[57.35121482,-3.45037989],[57.35132099,-3.45051464],[57.35150956,-3.45059080],[57.35155331,-3.45066124],[57.35157795,-3.45077903],[57.35168887,-3.45082465],[57.35175403,-3.45097152],[57.35183856,-3.45105045],[57.35201092,-3.45124280],[57.35216005,-3.45151669],[57.35245083,-3.45174807],[57.35286698,-3.45206000],[57.35314677,-3.45227721],[57.35350130,-3.45245615],[57.35357801,-3.45256914],[57.35367152,-3.45283397],[57.35378654,-3.45284540],[57.35396529,-3.45312736],[57.35404950,-3.45323377],[57.35438088,-3.45348740],[57.35451350,-3.45358197],[57.35460790,-3.45377128],[57.35471841,-3.45385123],[57.35482433,-3.45400661],[57.35487640,-3.45400181],[57.35500990,-3.45402082],[57.35513335,-3.45426625],[57.35520722,-3.45430352],[57.35531900,-3.45427359],[57.35540826,-3.45426336],[57.35561277,-3.45456697],[57.35572392,-3.45459200],[57.35583056,-3.45468556],[57.35591586,-3.45469582],[57.35594571,-3.45471992],[57.35597843,-3.45474640],[57.35609621,-3.45484040],[57.35616081,-3.45503539],[57.35622614,-3.45516856],[57.35637844,-3.45516772],[57.35650933,-3.45541344],[57.35659739,-3.45550628],[57.35679378,-3.45554842],[57.35682268,-3.45561829],[57.35690972,-3.45580044],[57.35706834,-3.45589606],[57.35717127,-3.45598948],[57.35724537,-3.45600616],[57.35730327,-3.45613904],[57.35746639,-3.45616612],[57.35751481,-3.45615429],[57.35755423,-3.45627956],[57.35760201,-3.45632271],[57.35763995,-3.45625549],[57.35770488,-3.45609997],[57.35777164,-3.45610950],[57.35780772,-3.45620025],[57.35782256,-3.45652389],[57.35791869,-3.45656206],[57.35801552,-3.45686144],[57.35808156,-3.45693279],[57.35825969,-3.45694673],[57.35840346,-3.45704177],[57.35850922,-3.45721091],[57.35862731,-3.45727745],[57.35867849,-3.45734821],[57.35872013,-3.45728113],[57.35872077,-3.45722617],[57.35876272,-3.45713161],[57.35881518,-3.45709246],[57.35889203,-3.45719171],[57.35891699,-3.45728207],[57.35905997,-3.45744581],[57.35912828,-3.45764098],[57.35918705,-3.45769829],[57.35941971,-3.45749444],[57.35948993,-3.45752472],[57.35952949,-3.45763627],[57.35959498,-3.45775570],[57.35960823,-3.45789371],[57.35965563,-3.45797120],[57.35974853,-3.45796800],[57.35980685,-3.45774348],[57.35985890,-3.45773868],[57.35989515,-3.45781572],[57.35994087,-3.45803748],[57.36000272,-3.45814991],[57.36008038,-3.45818049],[57.36020849,-3.45834366],[57.36022427,-3.45858487],[57.36027094,-3.45872418],[57.36039993,-3.45881179],[57.36049543,-3.45890493],[57.36050901,-3.45901545],[57.36052937,-3.45918122],[57.36058056,-3.45925199],[57.36068008,-3.45931781],[57.36077494,-3.45946591],[57.36077028,-3.45954821],[57.36074569,-3.45974657],[57.36078098,-3.45990605],[57.36090651,-3.45997292],[57.36098715,-3.46006546],[57.36102221,-3.46024557],[57.36109929,-3.46032425],[57.36136242,-3.46037594],[57.36145848,-3.46042101],[57.36151661,-3.46053329],[57.36151565,-3.46061575],[57.36150899,-3.46086981],[57.36155124,-3.46107083],[57.36164609,-3.46121895],[57.36169807,-3.46122102],[57.36170937,-3.46120770],[57.36173835,-3.46127072],[57.36176339,-3.46135422],[57.36180722,-3.46141782],[57.36189948,-3.46146960],[57.36190120,-3.46164151],[57.36196999,-3.46179547],[57.36197597,-3.46191943],[57.36208576,-3.46206129],[57.36216681,-3.46211950],[57.36227967,-3.46231646],[57.36226913,-3.46258412],[57.36225688,-3.46267988],[57.36221516,-3.46275382],[57.36223204,-3.46289885],[57.36233480,-3.46300604],[57.36243141,-3.46300300],[57.36252723,-3.46306871],[57.36254104,-3.46315859],[57.36258020,-3.46330451],[57.36272744,-3.46342036],[57.36278428,-3.46364259],[57.36278923,-3.46385587],[57.36291847,-3.46392290],[57.36297480,-3.46387014],[57.36306761,-3.46387384],[57.36309612,-3.46397808],[57.36317995,-3.46443512],[57.36323105,-3.46451276],[57.36342380,-3.46454795],[57.36347070,-3.46466668],[57.36345885,-3.46472806],[57.36347122,-3.46494167],[57.36362393,-3.46490649],[57.36374266,-3.46491810],[57.36390765,-3.46510341],[57.36400865,-3.46536180],[57.36420890,-3.46539040],[57.36421964,-3.46542518],[57.36426187,-3.46562622],[57.36440288,-3.46563872],[57.36444065,-3.46558522],[57.36448528,-3.46558015],[57.36452871,-3.46567811],[57.36457910,-3.46581760],[57.36463166,-3.46608780],[57.36468679,-3.46613812],[57.36476517,-3.46610688],[57.36480712,-3.46601232],[57.36488589,-3.46594670],[57.36495991,-3.46597029],[57.36503465,-3.46593202],[57.36513649,-3.46579859],[57.36516416,-3.46565533],[57.36521016,-3.46553343],[57.36526261,-3.46549427],[57.36531695,-3.46561332],[57.36537894,-3.46571202],[57.36544166,-3.46574889],[57.36547571,-3.46569526],[57.36550670,-3.46558649],[57.36556957,-3.46560962],[57.36565061,-3.46566786],[57.36597354,-3.46568761],[57.36602745,-3.46552476],[57.36605890,-3.46537478],[57.36611532,-3.46531515],[57.36618159,-3.46536592],[57.36634922,-3.46532447],[57.36643462,-3.46532788],[57.36656568,-3.46523687],[57.36665883,-3.46521308],[57.36674881,-3.46514104],[57.36677948,-3.46505976],[57.36682806,-3.46503419],[57.36702644,-3.46490463],[57.36712142,-3.46472278],[57.36723715,-3.46467240],[57.36734047,-3.46473151],[57.36743345,-3.46472148],[57.36765335,-3.46433837],[57.36765945,-3.46413237],[57.36769003,-3.46405795],[57.36775227,-3.46413606],[57.36784470,-3.46417412],[57.36791687,-3.46435573],[57.36795580,-3.46452229],[57.36804152,-3.46449821],[57.36814451,-3.46458482],[57.36821466,-3.46462199],[57.36824249,-3.46446498],[57.36843415,-3.46427324],[57.36856434,-3.46425779],[57.36858869,-3.46408002],[57.36867022,-3.46409700],[57.36884950,-3.46433103],[57.36894176,-3.46438284],[57.36903861,-3.46435919],[57.36905506,-3.46422234],[57.36907483,-3.46412001],[57.36913052,-3.46412223],[57.36934211,-3.46445378],[57.36947835,-3.46455547],[57.36958248,-3.46454585],[57.36977207,-3.46453278],[57.36980436,-3.46463033],[57.36983649,-3.46474162],[57.37003763,-3.46469464],[57.37022655,-3.46442028],[57.37030895,-3.46436168],[57.37040516,-3.46439302],[57.37047263,-3.46434069],[57.37051950,-3.46414317],[57.37069244,-3.46396445],[57.37088983,-3.46360104],[57.37108525,-3.46372569],[57.37123691,-3.46377986],[57.37161533,-3.46413872],[57.37174811,-3.46421964],[57.37205719,-3.46447260],[57.37257945,-3.46491972],[57.37274121,-3.46506370],[57.37304996,-3.46534417],[57.37362073,-3.46577261],[57.37432710,-3.46635775],[57.37457676,-3.46660838],[57.37465208,-3.46683831],[57.37465500,-3.46690718],[57.37474501,-3.46715145],[57.37498029,-3.46704395],[57.37536398,-3.46694924],[57.37547868,-3.46698822],[57.37554244,-3.46693574],[57.37575107,-3.46688218],[57.37593728,-3.46684148],[57.37614866,-3.46687054],[57.37620532,-3.46679030],[57.37693278,-3.46683997],[57.37719187,-3.46691908],[57.37745468,-3.46699834],[57.37767664,-3.46707599],[57.37779126,-3.46712182],[57.37847022,-3.46719019],[57.37862640,-3.46717580],[57.37887943,-3.46713776],[57.37918775,-3.46713634],[57.37962131,-3.46690607],[57.38033151,-3.46620544],[57.38089870,-3.46566413],[57.38147535,-3.46526761],[57.38161883,-3.46506700],[57.38178220,-3.46507352],[57.38199278,-3.46517134],[57.38217215,-3.46539857],[57.38222421,-3.46539378],[57.38229324,-3.46552719],[57.38248697,-3.46579628],[57.38264786,-3.46601590],[57.38273252,-3.46608120],[57.38305105,-3.46647905],[57.38314726,-3.46651041],[57.38324978,-3.46663831],[57.38343341,-3.46681759],[57.38373651,-3.46694663],[57.38376848,-3.46707170],[57.38380568,-3.46706630],[57.38442203,-3.46740731],[57.38485613,-3.46776855],[57.38515326,-3.46808995],[57.38548552,-3.46858472],[57.38574271,-3.46914526],[57.38582684,-3.46957509],[57.38588223,-3.46992121],[57.38596305,-3.47031651],[57.38610177,-3.47116123],[57.38624295,-3.47147641],[57.38630688,-3.47172659],[57.38640778,-3.47199204],[57.38641643,-3.47220561],[57.38657385,-3.47272091],[57.38677130,-3.47330663],[57.38685595,-3.47337194],[57.38712434,-3.47360971],[57.38738941,-3.47381293],[57.38767973,-3.47407911],[57.38759686,-3.47449538],[57.38752946,-3.47454081],[57.38745553,-3.47451034],[57.38738200,-3.47444545],[57.38733777,-3.47441617],[57.38727740,-3.47449629],[57.38721211,-3.47467941],[57.38714068,-3.47475220],[57.38686852,-3.47483757],[57.38684900,-3.47491931],[57.38681962,-3.47552344],[57.38682173,-3.47566110],[57.38682641,-3.47589516],[57.38676169,-3.47603013],[57.38669607,-3.47624073],[57.38666072,-3.47640439],[57.38661085,-3.47653995],[57.38650415,-3.47676953],[57.38643974,-3.47687700],[57.38636743,-3.47702542],[57.38630213,-3.47720850],[57.38617630,-3.47748546],[57.38612763,-3.47751789],[57.38609801,-3.47750981],[57.38602980,-3.47762400],[57.38602393,-3.47780949],[57.38588542,-3.47821661],[57.38570608,-3.47862209],[57.38565273,-3.47873689],[57.38561173,-3.47874898],[57.38536079,-3.47892461],[57.38528766,-3.47914176],[57.38518378,-3.47944709],[57.38486537,-3.47967499],[57.38479708,-3.47979606],[57.38473809,-3.48007567],[57.38466092,-3.48032017],[57.38469304,-3.48074792],[57.38457786,-3.48106654],[57.38445815,-3.48145377],[57.38447451,-3.48227292],[57.38434875,-3.48285935],[57.38423800,-3.48311625],[57.38410989,-3.48358567],[57.38411473,-3.48380595],[57.38419517,-3.48422876],[57.38415318,-3.48463973],[57.38407801,-3.48534514],[57.38396903,-3.48576717],[57.38383235,-3.48633251],[57.38382539,-3.48660734],[57.38390244,-3.48700251],[57.38389619,-3.48753187],[57.38384218,-3.48770163],[57.38377235,-3.48795328],[57.38384085,-3.48812800],[57.38413608,-3.48829127],[57.38425302,-3.48845422],[57.38429893,-3.48865554],[57.38434961,-3.48876763],[57.38447890,-3.48882791],[57.38478261,-3.48890213],[57.38499503,-3.48915836],[57.38524249,-3.48927844],[57.38539606,-3.48948413],[57.38548888,-3.48948790],[57.38574901,-3.48947782],[57.38582213,-3.48957707],[57.38588338,-3.48973776],[57.38589362,-3.48981383],[57.38604067,-3.48994362],[57.38636115,-3.49016984],[57.38656874,-3.49020578],[57.38662852,-3.49049022],[57.38687345,-3.49082347],[57.38713097,-3.49103340],[57.38726925,-3.49096334],[57.38734680,-3.49100088],[57.38744097,-3.49120419],[57.38752344,-3.49145517],[57.38760704,-3.49160990],[57.38768056,-3.49167480],[57.38801201,-3.49191525],[57.38815429,-3.49213428],[57.38828799,-3.49244926],[57.38830419,-3.49264941],[57.38839738,-3.49293521],[57.38840326,-3.49306615],[57.38846634,-3.49338514],[57.38854275,-3.49351895],[57.38867899,-3.49362080],[57.38878062,-3.49350799],[57.38887368,-3.49349114],[57.38892500,-3.49354826],[57.38900893,-3.49367549],[57.38904360,-3.49388328],[57.38903116,-3.49399284],[57.38899877,-3.49421852],[57.38904047,-3.49446099],[57.38910897,-3.49463574],[57.38917343,-3.49483786],[57.38917049,-3.49508538],[57.38916837,-3.49526416],[57.38917368,-3.49544320],[57.38914177,-3.49562764],[57.38914295,-3.49584093],[57.38920154,-3.49591212],[57.38927596,-3.49590139],[57.38950088,-3.49604126],[57.38953291,-3.49615950],[57.38950398,-3.49640596],[57.38954253,-3.49660017],[57.38962143,-3.49683725],[57.38963391,-3.49703725],[57.38966520,-3.49721739],[57.38975218,-3.49739980],[57.38976862,-3.49757931],[57.38978645,-3.49764196],[57.38986461,-3.49794095],[57.38985126,-3.49812616],[57.38976713,-3.49832907],[57.38979875,-3.49848170],[57.38990115,-3.49861659],[57.38995487,-3.49878388],[57.38993576,-3.49914083],[57.38983681,-3.49965272],[57.38983443,-3.49985212],[57.38987446,-3.49992252],[57.38996282,-3.49998807],[57.39002561,-3.50001814],[57.39012870,-3.50040758],[57.39013500,-3.50081370],[57.39005623,-3.50118884],[57.39005156,-3.50158077],[57.39004053,-3.50188300],[57.39002883,-3.50224023],[57.39008472,-3.50253833],[57.39014960,-3.50301564],[57.39014301,-3.50325613],[57.39006713,-3.50370017],[57.38994133,-3.50397019],[57.38977030,-3.50398382],[57.38975850,-3.50403837],[57.38982668,-3.50455022],[57.38982432,-3.50505917],[57.38978918,-3.50520220],[57.38971839,-3.50521995],[57.38968753,-3.50531499],[57.38970027,-3.50580392],[57.38974721,-3.50591592],[57.38982668,-3.50610490],[57.38980605,-3.50627602],[57.38963378,-3.50639279],[57.38955202,-3.50639633],[57.38952463,-3.50651213],[57.38956045,-3.50662367],[57.38948670,-3.50688893],[57.38944973,-3.50687366],[57.38944809,-3.50701117],[57.38962259,-3.50732790],[57.38962202,-3.50737602],[57.38967169,-3.50757068],[57.38962236,-3.50765807],[57.38952484,-3.50773662],[57.38943443,-3.50784298],[57.38936759,-3.50784023],[57.38935588,-3.50788791],[57.38942526,-3.50798705],[57.38933497,-3.50824387],[57.38929854,-3.50833268],[57.38931960,-3.50843672],[57.38936249,-3.50857608],[57.38932628,-3.50880846],[57.38919359,-3.50895458],[57.38914560,-3.50900742],[57.38908975,-3.50901888],[57.38912176,-3.50913714],[57.38904949,-3.50927862],[57.38892779,-3.50920485],[57.38892656,-3.50930798],[57.38895750,-3.50951561],[57.38895577,-3.50966000],[57.38887137,-3.50988353],[57.38885503,-3.51000667],[57.38890247,-3.51007743],[57.38888539,-3.51026245],[57.38880982,-3.51036941],[57.38881329,-3.51069973],[57.38877938,-3.51073962],[57.38852667,-3.51074986],[57.38843988,-3.51086322],[57.38843492,-3.51096620],[57.38849482,-3.51092740],[57.38855761,-3.51095750],[57.38858203,-3.51108919],[57.38855348,-3.51130127],[57.38848888,-3.51142242],[57.38845184,-3.51141403],[57.38844194,-3.51161999],[57.38838921,-3.51167972],[57.38825903,-3.51169500],[57.38817941,-3.51182931],[57.38816752,-3.51220027],[57.38813353,-3.51224702],[57.38802537,-3.51228383],[57.38798709,-3.51237855],[57.38798618,-3.51245418],[57.38801390,-3.51262043],[57.38793444,-3.51274097],[57.38789162,-3.51290430],[57.38783066,-3.51303247],[57.38780713,-3.51313470],[57.38768305,-3.51326027],[57.38762125,-3.51345720],[57.38748958,-3.51359623],[57.38749625,-3.51365842],[57.38743585,-3.51373848],[57.38739328,-3.51388118],[57.38739295,-3.51390867],[57.38744955,-3.51414488],[57.38739963,-3.51428039],[57.38734656,-3.51467716],[57.38721298,-3.51497433],[57.38709342,-3.51534084],[57.38726264,-3.51547850],[57.38722714,-3.51564900],[57.38712986,-3.51601644],[57.38711450,-3.51636661],[57.38713150,-3.51649801],[57.38722092,-3.51678373],[57.38721339,-3.51709984],[57.38712062,-3.51770819],[57.38699527,-3.51824643],[57.38688304,-3.51862011],[57.38681985,-3.51862437],[57.38669907,-3.51847492],[57.38660256,-3.51816141],[57.38656066,-3.51793955],[57.38649151,-3.51812930],[57.38638416,-3.51840688],[57.38634701,-3.51871487],[57.38631186,-3.51885788],[57.38622290,-3.51914996],[57.38627321,-3.51928961],[57.38619150,-3.51990529],[57.38613927,-3.51992376],[57.38616311,-3.52010359],[57.38620556,-3.52058684],[57.38618549,-3.52070983],[57.38619514,-3.52083404],[57.38613366,-3.52100345],[57.38615337,-3.52121750],[57.38620047,-3.52131575],[57.38618107,-3.52138373],[57.38617578,-3.52151419],[57.38614550,-3.52156108],[57.38601622,-3.52150072],[57.38583773,-3.52182348],[57.38582107,-3.52197411],[57.38578235,-3.52210320],[57.38568441,-3.52221607],[57.38567078,-3.52242187],[57.38561789,-3.52249533],[57.38562761,-3.52261266],[57.38567488,-3.52269716],[57.38565119,-3.52281311],[57.38565396,-3.52319841],[57.38569736,-3.52329651],[57.38570040,-3.52335168],[57.38567225,-3.52352934],[57.38567092,-3.52363934],[57.38576725,-3.52396662],[57.38576162,-3.52412459],[57.38575724,-3.52417942],[57.38578808,-3.52439395],[57.38584994,-3.52449969],[57.38586368,-3.52489921],[57.38591466,-3.52498385],[57.38599905,-3.52506989],[57.38603372,-3.52558035],[57.38610953,-3.52576234],[57.38612120,-3.52602421],[57.38621145,-3.52624118],[57.38622479,-3.52636554],[57.38624422,-3.52642220],[57.38626068,-3.52647022],[57.38632362,-3.52648658],[57.38646208,-3.52640292],[57.38658977,-3.52659396],[57.38663060,-3.52659566],[57.38669189,-3.52674952],[57.38673895,-3.52715732],[57.38675989,-3.52726826],[57.38687786,-3.52734195],[57.38704130,-3.52734186],[57.38708181,-3.52737106],[57.38708740,-3.52752262],[57.38711097,-3.52772308],[57.38716178,-3.52782150],[57.38705620,-3.52825734],[57.38703405,-3.52855218],[57.38710446,-3.52887155],[57.38711385,-3.52901638],[57.38710204,-3.52907093],[57.38709725,-3.52916014],[57.38717032,-3.52925949],[57.38733774,-3.52923894],[57.38738820,-3.52936485],[57.38735809,-3.52939801],[57.38734578,-3.52949378],[57.38739650,-3.52959909],[57.38750012,-3.52963091],[57.38756241,-3.52970229],[57.38761413,-3.52972508],[57.38767366,-3.53002335],[57.38769593,-3.53002428],[57.38774650,-3.53014332],[57.38778795,-3.53039956],[57.38787842,-3.53059594],[57.38802668,-3.53062277],[57.38808349,-3.53083837],[57.38818782,-3.53111788],[57.38822799,-3.53117458],[57.38834057,-3.53138562],[57.38834286,-3.53150267],[57.38840793,-3.53164985],[57.38851957,-3.53163387],[57.38854481,-3.53169682],[57.38855647,-3.53195871],[57.38862526,-3.53210605],[57.38868829,-3.53211555],[57.38872979,-3.53206225],[57.38882954,-3.53210768],[57.38884610,-3.53227348],[57.38887960,-3.53226799],[57.38891589,-3.53233830],[57.38891438,-3.53246205],[57.38897741,-3.53247157],[57.38904240,-3.53262562],[57.38904748,-3.53281843],[57.38907129,-3.53299828],[57.38912988,-3.53337221],[57.38927334,-3.53348824],[57.38935190,-3.53344336],[57.38939274,-3.53344507],[57.38947907,-3.53367569],[57.38949950,-3.53382788],[57.38958042,-3.53389320],[57.38967779,-3.53382846],[57.38974032,-3.53387923],[57.38980193,-3.53400562],[57.38979029,-3.53404641],[57.38973047,-3.53407831],[57.38974644,-3.53429223],[57.38986010,-3.53441393],[57.38994736,-3.53456892],[57.39005478,-3.53459404],[57.39016694,-3.53483949],[57.39014570,-3.53505875],[57.39008774,-3.53524206],[57.39009645,-3.53544193],[57.39016894,-3.53558941],[57.39017090,-3.53573396],[57.39014407,-3.53580165],[57.39011057,-3.53580710],[57.39006922,-3.53584667],[57.39004595,-3.53592823],[57.39010375,-3.53606136],[57.39011313,-3.53620620],[57.39021432,-3.53643746],[57.39020217,-3.53651950],[57.39011080,-3.53670141],[57.39008940,-3.53723711],[57.39016974,-3.53735053],[57.39015389,-3.53743242],[57.39014640,-3.53774166],[57.39011518,-3.53786419],[57.39013983,-3.53797530],[57.39023619,-3.53799309],[57.39037305,-3.53804009],[57.39043323,-3.53828338],[57.39059921,-3.53837978],[57.39073624,-3.53841302],[57.39079986,-3.53837442],[57.39087353,-3.53842567],[57.39091900,-3.53835189],[57.39097469,-3.53835422],[57.39098752,-3.53851988],[57.39103739,-3.53869395],[57.39101327,-3.53884429],[57.39089363,-3.53890806],[57.39078227,-3.53920609],[57.39076979,-3.53931562],[57.39080615,-3.53937907],[57.39098209,-3.53957218],[57.39102563,-3.53965656],[57.39103543,-3.53976703],[57.39106834,-3.53980970],[57.39120571,-3.53981546],[57.39121137,-3.53996017],[57.39130976,-3.54011564],[57.39131980,-3.54020549],[57.39149203,-3.54039848],[57.39166406,-3.54030249],[57.39178650,-3.54031451],[57.39182295,-3.54037106],[57.39181436,-3.54046703],[57.39191190,-3.54069126],[57.39203696,-3.54079283],[57.39206481,-3.54094535],[57.39201561,-3.54101897],[57.39204067,-3.54109568],[57.39204591,-3.54127476],[57.39211949,-3.54133290],[57.39216574,-3.54149995],[57.39222008,-3.54161230],[57.39224793,-3.54176482],[57.39239247,-3.54179154],[57.39249348,-3.54203654],[57.39253037,-3.54236145],[57.39257424,-3.54241832],[57.39263415,-3.54237957],[57.39266925,-3.54254616],[57.39279692,-3.54273729],[57.39281810,-3.54282761],[57.39291978,-3.54301763],[57.39303495,-3.54301559],[57.39310432,-3.54311482],[57.39316760,-3.54310374],[57.39324574,-3.54309324],[57.39338496,-3.54325046],[57.39354097,-3.54325013],[57.39357760,-3.54329296],[57.39364271,-3.54332940],[57.39365046,-3.54351548],[57.39372838,-3.54370451],[57.39391679,-3.54387961],[57.39408265,-3.54425810],[57.39410133,-3.54437035],[57.39435170,-3.54439946],[57.39451642,-3.54487080],[57.39457269,-3.54518895],[57.39464082,-3.54535901],[57.39481077,-3.54540332],[57.39489119,-3.54538814],[57.39498961,-3.54554088],[57.39513928,-3.54560292],[57.39540401,-3.54609704],[57.39549400,-3.54611942],[57.39556257,-3.54625234],[57.39560062,-3.54642113],[57.39592480,-3.54697351],[57.39611935,-3.54746470],[57.39625854,-3.54756346],[57.39638452,-3.54792173],[57.39647337,-3.54803695],[57.39660049,-3.54830241],[57.39659524,-3.54872945],[57.39662280,-3.54893495],[57.39679707,-3.54944390],[57.39717547,-3.54966422],[57.39725361,-3.54983473],[57.39846155,-3.54865956],[57.39955003,-3.54794638],[57.40090473,-3.54700823],[57.40388563,-3.54625299],[57.40479290,-3.54660791],[57.40521679,-3.54677375],[57.40577839,-3.54699342],[57.40659650,-3.54812910],[57.40808405,-3.55281696],[57.40943901,-3.55860084],[57.41045916,-3.56260883],[57.41089610,-3.56571107],[57.41063385,-3.56768222],[57.41000694,-3.57029849],[57.40853736,-3.57375956],[57.40768097,-3.57570499],[57.40717821,-3.57788579],[57.40679698,-3.57985152],[57.40640188,-3.58291779],[57.40622214,-3.58775517],[57.40594288,-3.59104657],[57.40532104,-3.59322191],[57.40423234,-3.59471617],[57.40326799,-3.59577535],[57.40218763,-3.59660923],[57.40087802,-3.59677246],[57.39838040,-3.59688400],[57.39609149,-3.59748867],[57.39585409,-3.59758364],[57.39539050,-3.59820168],[57.39481700,-3.59898137],[57.39431502,-3.59967719],[57.39412036,-3.60021237],[57.39379301,-3.60102449],[57.39335645,-3.60211456],[57.39309979,-3.60290798],[57.39275489,-3.60417596],[57.39253327,-3.60523088],[57.39251471,-3.60528291],[57.39348632,-3.60975946],[57.39346043,-3.60992016],[57.39333428,-3.61015737],[57.39319802,-3.61056332],[57.39305742,-3.61099849],[57.39302682,-3.61121783],[57.39316946,-3.61186403],[57.39316401,-3.61229044],[57.39312263,-3.61242104],[57.39310561,-3.61250856],[57.39308351,-3.61268412],[57.39310498,-3.61286897],[57.39312691,-3.61301705],[57.39304810,-3.61327839],[57.39304584,-3.61345484],[57.39307608,-3.61357384],[57.39302137,-3.61381419],[57.39299134,-3.61429836],[57.39299437,-3.61437206],[57.39307092,-3.61459608],[57.39306932,-3.61472105],[57.39291425,-3.61504527],[57.39286285,-3.61533723],[57.39281663,-3.61553380],[57.39280776,-3.61622486],[57.39283055,-3.61630678],[57.39282072,-3.61676239],[57.39275145,-3.61689910],[57.39272225,-3.61700816],[57.39269135,-3.61724953],[57.39274844,-3.61744329],[57.39273171,-3.61750877],[57.39277830,-3.61759172],[57.39264732,-3.61789491],[57.39264467,-3.61810075],[57.39257257,-3.61814905],[57.39256321,-3.61825898],[57.39250490,-3.61846972],[57.39255205,-3.61881753],[57.39250064,-3.61910948],[57.39247296,-3.61940985],[57.39236362,-3.61988313],[57.39237561,-3.62049419],[57.39235554,-3.62236166],[57.39229616,-3.62296220],[57.39227007,-3.62313758],[57.39229832,-3.62341100],[57.39227260,-3.62355697],[57.39225068,-3.62371782],[57.39228479,-3.62384437],[57.39224186,-3.62440152],[57.39219262,-3.62452439],[57.39218383,-3.62459020],[57.39222257,-3.62466547],[57.39222143,-3.62475368],[57.39220480,-3.62481177],[57.39219751,-3.62506891],[57.39214920,-3.62542720],[57.39216016,-3.62550126],[57.39216808,-3.62581054],[57.39213924,-3.62589017],[57.39213903,-3.62652275],[57.39206870,-3.62674029],[57.39205480,-3.62689416],[57.39197596,-3.62715546],[57.39200940,-3.62733347],[57.39193339,-3.62768318],[57.39197109,-3.62783931],[57.39196294,-3.62816259],[57.39189223,-3.62840956],[57.39194213,-3.62854417],[57.39197963,-3.62871500],[57.39187336,-3.62925461],[57.39178952,-3.63051605],[57.39142549,-3.63133106],[57.39134563,-3.63136429],[57.39125386,-3.63139699],[57.39044036,-3.63103722],[57.38990943,-3.63094007],[57.38880853,-3.63069259],[57.38841246,-3.63060881],[57.38822892,-3.63067421],[57.38811352,-3.63069115],[57.38781042,-3.63078802],[57.38752851,-3.63078286],[57.38726003,-3.63066060],[57.38698519,-3.63072194],[57.38644485,-3.63104361],[57.38635137,-3.63120861],[57.38627955,-3.63123485],[57.38613465,-3.63138284],[57.38599562,-3.63138404],[57.38571416,-3.63165099],[57.38556692,-3.63167386],[57.38541948,-3.63171144],[57.38464939,-3.63198611],[57.38456375,-3.63215880],[57.38443493,-3.63229279],[57.38433938,-3.63231063],[57.38429998,-3.63228680],[57.38413761,-3.63225016],[57.38386919,-3.63242943],[57.38376958,-3.63245444],[57.38375853,-3.63238776],[57.38342227,-3.63228456],[57.38337464,-3.63228244],[57.38331056,-3.63232371],[57.38320206,-3.63242184],[57.38311890,-3.63240346],[57.38309622,-3.63231419],[57.38301486,-3.63215615],[57.38296261,-3.63220530],[57.38291081,-3.63221770],[57.38292113,-3.63203432],[57.38277852,-3.63200592],[57.38274355,-3.63194554],[57.38267523,-3.63200867],[57.38266405,-3.63225823],[57.38253287,-3.63226709],[57.38236911,-3.63203185],[57.38220221,-3.63203914],[57.38210136,-3.63215967],[57.38199872,-3.63211099],[57.38188768,-3.63209870],[57.38181810,-3.63225739],[57.38160242,-3.63235075],[57.38144848,-3.63227773],[57.38116504,-3.63239014],[57.38098880,-3.63219847],[57.38092132,-3.63219547],[57.38085959,-3.63236187],[57.38080771,-3.63238162],[57.38070326,-3.63247256],[57.38061159,-3.63249791],[57.38042058,-3.63252619],[57.38034698,-3.63238321],[57.38020126,-3.63228848],[57.37984923,-3.63217726],[57.37972570,-3.63220854],[57.37953822,-3.63196490],[57.37942171,-3.63176118],[57.37933562,-3.63166178],[57.37923951,-3.63172369],[57.37913808,-3.63188830],[57.37903961,-3.63182508],[57.37902262,-3.63160374],[57.37894815,-3.63152691],[57.37878040,-3.63160036],[57.37874467,-3.63159877],[57.37861994,-3.63141675],[57.37846174,-3.63136560],[57.37831976,-3.63159458],[57.37813718,-3.63158647],[57.37790556,-3.63137767],[57.37786456,-3.63116997],[57.37777752,-3.63114405],[57.37763311,-3.63125526],[57.37741225,-3.63113518],[57.37735744,-3.63107391],[57.37708867,-3.63097377],[57.37678938,-3.63077665],[57.37638159,-3.63067768],[57.37635551,-3.63054416],[57.37626858,-3.63051091],[57.37626840,-3.63021681],[57.37611240,-3.62999666],[57.37594523,-3.62971721],[57.37588759,-3.62956758],[57.37581265,-3.62952751],[57.37572450,-3.62928098],[57.37559826,-3.62890775],[57.37555885,-3.62888395],[57.37550829,-3.62880083],[57.37546000,-3.62885016],[57.37533327,-3.62882248],[57.37533015,-3.62875618],[57.37537581,-3.62860381],[57.37527404,-3.62848900],[57.37522037,-3.62833958],[57.37515299,-3.62832922],[57.37509846,-3.62824595],[57.37508429,-3.62811298],[57.37490018,-3.62822246],[57.37481749,-3.62816733],[57.37473255,-3.62797977],[57.37463019,-3.62790905],[57.37456048,-3.62746482],[57.37434674,-3.62679367],[57.37436121,-3.62659583],[57.37442540,-3.62623841],[57.37433658,-3.62604333],[57.37429568,-3.62551950],[57.37436194,-3.62530923],[57.37435800,-3.62469148],[57.37440443,-3.62386275],[57.37433838,-3.62344076],[57.37403721,-3.62277312],[57.37403986,-3.62256737],[57.37410395,-3.62221732],[57.37407295,-3.62184834],[57.37409829,-3.62173183],[57.37419970,-3.62156721],[57.37426010,-3.62119492],[57.37426814,-3.62087912],[57.37406286,-3.62047307],[57.37375836,-3.62037140],[57.37374674,-3.62034883],[57.37371101,-3.62034726],[57.37345773,-3.62027727],[57.37341927,-3.62018002],[57.37337560,-3.62017810],[57.37333921,-3.62022794],[57.37330746,-3.62022654],[57.37327032,-3.62033519],[57.37321003,-3.62039135],[57.37320918,-3.62045747],[57.37310616,-3.62043823],[57.37305245,-3.62053081],[57.37248761,-3.62116364],[57.37207413,-3.62200044],[57.37174547,-3.62268751],[57.37135678,-3.62343769],[57.37135424,-3.62363491],[57.37097851,-3.62429793],[57.37072737,-3.62448416],[57.37038125,-3.62468808],[57.37013674,-3.62512587],[57.36933805,-3.62621999],[57.36911626,-3.62652379],[57.36777961,-3.62877469],[57.36656599,-3.63070087],[57.36558710,-3.63285738],[57.36461387,-3.63457404],[57.36339159,-3.63715940],[57.36229377,-3.63931025],[57.36189726,-3.64237215],[57.36137324,-3.64608818],[57.36108672,-3.64981476],[57.36107236,-3.65090971],[57.36107092,-3.65240540],[57.36167435,-3.65894362],[57.36229594,-3.66352100],[57.36259210,-3.66569450],[57.36260315,-3.66579590],[57.36260687,-3.66579607],[57.36264212,-3.66584814],[57.36263500,-3.66591660],[57.36260707,-3.66606266],[57.36260587,-3.66606404],[57.36158814,-3.67166047],[57.36104398,-3.67382456],[57.36099627,-3.67466683],[57.36055196,-3.68124551],[57.35975976,-3.68714819],[57.35889914,-3.68899891],[57.35851783,-3.68963152],[57.35661501,-3.69118274],[57.35491047,-3.69418337],[57.35297124,-3.69695296],[57.35092205,-3.69905747],[57.34984398,-3.69966737],[57.34970440,-3.70120023],[57.35026271,-3.70386488],[57.35150091,-3.70898022],[57.35214196,-3.71428798],[57.35301434,-3.72004659],[57.35274670,-3.72223325],[57.35202190,-3.72307898],[57.35045951,-3.72432520],[57.35028645,-3.72827536],[57.34955255,-3.72978017],[57.34727130,-3.73143198],[57.34533126,-3.73419904],[57.34516397,-3.73770914],[57.34584939,-3.73972042],[57.34643121,-3.74062748],[57.34758264,-3.74332064],[57.34944372,-3.74626758],[57.35095446,-3.74875833],[57.35176769,-3.75011651],[57.35219391,-3.75365548],[57.35250737,-3.75674930],[57.35236710,-3.75828201],[57.35172396,-3.76176991],[57.35167160,-3.76550595],[57.35278851,-3.77061778],[57.35312322,-3.77217337],[57.35414278,-3.77574140],[57.35507449,-3.77710601],[57.35704735,-3.78050060],[57.35774143,-3.78185392],[57.35876694,-3.78498306],[57.35941086,-3.78623880],[57.35940353,-3.78739461],[57.35937376,-3.78745718],[57.35933002,-3.79053452],[57.35797324,-3.79398770],[57.35628824,-3.79544508],[57.35522541,-3.79495330],[57.35386224,-3.79884548],[57.35312436,-3.80056879],[57.35204896,-3.80095598],[57.35106717,-3.80310701],[57.35020414,-3.80526377],[57.34910350,-3.80740877],[57.34779682,-3.80734455],[57.34797752,-3.81131154],[57.34687995,-3.81323646],[57.34634138,-3.81760763],[57.34701283,-3.82049939],[57.34661829,-3.82311850],[57.34572781,-3.82714218],[57.34480362,-3.83347272],[57.34507059,-3.83509902],[57.34512308,-3.83563613],[57.34496002,-3.83703521],[57.34437380,-3.83810531],[57.33969574,-3.84189093],[57.33634077,-3.84926688],[57.33521240,-3.85162817],[57.33582519,-3.85522018],[57.33125008,-3.86074821],[57.32895054,-3.86190668],[57.32754856,-3.86346209],[57.32692238,-3.86721048],[57.32627167,-3.87100144],[57.32473024,-3.87712030],[57.32328343,-3.88166129],[57.32239670,-3.88530770],[57.32153223,-3.88587869],[57.31989300,-3.88579472],[57.31898041,-3.88798918],[57.31806773,-3.89334750],[57.31706709,-3.89821766],[57.31538543,-3.90094319],[57.31296543,-3.90218032],[57.31025635,-3.90366600],[57.30916154,-3.90374122],[57.30751729,-3.90712683],[57.30679080,-3.91113085],[57.30442527,-3.91346807],[57.30348768,-3.92194123],[57.30208120,-3.92529401],[57.30058641,-3.93593329],[57.29585313,-3.94530266],[57.29283591,-3.95129144],[57.29186471,-3.94952737],[57.29018483,-3.94899940],[57.28944060,-3.94982362],[57.28821876,-3.95195444],[57.28781470,-3.95500666],[57.28764470,-3.95829078],[57.28704738,-3.95847858],[57.28598178,-3.95820244],[57.28433253,-3.95723673],[57.28269008,-3.95583244],[57.28104762,-3.95442829],[57.27950688,-3.95412712],[57.27818326,-3.95515441],[57.27729149,-3.95545806],[57.27691442,-3.95558645],[57.27651009,-3.95572413],[57.27518985,-3.95653199],[57.27340430,-3.95780969],[57.27292704,-3.95815116],[57.27290570,-3.95816643],[57.27256474,-3.95716080],[57.27163839,-3.95557551],[57.27072223,-3.95333252],[57.27040676,-3.95068252],[57.27035964,-3.95035211],[57.27018888,-3.94903986],[57.27025477,-3.94632230],[57.27025613,-3.94469851],[57.26966957,-3.93957670],[57.26978953,-3.93642315],[57.26932292,-3.93275607],[57.27011615,-3.93064715],[57.27085866,-3.93029103],[57.27157943,-3.92980207],[57.27244409,-3.92923285],[57.27288988,-3.92807113],[57.27270687,-3.92194747],[57.27235724,-3.92181904],[57.27205015,-3.92172957],[57.27147762,-3.92164463],[57.27082897,-3.92154961],[57.27066335,-3.92153486],[57.26990962,-3.92158742],[57.26927417,-3.92171350],[57.26896907,-3.92170985],[57.26858205,-3.92164072],[57.26820134,-3.92137597],[57.26774851,-3.92127280],[57.26761179,-3.92132078],[57.26728387,-3.92129146],[57.26704286,-3.92121769],[57.26677404,-3.92079352],[57.26637812,-3.91978726],[57.26597404,-3.91866428],[57.26556387,-3.91750427],[57.26533989,-3.91696615],[57.26483965,-3.91583824],[57.26463958,-3.91547280],[57.26390505,-3.91426544],[57.26327718,-3.91324120],[57.26310412,-3.91306081],[57.26269072,-3.91276392],[57.26246232,-3.91273370],[57.26223936,-3.91260340],[57.26205816,-3.91237404],[57.26185537,-3.91174978],[57.26171742,-3.91105053],[57.26161285,-3.91024853],[57.26149636,-3.90976586],[57.26128402,-3.90930437],[57.26079814,-3.90845003],[57.26035878,-3.90779399],[57.26009889,-3.90743452],[57.25990173,-3.90707755],[57.25978454,-3.90684920],[57.25966907,-3.90661576],[57.25954948,-3.90633537],[57.25941693,-3.90621100],[57.25928250,-3.90621057],[57.25907666,-3.90625217],[57.25870701,-3.90636365],[57.25863328,-3.90632722],[57.25861434,-3.90617606],[57.25870717,-3.90588707],[57.25898577,-3.90501353],[57.25918461,-3.90426646],[57.25933207,-3.90364076],[57.25936529,-3.90331603],[57.25929765,-3.90311016],[57.25917609,-3.90296025],[57.25910569,-3.90293286],[57.25898265,-3.90288499],[57.25888719,-3.90288007],[57.25863177,-3.90292566],[57.25845646,-3.90305372],[57.25810123,-3.90338142],[57.25784275,-3.90362923],[57.25777509,-3.90365837],[57.25760933,-3.90362370],[57.25751615,-3.90346875],[57.25743483,-3.90346456],[57.25736599,-3.90357199],[57.25707237,-3.90356989],[57.25701865,-3.90361282],[57.25700223,-3.90376213],[57.25695274,-3.90375958],[57.25679551,-3.90386246],[57.25666391,-3.90390790],[57.25656463,-3.90392235],[57.25664802,-3.90378957],[57.25673974,-3.90380735],[57.25684060,-3.90368850],[57.25678915,-3.90358140],[57.25668085,-3.90349095],[57.25660658,-3.90342111],[57.25642910,-3.90324021],[57.25615160,-3.90299290],[57.25583754,-3.90296508],[57.25567220,-3.90308421],[57.25557964,-3.90338119],[57.25550176,-3.90353966],[57.25537726,-3.90386981],[57.25539277,-3.90409110],[57.25533876,-3.90474983],[57.25535563,-3.90529617],[57.25527007,-3.90554707],[57.25524035,-3.90584729],[57.25528452,-3.90583796],[57.25537891,-3.90624905],[57.25542814,-3.90632121],[57.25547699,-3.90650567],[57.25549358,-3.90656833],[57.25549458,-3.90691654],[57.25544514,-3.90727375],[57.25530576,-3.90775398],[57.25523293,-3.90799395],[57.25494360,-3.90840839],[57.25486831,-3.90851478],[57.25460292,-3.90888979],[57.25411054,-3.90942140],[57.25402008,-3.90957917],[57.25379570,-3.90985769],[57.25357568,-3.91026410],[57.25352716,-3.91014553],[57.25343882,-3.91016417],[57.25321504,-3.90999012],[57.25313926,-3.91000941],[57.25297492,-3.91047669],[57.25247905,-3.91082239],[57.25230477,-3.91111509],[57.25216822,-3.91140974],[57.25197666,-3.91159708],[57.25185913,-3.91188113],[57.25183675,-3.91211206],[57.25185342,-3.91266993],[57.25196870,-3.91336058],[57.25196463,-3.91362726],[57.25187074,-3.91442311],[57.25177170,-3.91473130],[57.25171541,-3.91512293],[57.25161654,-3.91541950],[57.25158476,-3.91544108],[57.25156750,-3.91533576],[57.25161592,-3.91504814],[57.25153421,-3.91504390],[57.25143870,-3.91512018],[57.25136409,-3.91547605],[57.25124848,-3.91563251],[57.25118751,-3.91591945],[57.25126143,-3.91643388],[57.25133411,-3.91702947],[57.25148866,-3.91761773],[57.25158240,-3.91765741],[57.25161932,-3.91812351],[57.25171412,-3.91891755],[57.25171437,-3.91892230],[57.25174315,-3.91948767],[57.25171463,-3.91976909],[57.25167649,-3.92014565],[57.25164276,-3.92029477],[57.25149669,-3.92079776],[57.25132346,-3.92102084],[57.25122589,-3.92088200],[57.25123219,-3.92086766],[57.25115394,-3.92074720],[57.25112732,-3.92068570],[57.25093355,-3.92060600],[57.25075860,-3.92087055],[57.25059230,-3.92112204],[57.25053308,-3.92129302],[57.25052032,-3.92131275],[57.25046345,-3.92138222],[57.25043110,-3.92138053],[57.25041277,-3.92134478],[57.25031797,-3.92137464],[57.25026539,-3.92152275],[57.25020236,-3.92153109],[57.25016341,-3.92161028],[57.25011367,-3.92157288],[57.25007596,-3.92157092],[57.25002355,-3.92170745],[57.24986608,-3.92172246],[57.24960663,-3.92182498],[57.24958078,-3.92187007],[57.24956538,-3.92205491],[57.24948959,-3.92207417],[57.24951889,-3.92221494],[57.24929069,-3.92233070],[57.24922306,-3.92264049],[57.24921809,-3.92296512],[57.24891383,-3.92352946],[57.24889842,-3.92371431],[57.24882175,-3.92379155],[57.24877598,-3.92390519],[57.24874173,-3.92408906],[57.24865842,-3.92418915],[57.24863779,-3.92430412],[57.24857103,-3.92455592],[57.24852687,-3.92456522],[57.24849817,-3.92479578],[57.24834414,-3.92499662],[57.24820641,-3.92495463],[57.24823687,-3.92460812],[57.24816139,-3.92419806],[57.24820858,-3.92399166],[57.24817822,-3.92392047],[57.24818017,-3.92379292],[57.24813008,-3.92377871],[57.24807244,-3.92384531],[57.24789778,-3.92416113],[57.24778360,-3.92422478],[57.24762956,-3.92442561],[57.24734383,-3.92419026],[57.24722982,-3.92424233],[57.24714936,-3.92415691],[57.24695400,-3.92418154],[57.24685168,-3.92429223],[57.24683087,-3.92441877],[57.24674632,-3.92460002],[57.24655724,-3.92462498],[57.24648687,-3.92470253],[57.24628107,-3.92458737],[57.24579193,-3.92449225],[57.24564737,-3.92448471],[57.24554432,-3.92464177],[57.24539943,-3.92465743],[57.24530366,-3.92433916],[57.24522285,-3.92427695],[57.24505937,-3.92386235],[57.24481640,-3.92371045],[57.24446515,-3.92364575],[57.24425077,-3.92368098],[57.24418863,-3.92363135],[57.24396759,-3.92368943],[57.24364185,-3.92360286],[57.24338851,-3.92371727],[57.24311986,-3.92359887],[57.24296593,-3.92338200],[57.24254592,-3.92329053],[57.24240642,-3.92336448],[57.24213588,-3.92377962],[57.24188953,-3.92384802],[57.24146234,-3.92381414],[57.24131851,-3.92376025],[57.24101949,-3.92357065],[57.24009804,-3.92295421],[57.23976417,-3.92257720],[57.23958208,-3.92255612],[57.23947844,-3.92234191],[57.23925342,-3.92224900],[57.23897813,-3.92215346],[57.23867266,-3.92197515],[57.23855538,-3.92182985],[57.23827363,-3.92174558],[57.23827300,-3.92174476],[57.23823664,-3.92169725],[57.23809854,-3.92167848],[57.23792992,-3.92160008],[57.23779705,-3.92165117],[57.23753398,-3.92157948],[57.23742298,-3.92143451],[57.23729010,-3.92148560],[57.23719459,-3.92156182],[57.23715795,-3.92149032],[57.23710170,-3.92136241],[57.23624975,-3.92033738],[57.23586158,-3.91918168],[57.23509213,-3.91733522],[57.23352441,-3.91724460],[57.23196449,-3.91975032],[57.22998538,-3.92114299],[57.22912411,-3.92149274],[57.22788272,-3.92182271],[57.22634054,-3.92161098],[57.22520222,-3.92142028],[57.22414121,-3.92083912],[57.22373861,-3.91971740],[57.22255706,-3.91457165],[57.22172299,-3.91001397],[57.22146556,-3.90504797],[57.22127898,-3.90324136],[57.22139809,-3.89851394],[57.22020494,-3.89880325],[57.21822582,-3.89918364],[57.21720757,-3.89891220],[57.21270357,-3.89960105],[57.21013306,-3.90135303],[57.20694055,-3.90649012],[57.20556978,-3.90751470],[57.20435950,-3.90736465],[57.20330922,-3.90709642],[57.20188846,-3.90671651],[57.19953651,-3.90659525],[57.19787816,-3.90620315],[57.19610618,-3.90703163],[57.19530890,-3.90786648],[57.19429077,-3.90969228],[57.19334759,-3.91087563],[57.19184880,-3.91260631],[57.19057599,-3.91482269],[57.18992216,-3.91707100],[57.18904055,-3.91955052],[57.18891004,-3.91953021],[57.18760579,-3.92230294],[57.18728155,-3.92511130],[57.18535470,-3.92732287],[57.18345166,-3.92848274],[57.18294138,-3.92933360],[57.18109356,-3.93228915],[57.18055080,-3.93390119],[57.17900514,-3.93740618],[57.17806903,-3.93899743],[57.17716427,-3.94123870],[57.17731336,-3.94231458],[57.17779072,-3.94493349],[57.17865067,-3.94825924],[57.17893216,-3.95014323],[57.17854885,-3.95214477],[57.17789991,-3.95523848],[57.17699854,-3.95894825],[57.17713442,-3.95975617],[57.17790924,-3.96040265],[57.17826546,-3.96080289],[57.17871189,-3.96130450],[57.17886652,-3.96226972],[57.17881448,-3.96423958],[57.17843102,-3.96502001],[57.17761139,-3.96655846],[57.17673519,-3.96764462],[57.17652467,-3.96764635],[57.17609869,-3.96764985],[57.17543161,-3.96788647],[57.17392139,-3.96825294],[57.17322432,-3.96937738],[57.17352730,-3.97171655],[57.17378807,-3.97673400],[57.17396369,-3.97771036],[57.17450198,-3.98070354],[57.17514136,-3.98323961],[57.17513713,-3.98350746],[57.17474638,-3.98366523],[57.17321163,-3.98251080],[57.17281288,-3.98223128],[57.17210764,-3.98173692],[57.16939160,-3.98010492],[57.16779650,-3.98023845],[57.16671850,-3.98074975],[57.16537226,-3.98168432],[57.16373751,-3.98282216],[57.16268533,-3.98320343],[57.16148231,-3.98410170],[57.16026387,-3.98494381],[57.15980486,-3.98634825],[57.15970688,-3.98946904],[57.15991961,-3.99135611],[57.16113803,-3.99713802],[57.16098547,-3.99757637],[57.15867944,-3.99914895],[57.15779666,-3.99972648],[57.15589561,-4.00024902],[57.15456646,-4.00142749],[57.15366373,-4.00325406],[57.15308615,-4.00599110],[57.15183954,-4.01110283],[57.15122475,-4.01312325],[57.15008058,-4.01788289],[57.14952096,-4.02249556],[57.14929823,-4.02426923],[57.15025742,-4.02798266],[57.14995639,-4.02859123],[57.14771146,-4.02936121],[57.14636905,-4.03134122],[57.14515617,-4.03431031],[57.14374200,-4.03771451],[57.14293487,-4.04258033],[57.14226865,-4.04772154],[57.14233066,-4.04986754],[57.14272036,-4.05274593],[57.14376081,-4.05441056],[57.14528174,-4.05636979],[57.14781355,-4.05883178],[57.14956805,-4.06134018],[57.14953431,-4.06339202],[57.14789897,-4.06544388],[57.14623423,-4.06633322],[57.14404045,-4.06987137],[57.13974962,-4.07695181],[57.13787901,-4.07854304],[57.13636817,-4.08185025],[57.13614016,-4.08389043],[57.13630099,-4.08880884],[57.13731270,-4.09216859],[57.13857271,-4.09518552],[57.13990203,-4.09695679],[57.14020563,-4.09911646],[57.13920602,-4.10084522],[57.13757816,-4.10530546],[57.13690140,-4.10803418],[57.13660988,-4.11381965],[57.13611510,-4.12012899],[57.13383215,-4.12883478],[57.13337910,-4.13264675],[57.13355433,-4.13591074],[57.13360019,-4.13676523],[57.13305754,-4.13824082],[57.13275166,-4.13889973],[57.13163874,-4.13864684],[57.13071496,-4.13809072],[57.12937902,-4.13730321],[57.12885687,-4.13933898],[57.12824506,-4.14140232],[57.12740798,-4.14273120],[57.12647972,-4.14452470],[57.12537544,-4.14687629],[57.12424750,-4.14678912],[57.12415890,-4.14745068],[57.12391597,-4.14879184],[57.12375221,-4.14932881],[57.12308497,-4.15114804],[57.12269342,-4.15214171],[57.12277775,-4.15380781],[57.12310875,-4.15426418],[57.12322819,-4.15457713],[57.12403879,-4.15652589],[57.12527307,-4.15734089],[57.12552960,-4.15797880],[57.12617257,-4.15947802],[57.12664972,-4.16059066],[57.12688360,-4.16185033],[57.12700475,-4.16275365],[57.12702050,-4.16425199],[57.12703084,-4.16709444],[57.12732012,-4.17030296],[57.12613075,-4.17204771],[57.12527081,-4.17364773],[57.12512760,-4.17402187],[57.12451105,-4.17632462],[57.12307904,-4.18142094],[57.12270298,-4.18560645],[57.12359076,-4.18855500],[57.12284957,-4.19354950],[57.12330999,-4.19611229],[57.12458292,-4.19810034],[57.12333088,-4.20271473],[57.12290911,-4.20641647],[57.12270257,-4.20734410],[57.12206959,-4.20851951],[57.12135724,-4.21419276],[57.12173201,-4.21653201],[57.12277370,-4.21914072],[57.12216629,-4.22020819],[57.12098979,-4.22219233],[57.12071858,-4.22493245],[57.12011700,-4.22632575],[57.11985339,-4.22660482],[57.11967614,-4.22687829],[57.11923094,-4.22784604],[57.11841400,-4.22932684],[57.11762683,-4.23047065],[57.11607937,-4.23224613],[57.11461638,-4.23328356],[57.11403006,-4.23849298],[57.11349621,-4.23909451],[57.11250743,-4.24020392],[57.11096573,-4.24098488],[57.11044069,-4.24208944],[57.10958882,-4.24385155],[57.10828046,-4.24554227],[57.10811579,-4.24743320],[57.10787506,-4.25024814],[57.10720202,-4.25098296],[57.10677760,-4.25177656],[57.10541750,-4.25237132],[57.10409469,-4.25221458],[57.10385461,-4.25234202],[57.10359266,-4.25302522],[57.10314275,-4.25424318],[57.10272488,-4.25533197],[57.10259331,-4.25570629],[57.10123739,-4.25804873],[57.10040175,-4.26021519],[57.09869944,-4.25934700],[57.09874846,-4.26058418],[57.09884287,-4.26259959],[57.09895136,-4.26547873],[57.09908412,-4.26832661],[57.09847907,-4.26923984],[57.09771016,-4.27132260],[57.09668272,-4.27323653],[57.09527165,-4.27499580],[57.09412981,-4.27702777],[57.09575644,-4.28267911],[57.09599805,-4.28351860],[57.09688105,-4.28417448],[57.09528652,-4.29021192],[57.09561122,-4.29155531],[57.09252418,-4.29802116],[57.09169541,-4.29917281],[57.09124880,-4.30090945],[57.09034871,-4.30237733],[57.09011666,-4.30572323],[57.09231359,-4.30909205],[57.09498872,-4.31000363],[57.09712799,-4.30881333],[57.09890571,-4.30813809],[57.09796014,-4.31203692],[57.09724046,-4.31456973],[57.09790113,-4.31681268],[57.09864731,-4.31916866],[57.09931230,-4.32114347],[57.09750522,-4.32554156],[57.09596656,-4.32651918],[57.09477398,-4.32773330],[57.09411963,-4.32833671],[57.09356276,-4.32840909],[57.09295197,-4.32820955],[57.09139679,-4.32693087],[57.09032018,-4.32976274],[57.08945684,-4.33217836],[57.08833975,-4.33404117],[57.08771054,-4.33486053],[57.08565236,-4.33387228],[57.08349959,-4.33642100],[57.08240746,-4.33694285],[57.08203393,-4.33971077],[57.07950924,-4.34180635],[57.07938370,-4.34539473],[57.07831469,-4.34623958],[57.07734583,-4.34800351],[57.07595590,-4.35038457],[57.07535173,-4.35141978],[57.07289328,-4.35153234],[57.07248529,-4.35145289],[57.07195400,-4.35013143],[57.07180912,-4.35318108],[57.06998499,-4.35376319],[57.06933343,-4.35407445],[57.06860456,-4.35520134],[57.06769181,-4.35660662],[57.06675016,-4.35808569],[57.06607806,-4.35911511],[57.06520691,-4.36049762],[57.06472212,-4.36070037],[57.06362989,-4.36122130],[57.06285464,-4.36203037],[57.06234196,-4.36285638],[57.06179041,-4.36416267],[57.06121726,-4.36586964],[57.06111967,-4.36680223],[57.06032325,-4.36802775],[57.05890919,-4.37021500],[57.05761879,-4.37220095],[57.05751386,-4.37212947],[57.05694187,-4.37219773],[57.05701784,-4.37202281],[57.05587092,-4.37203841],[57.05519896,-4.37192130],[57.05403701,-4.37206537],[57.05292754,-4.37022189],[57.05254995,-4.36897056],[57.05235046,-4.36773062],[57.05237157,-4.36661381],[57.05224844,-4.36447878],[57.05207860,-4.36324075],[57.04800552,-4.36486347],[57.04457166,-4.36726273],[57.04162349,-4.36991060],[57.04063479,-4.37189237],[57.03917271,-4.37610659],[57.03731884,-4.38293978],[57.03519600,-4.38749246],[57.03472977,-4.39245097],[57.03346286,-4.39574956],[57.03208227,-4.40032169],[57.03118312,-4.40380706],[57.02990820,-4.40595970],[57.02867358,-4.40833285],[57.02696622,-4.40901274],[57.02654064,-4.40950300],[57.02599018,-4.41107529],[57.02496528,-4.41566904],[57.02451393,-4.41749288],[57.02403381,-4.41849725],[57.02197486,-4.42275077],[57.01997878,-4.42605422],[57.01815756,-4.42953221],[57.01712971,-4.43041877],[57.01530877,-4.43081759],[57.01398188,-4.43103066],[57.01324821,-4.43130970],[57.01149734,-4.43421931],[57.01027918,-4.43724526],[57.00869571,-4.43918467],[57.00723994,-4.44219467],[57.00566797,-4.44582325],[57.00515637,-4.44614375],[57.00442007,-4.44579581],[57.00207592,-4.44482484],[57.00046376,-4.44594460],[56.99987359,-4.44800291],[56.99956740,-4.45149596],[56.99932982,-4.45224289],[56.99847645,-4.45559086],[56.99805491,-4.45964803],[56.99790417,-4.46353236],[56.99753818,-4.46702117],[56.99683483,-4.46877193],[56.99646571,-4.46940105],[56.99486617,-4.47212704],[56.99455726,-4.47346808],[56.99266294,-4.47606526],[56.99174322,-4.47597694],[56.99029872,-4.47386616],[56.98740123,-4.46705814],[56.98382829,-4.45451711],[56.98354864,-4.44603257],[56.98403280,-4.44179040],[56.98312314,-4.43737534],[56.98250229,-4.43414983],[56.98149546,-4.43166148],[56.98023196,-4.42861214],[56.97558040,-4.42168053],[56.97448127,-4.41903986],[56.97482180,-4.41867033],[56.97507943,-4.41770797],[56.97491192,-4.41693692],[56.97465573,-4.41587215],[56.97475774,-4.41319502],[56.97479605,-4.41186140],[56.97477255,-4.41014365],[56.97473875,-4.40863260],[56.97486964,-4.40804210],[56.97539768,-4.40675156],[56.97551480,-4.40589525],[56.97558554,-4.40450606],[56.97570056,-4.40343076],[56.97540849,-4.40357319],[56.97503880,-4.40382581],[56.97452332,-4.40413813],[56.97444098,-4.40416737],[56.97412873,-4.40437760],[56.97397893,-4.40464438],[56.97376640,-4.40522961],[56.97364920,-4.40576338],[56.97362897,-4.40648770],[56.97352191,-4.40714884],[56.97336250,-4.40758774],[56.97298394,-4.40830043],[56.97260244,-4.40884015],[56.97228566,-4.40895792],[56.97203482,-4.40891868],[56.97181221,-4.40872002],[56.97148368,-4.40846845],[56.97097341,-4.40818213],[56.97054688,-4.40812005],[56.97027948,-4.40828706],[56.97006597,-4.40859574],[56.96978727,-4.40934937],[56.96967901,-4.40974546],[56.96945417,-4.41064074],[56.96926305,-4.41076659],[56.96889689,-4.41083506],[56.96850156,-4.41078647],[56.96830438,-4.41090042],[56.96815435,-4.41117863],[56.96808835,-4.41101312],[56.96789352,-4.41067808],[56.96769220,-4.41035415],[56.96747157,-4.41005200],[56.96728267,-4.41006284],[56.96709043,-4.41024616],[56.96700189,-4.41059743],[56.96685717,-4.41059960],[56.96663028,-4.41029706],[56.96631314,-4.40978140],[56.96606517,-4.40959265],[56.96594492,-4.40963094],[56.96567501,-4.40960199],[56.96518809,-4.40940933],[56.96472543,-4.40926429],[56.96456408,-4.40915025],[56.96411797,-4.40879901],[56.96372476,-4.40831304],[56.96350237,-4.40810295],[56.96329771,-4.40795157],[56.96307155,-4.40793698],[56.96254163,-4.40801791],[56.96222730,-4.40800914],[56.96190837,-4.40758557],[56.96146557,-4.40706189],[56.96090230,-4.40658803],[56.96009450,-4.40541910],[56.95939934,-4.40428053],[56.95914189,-4.40393005],[56.95828239,-4.40250462],[56.95795474,-4.40220723],[56.95759601,-4.40156243],[56.95712300,-4.40064552],[56.95642052,-4.39923035],[56.95550696,-4.39799738],[56.95407845,-4.39606372],[56.95385779,-4.39576175],[56.95318217,-4.39491259],[56.95275816,-4.39439041],[56.95236787,-4.39407759],[56.95201264,-4.39390515],[56.95136258,-4.39369080],[56.94970525,-4.39319320],[56.94830572,-4.39270064],[56.94800338,-4.39239351],[56.94779881,-4.39190850],[56.94748664,-4.39112884],[56.94723452,-4.39016891],[56.94699719,-4.38975089],[56.94679142,-4.38965715],[56.94582407,-4.38991751],[56.94486599,-4.39035106],[56.94443496,-4.39085287],[56.94425686,-4.39095656],[56.94459563,-4.39034526],[56.94520572,-4.38936002],[56.94533920,-4.38928800],[56.94569425,-4.38848206],[56.94587134,-4.38810207],[56.94669933,-4.38723428],[56.94676523,-4.38707735],[56.94720911,-4.38623100],[56.94736735,-4.38584979],[56.94794886,-4.38471294],[56.94829169,-4.38421691],[56.94861975,-4.38383501],[56.94920833,-4.38298627],[56.94942982,-4.38258606],[56.94949878,-4.38226817],[56.94958527,-4.38202046],[56.94983970,-4.38154173],[56.94992816,-4.38119056],[56.94994582,-4.38059314],[56.95006744,-4.38015198],[56.95015305,-4.37995026],[56.95041617,-4.37934547],[56.95054706,-4.37907757],[56.95065195,-4.37885403],[56.95063126,-4.37828869],[56.95066508,-4.37816422],[56.95051525,-4.37777483],[56.95038030,-4.37759357],[56.95002827,-4.37758265],[56.94968406,-4.37749169],[56.94899867,-4.37714878],[56.94890406,-4.37683197],[56.94904456,-4.37605822],[56.94915535,-4.37552430],[56.94946461,-4.37480734],[56.94968088,-4.37434916],[56.94992773,-4.37360517],[56.95020495,-4.37258684],[56.95039094,-4.37173538],[56.95075814,-4.36995154],[56.95097551,-4.36910202],[56.95110987,-4.36865013],[56.95130771,-4.36816772],[56.95179265,-4.36713947],[56.95195257,-4.36666615],[56.95202999,-4.36556600],[56.95218104,-4.36489643],[56.95210524,-4.36458081],[56.95193325,-4.36436271],[56.95181110,-4.36383698],[56.95151868,-4.36333501],[56.95150309,-4.36316136],[56.95140715,-4.36257974],[56.95128326,-4.36214602],[56.95116173,-4.36191963],[56.95104174,-4.36161275],[56.95092868,-4.36093797],[56.95084921,-4.35981642],[56.95084922,-4.35948262],[56.95076735,-4.35882134],[56.95059689,-4.35718757],[56.95062895,-4.35682124],[56.95085664,-4.35575362],[56.95121170,-4.35426813],[56.95159688,-4.35318739],[56.95168156,-4.35236394],[56.95228032,-4.35163042],[56.95234572,-4.35116258],[56.95228636,-4.35097468],[56.95218584,-4.35096834],[56.95190487,-4.35119236],[56.95174131,-4.35119359],[56.95163754,-4.35102589],[56.95155195,-4.35056007],[56.95170618,-4.35038562],[56.95165960,-4.35018700],[56.95155062,-4.34996142],[56.95140871,-4.34981436],[56.95140697,-4.34957253],[56.95128802,-4.34920820],[56.95112227,-4.34899059],[56.95087877,-4.34889469],[56.95065346,-4.34883448],[56.95049032,-4.34847888],[56.95037287,-4.34803411],[56.95046556,-4.34745290],[56.95046618,-4.34708461],[56.95039379,-4.34658509],[56.95045247,-4.34613988],[56.95047000,-4.34587624],[56.95036470,-4.34578905],[56.95019248,-4.34591635],[56.95004428,-4.34576892],[56.95004448,-4.34542363],[56.95003189,-4.34508902],[56.94990100,-4.34468946],[56.94975345,-4.34450753],[56.94956390,-4.34455318],[56.94933729,-4.34456197],[56.94904004,-4.34431311],[56.94872786,-4.34418991],[56.94845163,-4.34416107],[56.94830495,-4.34393316],[56.94826550,-4.34368898],[56.94816822,-4.34351023],[56.94812162,-4.34331165],[56.94799228,-4.34316540],[56.94799551,-4.34299296],[56.94793483,-4.34287406],[56.94793656,-4.34278209],[56.94797120,-4.34261162],[56.94794714,-4.34255257],[56.94794800,-4.34250657],[56.94797443,-4.34243917],[56.94794298,-4.34210342],[56.94789725,-4.34185883],[56.94783029,-4.34173955],[56.94777371,-4.34140223],[56.94778060,-4.34103435],[56.94776390,-4.34091820],[56.94777265,-4.33977930],[56.94775074,-4.33960528],[56.94780272,-4.33951646],[56.94780444,-4.33942449],[56.94775049,-4.33928299],[56.94776435,-4.33921481],[56.94771124,-4.33902732],[56.94772939,-4.33872920],[56.94759070,-4.33840976],[56.94758072,-4.33827101],[56.94747649,-4.33812639],[56.94747993,-4.33794245],[56.94725350,-4.33760600],[56.94724089,-4.33727144],[56.94712603,-4.33702255],[56.94692231,-4.33648036],[56.94693310,-4.33623934],[56.94682517,-4.33595636],[56.94682688,-4.33586441],[56.94686480,-4.33585525],[56.94691093,-4.33574305],[56.94690743,-4.33559322],[56.94687253,-4.33544142],[56.94683591,-4.33538157],[56.94680664,-4.33526465],[56.94682743,-4.33516236],[56.94676491,-4.33446789],[56.94675336,-4.33407586],[56.94678214,-4.33388201],[56.94675288,-4.33376508],[56.94671190,-4.33360139],[56.94676731,-4.33332862],[56.94657056,-4.33308615],[56.94646391,-4.33273420],[56.94635120,-4.33237039],[56.94624289,-4.33244417],[56.94607782,-4.33252595],[56.94610081,-4.33264247],[56.94599422,-4.33262430],[56.94597929,-4.33274997],[56.94593725,-4.33264376],[56.94586621,-4.33274291],[56.94587684,-4.33284714],[56.94584000,-4.33279881],[56.94563053,-4.33290082],[56.94566773,-4.33259239],[56.94571842,-4.33257255],[56.94570801,-4.33245680],[56.94568695,-4.33223681],[56.94565419,-4.33197007],[56.94548885,-4.33172957],[56.94536599,-4.33157228],[56.94523554,-4.33148356],[56.94503707,-4.33133307],[56.94488802,-4.33123169],[56.94471231,-4.33120922],[56.94462521,-4.33115774],[56.94463991,-4.33104357],[56.94473501,-4.33100348],[56.94499260,-4.33101956],[56.94502744,-4.33083759],[56.94510997,-4.33079670],[56.94512490,-4.33067104],[56.94518295,-4.33059410],[56.94519137,-4.33047955],[56.94525441,-4.33047197],[56.94534859,-4.33014409],[56.94533231,-4.33000496],[56.94539835,-4.32983646],[56.94558696,-4.32950296],[56.94569913,-4.32922223],[56.94575653,-4.32917978],[56.94589639,-4.32876267],[56.94588532,-4.32868140],[56.94607822,-4.32811799],[56.94608750,-4.32795744],[56.94615162,-4.32789237],[56.94613490,-4.32777625],[56.94619231,-4.32773380],[56.94640126,-4.32732098],[56.94635878,-4.32723777],[56.94650150,-4.32700496],[56.94647743,-4.32694592],[56.94652270,-4.32687969],[56.94651185,-4.32678693],[56.94646158,-4.32678380],[56.94645245,-4.32659908],[56.94652177,-4.32659191],[56.94659588,-4.32666556],[56.94672101,-4.32636261],[56.94674179,-4.32626034],[56.94683732,-4.32619722],[56.94692198,-4.32604138],[56.94701315,-4.32587442],[56.94708525,-4.32571778],[56.94748047,-4.32509785],[56.94762531,-4.32475009],[56.94774160,-4.32458468],[56.94793085,-4.32421665],[56.94810275,-4.32376696],[56.94829457,-4.32326095],[56.94831598,-4.32312417],[56.94844984,-4.32302891],[56.94855677,-4.32269028],[56.94863215,-4.32269497],[56.94871267,-4.32242374],[56.94871417,-4.32234325],[56.94871588,-4.32225129],[56.94877221,-4.32226631],[56.94884495,-4.32207516],[56.94890854,-4.32169927],[56.94903348,-4.32135025],[56.94911058,-4.32126296],[56.94929004,-4.32128916],[56.95083757,-4.32183549],[56.95247682,-4.32339676],[56.95334108,-4.32423389],[56.95527385,-4.32387551],[56.95619073,-4.31931926],[56.95708122,-4.31232387],[56.95745313,-4.30769157],[56.95749046,-4.30566813],[56.95852606,-4.30063007],[56.95936741,-4.29723048],[56.95928479,-4.29279854],[56.95906820,-4.28895867],[56.95913276,-4.28318526],[56.95890907,-4.27746928],[56.95766291,-4.27386692],[56.95537410,-4.26948771],[56.95479130,-4.26918310],[56.95279994,-4.26753893],[56.95163595,-4.26616275],[56.95060646,-4.26392451],[56.94906166,-4.25730390],[56.94864151,-4.25423264],[56.94820170,-4.25224803],[56.94802285,-4.24897387],[56.94820412,-4.24550385],[56.94801729,-4.24406583],[56.94796373,-4.24374756],[56.94789842,-4.24355487],[56.94776189,-4.24253993],[56.94751202,-4.24257211],[56.94740236,-4.24245542],[56.94563932,-4.24201924],[56.94462857,-4.24181699],[56.94329546,-4.24137520],[56.94279910,-4.24125106],[56.94237072,-4.24069058],[56.94218758,-4.23987749],[56.94241478,-4.23871153],[56.94267112,-4.23831797],[56.94314087,-4.23752827],[56.94346928,-4.23695026],[56.94355359,-4.23656211],[56.94355287,-4.23612166],[56.94350612,-4.23585150],[56.94326665,-4.23530240],[56.94304895,-4.23563927],[56.94303106,-4.23562155],[56.94205761,-4.23686840],[56.94057016,-4.24025954],[56.93837785,-4.24317307],[56.93769276,-4.24320150],[56.93774808,-4.24333597],[56.93593039,-4.24592676],[56.93438928,-4.24626608],[56.93201475,-4.24698721],[56.93013919,-4.24622653],[56.92927796,-4.24550151],[56.92803303,-4.24445353],[56.92783849,-4.24428406],[56.92797097,-4.24408764],[56.92757527,-4.24362366],[56.92680482,-4.24296428],[56.92506925,-4.24147670],[56.92480727,-4.24122519],[56.92296454,-4.23947982],[56.92186480,-4.23848649],[56.92137012,-4.23826824],[56.92055559,-4.23766931],[56.92005977,-4.23751387],[56.91984566,-4.23746963],[56.91934733,-4.23745551],[56.91821493,-4.23732486],[56.91734297,-4.23705262],[56.91687067,-4.23702436],[56.91578109,-4.23738352],[56.91425075,-4.23787342],[56.91438772,-4.24413661],[56.91346721,-4.24752310],[56.91333091,-4.25116635],[56.91318455,-4.25128063],[56.91188560,-4.25228314],[56.90996688,-4.25486926],[56.90875330,-4.25659715],[56.90764140,-4.25815098],[56.90612764,-4.26013066],[56.90422180,-4.26199641],[56.90310981,-4.26354988],[56.90140077,-4.26542726],[56.89960632,-4.26657902],[56.89858889,-4.26799004],[56.89756132,-4.26957897],[56.89697075,-4.27067290],[56.89577214,-4.27251200],[56.89410477,-4.27397489],[56.89263203,-4.27623821],[56.89198903,-4.27907953],[56.89164124,-4.28193876],[56.89147870,-4.28543934],[56.89103234,-4.28829244],[56.89030054,-4.29058796],[56.88935866,-4.29359056],[56.88852835,-4.29587982],[56.88789484,-4.29818107],[56.88698257,-4.29956508],[56.88527299,-4.30143999],[56.88409195,-4.30136737],[56.88271736,-4.30110288],[56.88193994,-4.30051514],[56.88057860,-4.29953161],[56.87861349,-4.29923093],[56.87723229,-4.29932607],[56.87603800,-4.29997252],[56.87542761,-4.30101473],[56.87470553,-4.30276979],[56.87298264,-4.30536290],[56.87098435,-4.30685923],[56.86978670,-4.30768507],[56.86799852,-4.30847445],[56.86660402,-4.30928801],[56.86452224,-4.30996921],[56.86313437,-4.31042329],[56.86183829,-4.31124276],[56.85946954,-4.31145637],[56.85761951,-4.31026307],[56.85665857,-4.30894480],[56.85561912,-4.30654262],[56.85437282,-4.30466744],[56.85262115,-4.30348066],[56.85176332,-4.30342793],[56.85145932,-4.30338844],[56.85126194,-4.30320182],[56.85124815,-4.30316903],[56.85101668,-4.30334257],[56.85066486,-4.30365720],[56.85051820,-4.30381222],[56.85040699,-4.30399401],[56.85028824,-4.30429652],[56.85026765,-4.30434898],[56.85018065,-4.30457059],[56.84985046,-4.30517358],[56.84972952,-4.30539577],[56.84963916,-4.30564553],[56.84959960,-4.30575490],[56.84958741,-4.30578861],[56.84954957,-4.30589317],[56.84931843,-4.30648583],[56.84910912,-4.30711263],[56.84900089,-4.30737661],[56.84892110,-4.30756032],[56.84879537,-4.30779860],[56.84861173,-4.30800872],[56.84853968,-4.30807083],[56.84852266,-4.30808551],[56.84829208,-4.30828427],[56.84788501,-4.30866924],[56.84763390,-4.30888339],[56.84745954,-4.30907767],[56.84734909,-4.30921848],[56.84724260,-4.30937983],[56.84721281,-4.30942495],[56.84714104,-4.30953368],[56.84696098,-4.30979321],[56.84669640,-4.31000652],[56.84638663,-4.31023344],[56.84613332,-4.31037419],[56.84611292,-4.31038553],[56.84566924,-4.31063204],[56.84518068,-4.31080693],[56.84501628,-4.31083148],[56.84498762,-4.31083577],[56.84455883,-4.31089980],[56.84427422,-4.31098065],[56.84407642,-4.31098486],[56.84391506,-4.31098193],[56.84389370,-4.31098153],[56.84374341,-4.31097879],[56.84351040,-4.31097456],[56.84337110,-4.31097417],[56.84332546,-4.31101236],[56.84320375,-4.31127545],[56.84303306,-4.31175691],[56.84292549,-4.31206483],[56.84289102,-4.31216351],[56.84278630,-4.31246326],[56.84256728,-4.31299044],[56.84214191,-4.31401423],[56.84184846,-4.31480281],[56.84183901,-4.31482824],[56.84161695,-4.31542492],[56.84133738,-4.31620300],[56.84106808,-4.31715388],[56.84100707,-4.31753547],[56.84097600,-4.31791664],[56.84097231,-4.31796197],[56.84096052,-4.31810655],[56.84094850,-4.31923731],[56.84095427,-4.31989361],[56.84098470,-4.32019067],[56.84117116,-4.32103854],[56.84117349,-4.32105007],[56.84118128,-4.32108859],[56.84138103,-4.32207646],[56.84139518,-4.32228232],[56.84138086,-4.32256841],[56.84133324,-4.32271305],[56.84124011,-4.32288767],[56.84112097,-4.32301148],[56.84100941,-4.32305894],[56.84097919,-4.32307478],[56.84072171,-4.32321631],[56.84062653,-4.32325961],[56.84008181,-4.32355382],[56.83975329,-4.32382043],[56.83966904,-4.32388969],[56.83961167,-4.32393685],[56.83917828,-4.32429312],[56.83876658,-4.32484255],[56.83873936,-4.32488433],[56.83829350,-4.32571404],[56.83798984,-4.32633470],[56.83766985,-4.32739729],[56.83766001,-4.32742999],[56.83758266,-4.32768680],[56.83735508,-4.32808260],[56.83716015,-4.32841483],[56.83675114,-4.32865998],[56.83647565,-4.32873305],[56.83640569,-4.32875378],[56.83637505,-4.32876285],[56.83576621,-4.32894314],[56.83520194,-4.32908025],[56.83516101,-4.32909935],[56.83513142,-4.32911315],[56.83490728,-4.32921771],[56.83427368,-4.32945708],[56.83404895,-4.32945952],[56.83392989,-4.32945891],[56.83389807,-4.32945693],[56.83373970,-4.32941571],[56.83348971,-4.32932641],[56.83296807,-4.32910546],[56.83281005,-4.32905895],[56.83276648,-4.32904613],[56.83261500,-4.32900156],[56.83225637,-4.32895469],[56.83204465,-4.32898253],[56.83174672,-4.32905420],[56.83157887,-4.32910124],[56.83155348,-4.32910837],[56.83150730,-4.32912130],[56.83103789,-4.32923150],[56.83081331,-4.32922575],[56.83070234,-4.32919527],[56.83068982,-4.32919183],[56.83050482,-4.32914102],[56.83022342,-4.32904977],[56.82980736,-4.32895016],[56.82959859,-4.32906015],[56.82941439,-4.32914069],[56.82938279,-4.32915450],[56.82887255,-4.32937759],[56.82882470,-4.32939851],[56.82846591,-4.32955538],[56.82798661,-4.32971413],[56.82764160,-4.32974411],[56.82759436,-4.32974820],[56.82749149,-4.32975714],[56.82672675,-4.32979980],[56.82668614,-4.32979672],[56.82663694,-4.32979299],[56.82612993,-4.32975454],[56.82572178,-4.32971279],[56.82561813,-4.32967410],[56.82557268,-4.32965713],[56.82519518,-4.32951617],[56.82488678,-4.32941988],[56.82461414,-4.32933475],[56.82458983,-4.32932788],[56.82412251,-4.32920369],[56.82386734,-4.32914222],[56.82402808,-4.32711794],[56.82468335,-4.32460673],[56.82513987,-4.32231223],[56.82510909,-4.32053563],[56.82585598,-4.31852841],[56.82703338,-4.31602061],[56.82797384,-4.31401731],[56.82820193,-4.31316293],[56.82839780,-4.31240312],[56.82858284,-4.31160902],[56.82578363,-4.30674097],[56.82514825,-4.30595285],[56.82494076,-4.30565805],[56.82480406,-4.30534013],[56.82473938,-4.30499131],[56.82474754,-4.30455994],[56.82486067,-4.30378818],[56.82519198,-4.30257703],[56.82548620,-4.30148905],[56.82555443,-4.30116749],[56.82556039,-4.30106937],[56.82555820,-4.30096318],[56.82549881,-4.30081929],[56.82533877,-4.30069776],[56.82480127,-4.30028966],[56.82344115,-4.29897487],[56.82189147,-4.29755707],[56.82132345,-4.29682757],[56.82107491,-4.29653202],[56.82068597,-4.29624008],[56.82027166,-4.29587346],[56.82000287,-4.29558889],[56.81973588,-4.29512419],[56.81958193,-4.29485625],[56.81904805,-4.29414967],[56.81891363,-4.29402599],[56.81871172,-4.29384024],[56.81857489,-4.29364907],[56.81846587,-4.29339866],[56.81835264,-4.29301394],[56.81831016,-4.29277978],[56.81827659,-4.29242430],[56.81826708,-4.29198224],[56.81802897,-4.29122964],[56.81759196,-4.29015047],[56.81746528,-4.28990074],[56.81585328,-4.28786484],[56.81560536,-4.28736933],[56.81539265,-4.28673662],[56.81484366,-4.28168151],[56.81416647,-4.27541386],[56.81353806,-4.26892865],[56.81366753,-4.26693905],[56.81396207,-4.26493625],[56.81483377,-4.26265662],[56.81616270,-4.25898565],[56.81664282,-4.25628181],[56.81660983,-4.25563025],[56.81640026,-4.25149362],[56.81767144,-4.25066001],[56.81787359,-4.24945379],[56.81803972,-4.24854007],[56.81872942,-4.24488791],[56.81913129,-4.24186866],[56.82015927,-4.23804769],[56.82048965,-4.23565337],[56.82108449,-4.23289176],[56.82236862,-4.23017194],[56.82270207,-4.22897662],[56.82234601,-4.22857684],[56.82234747,-4.22857190],[56.82231780,-4.22847179],[56.82232912,-4.22834135],[56.82236084,-4.22832684],[56.82237230,-4.22818820],[56.82238172,-4.22816418],[56.82240026,-4.22813250],[56.82242763,-4.22810954],[56.82248208,-4.22807999],[56.82254102,-4.22805071],[56.82261748,-4.22804706],[56.82260996,-4.22796466],[56.82251164,-4.22793424],[56.82245314,-4.22793896],[56.82243070,-4.22793763],[56.82240855,-4.22791992],[56.82239103,-4.22789430],[56.82238234,-4.22787739],[56.82237815,-4.22786075],[56.82237858,-4.22783619],[56.82239946,-4.22767353],[56.82240282,-4.22748524],[56.82239184,-4.22734528],[56.82239721,-4.22729642],[56.82240692,-4.22725603],[56.82242531,-4.22723253],[56.82244327,-4.22723360],[56.82254578,-4.22728066],[56.82255549,-4.22724026],[56.82253553,-4.22709976],[56.82258144,-4.22704512],[56.82265312,-4.22705757],[56.82270961,-4.22691341],[56.82267096,-4.22681278],[56.82260349,-4.22681697],[56.82258597,-4.22679134],[56.82253093,-4.22685364],[56.82244564,-4.22684857],[56.82242032,-4.22675692],[56.82228755,-4.22664251],[56.82222836,-4.22643412],[56.82208056,-4.22615492],[56.82207216,-4.22612164],[56.82206826,-4.22608863],[56.82206450,-4.22604743],[56.82185345,-4.22553502],[56.82195527,-4.22536896],[56.82200075,-4.22533888],[56.82202334,-4.22533203],[56.82205954,-4.22531778],[56.82212238,-4.22532151],[56.82232847,-4.22510427],[56.82237296,-4.22487745],[56.82244536,-4.22484897],[56.82247434,-4.22473595],[56.82287075,-4.22417761],[56.82289856,-4.22413008],[56.82292622,-4.22409075],[56.82294969,-4.22403477],[56.82297837,-4.22393813],[56.82298359,-4.22389747],[56.82298866,-4.22386499],[56.82299388,-4.22382432],[56.82315804,-4.22357444],[56.82319001,-4.22352579],[56.82320635,-4.22350091],[56.82351396,-4.22313396],[56.82355147,-4.22297081],[56.82355555,-4.22296012],[56.82357202,-4.22291695],[56.82360322,-4.22295666],[56.82377843,-4.22266611],[56.82401057,-4.22249957],[56.82405692,-4.22242036],[56.82407295,-4.22238751],[56.82407968,-4.22237373],[56.82408024,-4.22237257],[56.82411283,-4.22230894],[56.82414556,-4.22223712],[56.82417381,-4.22216503],[56.82420220,-4.22208476],[56.82422610,-4.22200422],[56.82425435,-4.22193213],[56.82427810,-4.22185978],[56.82430171,-4.22179562],[56.82432547,-4.22172326],[56.82435386,-4.22164299],[56.82437776,-4.22156245],[56.82444367,-4.22139425],[56.82448118,-4.22130632],[56.82452319,-4.22121866],[56.82452441,-4.22121576],[56.82453396,-4.22119296],[56.82454665,-4.22116268],[56.82457460,-4.22110697],[56.82459792,-4.22105917],[56.82484907,-4.22058231],[56.82499762,-4.22025962],[56.82500095,-4.22025236],[56.82500332,-4.22024722],[56.82501708,-4.22023165],[56.82502164,-4.22022782],[56.82503532,-4.22021634],[56.82504908,-4.22020076],[56.82507182,-4.22018571],[56.82509006,-4.22017040],[56.82513554,-4.22014031],[56.82515842,-4.22011708],[56.82517666,-4.22010177],[56.82520418,-4.22007061],[56.82525023,-4.22000777],[56.82527790,-4.21996843],[56.82531005,-4.21992936],[56.82533756,-4.21989820],[56.82535581,-4.21988289],[56.82537391,-4.21987577],[56.82538767,-4.21986019],[56.82541665,-4.21983840],[56.82543018,-4.21982823],[56.82571104,-4.21961706],[56.82587289,-4.21935854],[56.82588267,-4.21934294],[56.82592379,-4.21927723],[56.82593813,-4.21922890],[56.82595813,-4.21911535],[56.82596407,-4.21903374],[56.82596553,-4.21895187],[56.82596249,-4.21886973],[56.82587856,-4.21828287],[56.82586740,-4.21801635],[56.82586627,-4.21798945],[56.82585963,-4.21783098],[56.82586456,-4.21780668],[56.82586934,-4.21779057],[56.82587875,-4.21776654],[56.82589251,-4.21775096],[56.82591061,-4.21774384],[56.82592422,-4.21773645],[56.82596579,-4.21767334],[56.82608439,-4.21757381],[56.82612523,-4.21755163],[56.82616592,-4.21753765],[56.82617414,-4.21753813],[56.82618543,-4.21753880],[56.82620632,-4.21754003],[56.82624657,-4.21755061],[56.82632679,-4.21758813],[56.82636241,-4.21760663],[56.82640267,-4.21761721],[56.82643858,-4.21761933],[56.82651098,-4.21759083],[56.82654733,-4.21756839],[56.82658397,-4.21752957],[56.82661612,-4.21749050],[56.82668071,-4.21739596],[56.82669563,-4.21736681],[56.82670954,-4.21733966],[56.82671330,-4.21733232],[56.82674125,-4.21727660],[56.82676471,-4.21722062],[56.82680295,-4.21709174],[56.82693896,-4.21651786],[56.82708161,-4.21632959],[56.82709233,-4.21623187],[56.82709258,-4.21621777],[56.82709300,-4.21619445],[56.82709321,-4.21618274],[56.82709017,-4.21610061],[56.82708250,-4.21602639],[56.82706571,-4.21595983],[56.82704414,-4.21590938],[56.82701779,-4.21587504],[56.82699158,-4.21583251],[56.82696508,-4.21580635],[56.82693873,-4.21577201],[56.82691687,-4.21573794],[56.82690579,-4.21571945],[56.82689700,-4.21570478],[56.82688632,-4.21568696],[56.82686026,-4.21563624],[56.82683897,-4.21556942],[56.82678903,-4.21534518],[56.82653665,-4.21502155],[56.82652831,-4.21501086],[56.82625301,-4.21465785],[56.82611778,-4.21435456],[56.82611053,-4.21433828],[56.82611040,-4.21433799],[56.82605813,-4.21424475],[56.82594461,-4.21405775],[56.82589220,-4.21397270],[56.82583529,-4.21388738],[56.82577810,-4.21381844],[56.82574277,-4.21378357],[56.82572160,-4.21376552],[56.82570992,-4.21375575],[56.82567631,-4.21373047],[56.82544464,-4.21336439],[56.82531809,-4.21315203],[56.82528542,-4.21308388],[56.82528454,-4.21307524],[56.82526903,-4.21292359],[56.82526047,-4.21285359],[56.82524846,-4.21277092],[56.82524108,-4.21268034],[56.82523833,-4.21258183],[56.82524022,-4.21247540],[56.82523747,-4.21237689],[56.82522647,-4.21223691],[56.82519940,-4.21198945],[56.82519260,-4.21186611],[56.82519014,-4.21175123],[56.82519681,-4.21162869],[56.82520825,-4.21149004],[56.82522868,-4.21135192],[56.82524446,-4.21122172],[56.82526011,-4.21109970],[56.82527126,-4.21097743],[56.82528676,-4.21086360],[56.82529748,-4.21076589],[56.82530805,-4.21067636],[56.82533195,-4.21059581],[56.82535526,-4.21054801],[56.82538292,-4.21050866],[56.82538821,-4.21050422],[56.82541029,-4.21048569],[56.82543737,-4.21047909],[56.82545981,-4.21048041],[56.82546879,-4.21048094],[56.82549543,-4.21049890],[56.82567933,-4.21077200],[56.82582790,-4.21075617],[56.82585946,-4.21074983],[56.82588669,-4.21073504],[56.82591406,-4.21071207],[56.82594620,-4.21067298],[56.82596966,-4.21061700],[56.82599298,-4.21056920],[56.82601166,-4.21052932],[56.82604004,-4.21044903],[56.82604960,-4.21041681],[56.82606003,-4.21033547],[56.82606090,-4.21028635],[56.82604468,-4.21018704],[56.82583212,-4.20975653],[56.82575697,-4.20968654],[56.82566575,-4.20950906],[56.82558162,-4.20943854],[56.82552963,-4.20932893],[56.82536195,-4.20915514],[56.82531822,-4.20908700],[56.82527927,-4.20900275],[56.82524481,-4.20891877],[56.82517617,-4.20873442],[56.82515112,-4.20862641],[56.82512651,-4.20849383],[56.82511116,-4.20834540],[56.82510016,-4.20820543],[56.82509335,-4.20808210],[56.82509104,-4.20795903],[56.82509307,-4.20784441],[56.82523121,-4.20714771],[56.82529246,-4.20698741],[56.82536269,-4.20657356],[56.82535560,-4.20646660],[56.82534387,-4.20636756],[56.82532765,-4.20626826],[56.82530289,-4.20614387],[56.82527363,-4.20601922],[56.82523975,-4.20590248],[56.82517922,-4.20576780],[56.82510957,-4.20564077],[56.82503485,-4.20554622],[56.82473886,-4.20525837],[56.82427259,-4.20494412],[56.82421915,-4.20491640],[56.82416601,-4.20487229],[56.82411272,-4.20483638],[56.82404640,-4.20477512],[56.82391404,-4.20463621],[56.82374723,-4.20441333],[56.82363832,-4.20396439],[56.82344470,-4.20347769],[56.82338852,-4.20335147],[56.82334956,-4.20326723],[56.82331510,-4.20318325],[56.82328975,-4.20309161],[56.82325615,-4.20295852],[56.82324399,-4.20288405],[56.82322863,-4.20273563],[56.82321777,-4.20258748],[56.82322037,-4.20244012],[56.82324931,-4.20207304],[56.82322468,-4.20168642],[56.82324747,-4.20146977],[56.82339833,-4.20025868],[56.82341913,-4.20005797],[56.82343115,-4.19985511],[56.82342509,-4.19965348],[56.82328884,-4.19913854],[56.82313991,-4.19880266],[56.82298712,-4.19847147],[56.82288740,-4.19796442],[56.82278290,-4.19746348],[56.82241605,-4.19671231],[56.82187750,-4.19574427],[56.82169905,-4.19529295],[56.82147787,-4.19462410],[56.82118397,-4.19379678],[56.82076355,-4.19242140],[56.82073834,-4.19232159],[56.82070879,-4.19221333],[56.82068807,-4.19211379],[56.82067141,-4.19203906],[56.82065909,-4.19197279],[56.82065141,-4.19189859],[56.82063938,-4.19181594],[56.82062430,-4.19165117],[56.82053661,-4.19101507],[56.82050196,-4.19068526],[56.82047646,-4.19060183],[56.82045923,-4.19055985],[56.82045068,-4.19053476],[56.82043330,-4.19050097],[56.82031102,-4.19004314],[56.82012151,-4.18931916],[56.82010571,-4.18919532],[56.82007440,-4.18893127],[56.82006705,-4.18883792],[56.82005234,-4.18865137],[56.82004581,-4.18851169],[56.82003571,-4.18780638],[56.82001466,-4.18746918],[56.82000277,-4.18737834],[56.81998611,-4.18730362],[56.81996510,-4.18722045],[56.81993945,-4.18714521],[56.81991395,-4.18706178],[56.81985340,-4.18692714],[56.81978359,-4.18680835],[56.81973985,-4.18674025],[56.81969625,-4.18666396],[56.81965699,-4.18659611],[56.81924669,-4.18616249],[56.81906518,-4.18575040],[56.81869871,-4.18512269],[56.81837426,-4.18466131],[56.81827866,-4.18447548],[56.81823998,-4.18437490],[56.81818057,-4.18417478],[56.81815984,-4.18407525],[56.81815187,-4.18401743],[56.81813926,-4.18396753],[56.81813129,-4.18390971],[56.81806438,-4.18311100],[56.81793268,-4.18204451],[56.81793156,-4.18203134],[56.81793072,-4.18201801],[56.81793014,-4.18200470],[56.81792992,-4.18199142],[56.81792998,-4.18197798],[56.81793069,-4.18195754],[56.81794871,-4.18184190],[56.81795271,-4.18181395],[56.81795688,-4.18178617],[56.81795967,-4.18176552],[56.81796069,-4.18175837],[56.81796301,-4.18173884],[56.81796406,-4.18173021],[56.81796731,-4.18169336],[56.81796880,-4.18166477],[56.81796966,-4.18163598],[56.81796989,-4.18160731],[56.81796959,-4.18157845],[56.81796856,-4.18154988],[56.81796646,-4.18151567],[56.81795863,-4.18144966],[56.81795094,-4.18137547],[56.81793862,-4.18130920],[56.81793484,-4.18126801],[56.81793121,-4.18121864],[56.81791469,-4.18113574],[56.81791077,-4.18110273],[56.81790251,-4.18106128],[56.81780967,-4.18097395],[56.81773450,-4.18090403],[56.81771740,-4.18085387],[56.81769218,-4.18075408],[56.81768392,-4.18071263],[56.81768029,-4.18066326],[56.81767203,-4.18062181],[56.81763300,-4.18028359],[56.81759326,-4.17998630],[56.81757168,-4.17993588],[56.81755037,-4.17986909],[56.81753342,-4.17981075],[56.81750820,-4.17971096],[56.81748747,-4.17961143],[56.81746689,-4.17950371],[56.81746134,-4.17930674],[56.81743503,-4.17892453],[56.81740758,-4.17852520],[56.81735957,-4.17818647],[56.81736186,-4.17805550],[56.81726825,-4.17775509],[56.81722501,-4.17740025],[56.81714786,-4.17692873],[56.81708895,-4.17644188],[56.81719985,-4.17523563],[56.81722124,-4.17504022],[56.81723641,-4.17494277],[56.81726100,-4.17482129],[56.81731886,-4.17459522],[56.81733782,-4.17453896],[56.81736126,-4.17448296],[56.81738007,-4.17443489],[56.81739102,-4.17439455],[56.81745689,-4.17415255],[56.81740588,-4.17346951],[56.81739861,-4.17337076],[56.81738700,-4.17326357],[56.81736627,-4.17316405],[56.81735380,-4.17310597],[56.81733249,-4.17303918],[56.81731553,-4.17298084],[56.81700693,-4.17238122],[56.81688915,-4.17217775],[56.81684654,-4.17204419],[56.81680407,-4.17190243],[56.81672811,-4.17161945],[56.81671027,-4.17155992],[56.81668564,-4.17147770],[56.81665215,-4.17133647],[56.81657747,-4.17097983],[56.81649004,-4.17058147],[56.81646944,-4.17047377],[56.81645334,-4.17036632],[56.81644172,-4.17025913],[56.81643502,-4.17012764],[56.81643267,-4.17000460],[56.81643046,-4.16987338],[56.81642504,-4.16966822],[56.81642532,-4.16966251],[56.81643999,-4.16932496],[56.81645730,-4.16910473],[56.81652556,-4.16879732],[56.81651985,-4.16860854],[56.81658981,-4.16820290],[56.81662869,-4.16751688],[56.81661906,-4.16729509],[56.81662867,-4.16700068],[56.81663271,-4.16650929],[56.81663834,-4.16644407],[56.81664845,-4.16637910],[56.81665408,-4.16631388],[56.81665928,-4.16627321],[56.81666939,-4.16620824],[56.81668712,-4.16596346],[56.81677895,-4.16559185],[56.81678236,-4.16539540],[56.81685830,-4.16516216],[56.81687754,-4.16508953],[56.81688780,-4.16501638],[56.81690254,-4.16494349],[56.81690831,-4.16487007],[56.81690959,-4.16479641],[56.81691550,-4.16471481],[56.81692632,-4.16460892],[56.81694598,-4.16451172],[56.81696578,-4.16440635],[56.81698502,-4.16433371],[56.81698667,-4.16432676],[56.81700439,-4.16425290],[56.81702812,-4.16418052],[56.81705619,-4.16411659],[56.81710335,-4.16398821],[56.81711795,-4.16392350],[56.81712807,-4.16385853],[56.81713369,-4.16379331],[56.81713483,-4.16372782],[56.81713161,-4.16365390],[56.81712826,-4.16358815],[56.81712505,-4.16351422],[56.81711891,-4.16334999],[56.81707322,-4.16313432],[56.81686182,-4.16236832],[56.81687099,-4.16209846],[56.81655019,-4.16116229],[56.81653711,-4.16112876],[56.81648134,-4.16098626],[56.81647926,-4.16084685],[56.81649443,-4.16074940],[56.81646027,-4.16038691],[56.81645734,-4.16029661],[56.81645904,-4.16019839],[56.81646957,-4.16010887],[56.81648909,-4.16001986],[56.81650846,-4.15993904],[56.81653681,-4.15985873],[56.81664545,-4.15955363],[56.81667843,-4.15946540],[56.81670636,-4.15940965],[56.81672979,-4.15935364],[56.81677274,-4.15920863],[56.81678777,-4.15911936],[56.81680265,-4.15903828],[56.81688312,-4.15854310],[56.81696538,-4.15820369],[56.81699699,-4.15793512],[56.81701749,-4.15778881],[56.81704234,-4.15765095],[56.81705822,-4.15751257],[56.81708434,-4.15730103],[56.81710135,-4.15709717],[56.81711386,-4.15689304],[56.81712581,-4.15672166],[56.81714045,-4.15639475],[56.81714734,-4.15625586],[56.81715410,-4.15612514],[56.81715561,-4.15603772],[56.81716032,-4.15576498],[56.81716665,-4.15565882],[56.81716863,-4.15554422],[56.81717524,-4.15542170],[56.81718171,-4.15530736],[56.81724996,-4.15473771],[56.81725533,-4.15442666],[56.81726558,-4.15435350],[56.81726827,-4.15419798],[56.81726505,-4.15412405],[56.81724935,-4.15399205],[56.81720563,-4.15366179],[56.81720845,-4.15349808],[56.81720258,-4.15331748],[56.81723040,-4.15300771],[56.81724036,-4.15295093],[56.81724598,-4.15288570],[56.81725174,-4.15281229],[56.81723604,-4.15268028],[56.81722834,-4.15260610],[56.81722077,-4.15252373],[56.81721335,-4.15243317],[56.81720129,-4.15235054],[56.81718616,-4.15218580],[56.81717845,-4.15211161],[56.81717117,-4.15201287],[56.81716753,-4.15196350],[56.81716123,-4.15180746],[56.81715479,-4.15165960],[56.81714864,-4.15149537],[56.81714697,-4.15133140],[56.81714979,-4.15116769],[56.81720891,-4.15060571],[56.81721512,-4.15024554],[56.81722017,-4.15021306],[56.81722073,-4.15018032],[56.81722635,-4.15011509],[56.81724657,-4.14998515],[56.81725204,-4.14992810],[56.81726201,-4.14987132],[56.81726748,-4.14981428],[56.81727310,-4.14974905],[56.81727522,-4.14962626],[56.81726737,-4.14956026],[56.81724269,-4.14942775],[56.81723456,-4.14937812],[56.81722628,-4.14933668],[56.81721815,-4.14928705],[56.81722349,-4.14923819],[56.81722896,-4.14918115],[56.81723430,-4.14913230],[56.81723991,-4.14906707],[56.81724217,-4.14893610],[56.81720529,-4.14872914],[56.81720198,-4.14863440],[56.81717520,-4.14786708],[56.81716600,-4.14709634],[56.81718874,-4.14681906],[56.81718145,-4.14666837],[56.81717880,-4.14661364],[56.81719553,-4.14651841],[56.81720869,-4.14644329],[56.81719677,-4.14635247],[56.81720447,-4.14628081],[56.81725558,-4.14580686],[56.81726586,-4.14520930],[56.81728607,-4.14507936],[56.81729168,-4.14501413],[56.81732241,-4.14479465],[56.81738444,-4.14432296],[56.81741391,-4.14417716],[56.81742684,-4.14368627],[56.81743705,-4.14364638],[56.81744129,-4.14362974],[56.81745111,-4.14358114],[56.81746557,-4.14352461],[56.81747539,-4.14347601],[56.81748984,-4.14341947],[56.81749980,-4.14336269],[56.81751033,-4.14327316],[56.81751497,-4.14300303],[56.81750880,-4.14283880],[56.81750151,-4.14274006],[56.81749800,-4.14268250],[56.81740978,-4.14206293],[56.81736492,-4.14101157],[56.81735931,-4.14081460],[56.81736100,-4.14071637],[56.81736661,-4.14065114],[56.81737671,-4.14058617],[56.81737783,-4.14052068],[56.81738331,-4.14046364],[56.81737994,-4.14039790],[56.81738092,-4.14034060],[56.81737335,-4.14025823],[56.81736592,-4.14016767],[56.81735834,-4.14008530],[56.81718771,-4.13877277],[56.81715985,-4.13855815],[56.81707666,-4.13816831],[56.81693053,-4.13771195],[56.81687619,-4.13754236],[56.81682484,-4.13712976],[56.81681527,-4.13703761],[56.81672073,-4.13612421],[56.81669113,-4.13575381],[56.81667401,-4.13570368],[56.81665703,-4.13564535],[56.81663992,-4.13559522],[56.81663331,-4.13557714],[56.81661845,-4.13553664],[56.81656654,-4.13541898],[56.81654508,-4.13536040],[56.81651926,-4.13529338],[56.81651650,-4.13528700],[56.81649331,-4.13523455],[56.81636340,-4.13494858],[56.81614565,-4.13428072],[56.81611973,-4.13417830],[56.81603622,-4.13384843],[56.81601175,-4.13378133],[56.81574004,-4.13303684],[56.81554431,-4.13239483],[56.81515005,-4.13127453],[56.81512507,-4.13115841],[56.81512346,-4.13113193],[56.81512156,-4.13110085],[56.81511819,-4.13103512],[56.81512043,-4.13090415],[56.81512617,-4.13083074],[56.81513641,-4.13075758],[56.81514651,-4.13069261],[56.81520949,-4.13053543],[56.81517301,-4.13045651],[56.81511886,-4.13046982],[56.81500691,-4.13044708],[56.81493893,-4.13031336],[56.81492220,-4.13028044],[56.81468954,-4.12982277],[56.81445536,-4.12932609],[56.81439461,-4.12919975],[56.81433400,-4.12906522],[56.81427801,-4.12892276],[56.81426084,-4.12887643],[56.81423828,-4.12881556],[56.81422217,-4.12877212],[56.81411973,-4.12845498],[56.81381762,-4.12752574],[56.81380350,-4.12748230],[56.81347929,-4.12648514],[56.81332790,-4.12594037],[56.81331103,-4.12587969],[56.81325489,-4.12567772],[56.81310628,-4.12516955],[56.81292916,-4.12448771],[56.81279796,-4.12409551],[56.81278004,-4.12404193],[56.81271964,-4.12386140],[56.81227077,-4.12304132],[56.81222599,-4.12293063],[56.81221843,-4.12291195],[56.81201635,-4.12241249],[56.81155777,-4.12120880],[56.81154583,-4.12117748],[56.81116464,-4.12017697],[56.81095514,-4.11981287],[56.81087781,-4.11960369],[56.81082239,-4.11940262],[56.81080695,-4.11934662],[56.81052226,-4.11831383],[56.81033400,-4.11749218],[56.81033212,-4.11748165],[56.81032447,-4.11743888],[56.81015342,-4.11648255],[56.81020683,-4.11624799],[56.81017318,-4.11612289],[56.81015582,-4.11605838],[56.81013074,-4.11596517],[56.81003924,-4.11579617],[56.80999194,-4.11567062],[56.80995177,-4.11538983],[56.80985110,-4.11496636],[56.80982204,-4.11482546],[56.80979283,-4.11469274],[56.80975914,-4.11455977],[56.80972938,-4.11445979],[56.80969513,-4.11435956],[56.80966537,-4.11425958],[56.80957581,-4.11397600],[56.80950124,-4.11360317],[56.80956071,-4.11354098],[56.80954455,-4.11348191],[56.80953109,-4.11343281],[56.80949041,-4.11344691],[56.80918665,-4.11254508],[56.80923237,-4.11249850],[56.80921611,-4.11243418],[56.80919025,-4.11233229],[56.80915517,-4.11228117],[56.80898275,-4.11158335],[56.80883132,-4.11070650],[56.80883229,-4.11064921],[56.80885502,-4.11063411],[56.80885106,-4.11059145],[56.80884362,-4.11051059],[56.80880281,-4.11053287],[56.80875959,-4.11011423],[56.80875171,-4.11003798],[56.80865222,-4.10907446],[56.80851597,-4.10836231],[56.80820686,-4.10697694],[56.80803779,-4.10634489],[56.80796590,-4.10607872],[56.80796534,-4.10607694],[56.80794714,-4.10601869],[56.80776554,-4.10543673],[56.80774715,-4.10537679],[56.80774230,-4.10536093],[56.80766332,-4.10510334],[56.80759087,-4.10486991],[56.80753948,-4.10471958],[56.80753798,-4.10471544],[56.80753175,-4.10469824],[56.80748796,-4.10457744],[56.80744092,-4.10443555],[56.80739810,-4.10431027],[56.80735514,-4.10419318],[56.80731681,-4.10406816],[56.80729625,-4.10402025],[56.80728794,-4.10400090],[56.80718710,-4.10376600],[56.80704374,-4.10342399],[56.80703964,-4.10341421],[56.80703591,-4.10340530],[56.80702762,-4.10336388],[56.80698137,-4.10326594],[56.80697663,-4.10325591],[56.80693217,-4.10316194],[56.80687229,-4.10324869],[56.80674346,-4.10298954],[56.80673521,-4.10297295],[56.80652460,-4.10254933],[56.80650568,-4.10251053],[56.80649644,-4.10249158],[56.80624912,-4.10198424],[56.80623557,-4.10195646],[56.80622491,-4.10193459],[56.80605071,-4.10160538],[56.80596842,-4.10144586],[56.80596360,-4.10143650],[56.80592452,-4.10136077],[56.80586837,-4.10122657],[56.80572642,-4.10085002],[56.80571891,-4.10082806],[56.80571339,-4.10081189],[56.80553799,-4.10029887],[56.80546196,-4.10009790],[56.80545400,-4.10007684],[56.80537021,-4.09985536],[56.80539880,-4.09975866],[56.80537420,-4.09967685],[56.80537029,-4.09966384],[56.80535625,-4.09961704],[56.80530617,-4.09965519],[56.80520257,-4.09930637],[56.80519797,-4.09929093],[56.80517009,-4.09919708],[56.80513828,-4.09908488],[56.80508359,-4.09890064],[56.80504441,-4.09874561],[56.80500968,-4.09861474],[56.80500301,-4.09858621],[56.80499984,-4.09857261],[56.80497924,-4.09848444],[56.80494534,-4.09835247],[56.80484446,-4.09790318],[56.80483475,-4.09785997],[56.80471416,-4.09732290],[56.80465734,-4.09698269],[56.80465520,-4.09696986],[56.80462026,-4.09676068],[56.80465250,-4.09672463],[56.80464303,-4.09667057],[56.80464181,-4.09666151],[56.80463533,-4.09661293],[56.80460437,-4.09663692],[56.80458731,-4.09648608],[56.80450332,-4.09598040],[56.80449904,-4.09595464],[56.80446962,-4.09577755],[56.80445394,-4.09569477],[56.80441340,-4.09537962],[56.80440385,-4.09530250],[56.80440092,-4.09527885],[56.80432492,-4.09466552],[56.80430345,-4.09448281],[56.80427392,-4.09424471],[56.80427087,-4.09422015],[56.80426743,-4.09419249],[56.80423094,-4.09390378],[56.80420066,-4.09367324],[56.80419417,-4.09362229],[56.80418791,-4.09357316],[56.80416810,-4.09341767],[56.80415886,-4.09334180],[56.80410113,-4.09287096],[56.80409386,-4.09281173],[56.80409143,-4.09279188],[56.80398186,-4.09189969],[56.80396683,-4.09177732],[56.80394135,-4.09156982],[56.80394011,-4.09156007],[56.80380721,-4.09051456],[56.80380510,-4.09049791],[56.80368063,-4.08951880],[56.80367774,-4.08949605],[56.80366328,-4.08938233],[56.80368659,-4.08936446],[56.80366355,-4.08916235],[56.80366219,-4.08915043],[56.80364827,-4.08902799],[56.80362442,-4.08901978],[56.80358340,-4.08869081],[56.80357901,-4.08865562],[56.80348596,-4.08790943],[56.80348337,-4.08788866],[56.80341048,-4.08730424],[56.80337813,-4.08708948],[56.80336750,-4.08701593],[56.80336249,-4.08698123],[56.80334591,-4.08686655],[56.80330907,-4.08665154],[56.80328052,-4.08647796],[56.80325183,-4.08631255],[56.80321879,-4.08613871],[56.80318659,-4.08595975],[56.80318594,-4.08595616],[56.80304611,-4.08517902],[56.80303828,-4.08514040],[56.80302940,-4.08509661],[56.80289666,-4.08444177],[56.80285898,-4.08426779],[56.80285152,-4.08423334],[56.80275482,-4.08378685],[56.80268935,-4.08345536],[56.80268270,-4.08342165],[56.80263053,-4.08315748],[56.80250747,-4.08264901],[56.80249897,-4.08261386],[56.80231106,-4.08183750],[56.80229160,-4.08175961],[56.80228639,-4.08173874],[56.80204381,-4.08076784],[56.80204030,-4.08075383],[56.80202884,-4.08070797],[56.80193214,-4.08030948],[56.80191174,-4.08018550],[56.80183675,-4.07986990],[56.80183177,-4.07984895],[56.80178157,-4.07963773],[56.80160640,-4.07895557],[56.80160427,-4.07894723],[56.80159169,-4.07889829],[56.80150777,-4.07854147],[56.80140222,-4.07813431],[56.80137685,-4.07802602],[56.80136751,-4.07798619],[56.80118288,-4.07719818],[56.80117559,-4.07716707],[56.80116309,-4.07711370],[56.80097591,-4.07627726],[56.80097329,-4.07626555],[56.80095475,-4.07618274],[56.80094983,-4.07616068],[56.80088287,-4.07586150],[56.80075512,-4.07533172],[56.80075023,-4.07531145],[56.80067269,-4.07498994],[56.80058238,-4.07458954],[56.80057774,-4.07456894],[56.80042578,-4.07389523],[56.80038427,-4.07373435],[56.80037843,-4.07371173],[56.80029069,-4.07337180],[56.80017822,-4.07277509],[56.80017111,-4.07273743],[56.80015029,-4.07262697],[56.79998460,-4.07185645],[56.79998159,-4.07184242],[56.79995424,-4.07171527],[56.79997132,-4.07164496],[56.79994439,-4.07152374],[56.79994031,-4.07150532],[56.79991497,-4.07139075],[56.79989691,-4.07130933],[56.79984921,-4.07127542],[56.79977870,-4.07083064],[56.79977387,-4.07080022],[56.79977193,-4.07078796],[56.79971315,-4.07053902],[56.79962241,-4.07005902],[56.79961930,-4.07004263],[56.79960988,-4.06999281],[56.79956757,-4.06983487],[56.79952988,-4.06966900],[56.79949668,-4.06950338],[56.79948392,-4.06943514],[56.79948014,-4.06941495],[56.79945953,-4.06930478],[56.79942701,-4.06909824],[56.79939884,-4.06890014],[56.79937023,-4.06866925],[56.79936982,-4.06866599],[56.79936713,-4.06864451],[56.79932998,-4.06844591],[56.79929909,-4.06814119],[56.79926221,-4.06792623],[56.79919213,-4.06754565],[56.79908626,-4.06688465],[56.79904297,-4.06651374],[56.79902583,-4.06642453],[56.79902139,-4.06640135],[56.79893968,-4.06596754],[56.79886319,-4.06543102],[56.79873585,-4.06467107],[56.79873175,-4.06463682],[56.79872666,-4.06459420],[56.79870893,-4.06444601],[56.79868271,-4.06428684],[56.79865504,-4.06409107],[56.79865344,-4.06408135],[56.79864173,-4.06400991],[56.79861632,-4.06381819],[56.79859123,-4.06360749],[56.79856649,-4.06339190],[56.79854546,-4.06321287],[56.79846884,-4.06242214],[56.79840083,-4.06191000],[56.79839428,-4.06186177],[56.79839134,-4.06184012],[56.79832344,-4.06134003],[56.79824566,-4.06078773],[56.79824767,-4.06076949],[56.79824906,-4.06074177],[56.79828132,-4.05974914],[56.79828422,-4.05962269],[56.79828245,-4.05956674],[56.79827881,-4.05894857],[56.79825612,-4.05840125],[56.79829432,-4.05837943],[56.79829484,-4.05835326],[56.79825951,-4.05832135],[56.79826051,-4.05821789],[56.79826066,-4.05820191],[56.79826326,-4.05793026],[56.79826455,-4.05785253],[56.79826462,-4.05781831],[56.79826495,-4.05765896],[56.79826110,-4.05748923],[56.79824311,-4.05691269],[56.79823771,-4.05672240],[56.79823417,-4.05653369],[56.79823408,-4.05640096],[56.79823404,-4.05634917],[56.79823395,-4.05622575],[56.79823065,-4.05594025],[56.79823003,-4.05578167],[56.79823503,-4.05549483],[56.79823994,-4.05530068],[56.79824185,-4.05526057],[56.79825535,-4.05497591],[56.79828497,-4.05423099],[56.79827841,-4.05358475],[56.79827774,-4.05352006],[56.79827763,-4.05350861],[56.79826910,-4.05269444],[56.79827524,-4.05217918],[56.79828199,-4.05181250],[56.79828231,-4.05172767],[56.79828458,-4.05169635],[56.79828834,-4.05164442],[56.79831859,-4.05122666],[56.79834233,-4.05089760],[56.79835532,-4.05072551],[56.79836566,-4.05060471],[56.79836978,-4.05055411],[56.79837185,-4.05052872],[56.79840435,-4.05024124],[56.79840731,-4.04968928],[56.79841046,-4.04938808],[56.79841308,-4.04922279],[56.79841294,-4.04895270],[56.79841578,-4.04877924],[56.79841695,-4.04853870],[56.79842372,-4.04811957],[56.79842510,-4.04803480],[56.79843977,-4.04712645],[56.79843801,-4.04703676],[56.79843798,-4.04700597],[56.79843798,-4.04698942],[56.79842939,-4.04680060],[56.79842267,-4.04666265],[56.79841846,-4.04659035],[56.79841666,-4.04653621],[56.79841476,-4.04643292],[56.79841068,-4.04635244],[56.79840680,-4.04626050],[56.79839899,-4.04613396],[56.79838730,-4.04591549],[56.79838647,-4.04590666],[56.79838238,-4.04586307],[56.79837123,-4.04574427],[56.79834531,-4.04551683],[56.79832840,-4.04534230],[56.79830370,-4.04514932],[56.79827835,-4.04494157],[56.79826245,-4.04483113],[56.79826135,-4.04482235],[56.79825260,-4.04475246],[56.79816124,-4.04415245],[56.79815293,-4.04411122],[56.79810622,-4.04384645],[56.79809402,-4.04377372],[56.79800781,-4.04329534],[56.79800222,-4.04326430],[56.79796724,-4.04307024],[56.79793087,-4.04287663],[56.79796342,-4.04280961],[56.79796119,-4.04279830],[56.79795388,-4.04276127],[56.79795097,-4.04274670],[56.79794920,-4.04274480],[56.79789883,-4.04269309],[56.79772427,-4.04182608],[56.79771824,-4.04179611],[56.79766944,-4.04155377],[56.79759207,-4.04117450],[56.79754509,-4.04094248],[56.79753995,-4.04091755],[56.79746257,-4.04054246],[56.79733321,-4.03990765],[56.79730471,-4.03974903],[56.79724992,-4.03946140],[56.79724171,-4.03942060],[56.79723764,-4.03940038],[56.79723729,-4.03939864],[56.79699391,-4.03825026],[56.79694568,-4.03801597],[56.79693991,-4.03798795],[56.79686444,-4.03762135],[56.79667353,-4.03670415],[56.79667148,-4.03669404],[56.79666238,-4.03664897],[56.79662089,-4.03644367],[56.79665955,-4.03633275],[56.79665021,-4.03629949],[56.79658501,-4.03627466],[56.79647369,-4.03560696],[56.79647131,-4.03559342],[56.79646044,-4.03553158],[56.79643504,-4.03538704],[56.79643070,-4.03536617],[56.79642406,-4.03533628],[56.79635485,-4.03502484],[56.79633139,-4.03492628],[56.79628776,-4.03473017],[56.79621890,-4.03440887],[56.79621427,-4.03438728],[56.79613326,-4.03400936],[56.79608803,-4.03380711],[56.79608416,-4.03376923],[56.79608632,-4.03374642],[56.79609481,-4.03372231],[56.79610870,-4.03369686],[56.79614156,-4.03366604],[56.79613903,-4.03365305],[56.79613011,-4.03360728],[56.79612373,-4.03361267],[56.79611044,-4.03361211],[56.79609540,-4.03360327],[56.79608844,-4.03359454],[56.79608537,-4.03358979],[56.79608372,-4.03358659],[56.79607248,-4.03356486],[56.79606978,-4.03355963],[56.79605841,-4.03353478],[56.79603484,-4.03343147],[56.79598655,-4.03317705],[56.79597763,-4.03313003],[56.79592237,-4.03283889],[56.79585794,-4.03243039],[56.79580714,-4.03219434],[56.79580027,-4.03216246],[56.79561883,-4.03131950],[56.79551987,-4.03090104],[56.79551206,-4.03086803],[56.79536726,-4.03025577],[56.79521926,-4.02965887],[56.79520748,-4.02961133],[56.79511224,-4.02922725],[56.79486445,-4.02833221],[56.79484486,-4.02826145],[56.79482474,-4.02818880],[56.79481758,-4.02816291],[56.79452450,-4.02710429],[56.79451001,-4.02705194],[56.79445863,-4.02686640],[56.79442821,-4.02675896],[56.79442061,-4.02672678],[56.79427332,-4.02610306],[56.79411428,-4.02538209],[56.79390344,-4.02436183],[56.79389829,-4.02433691],[56.79378799,-4.02380314],[56.79378365,-4.02378212],[56.79340841,-4.02196702],[56.79340445,-4.02194781],[56.79338516,-4.02185457],[56.79343601,-4.02176724],[56.79341184,-4.02167243],[56.79340221,-4.02163441],[56.79334821,-4.02163969],[56.79334372,-4.02163945],[56.79299046,-4.02014656],[56.79297306,-4.02002393],[56.79296651,-4.01997776],[56.79295416,-4.01989078],[56.79291310,-4.01965111],[56.79286743,-4.01941939],[56.79281264,-4.01919536],[56.79277475,-4.01903775],[56.79273224,-4.01888808],[56.79263797,-4.01860462],[56.79258635,-4.01846265],[56.79253459,-4.01832886],[56.79250729,-4.01827220],[56.79249914,-4.01825536],[56.79247373,-4.01820277],[56.79228899,-4.01784551],[56.79226458,-4.01779851],[56.79207221,-4.01719045],[56.79200739,-4.01703140],[56.79194242,-4.01688053],[56.79187297,-4.01672942],[56.79182796,-4.01664676],[56.79179975,-4.01659497],[56.79178570,-4.01656916],[56.79170278,-4.01641733],[56.79161972,-4.01627368],[56.79152769,-4.01612954],[56.79137768,-4.01591817],[56.79136545,-4.01590093],[56.79133438,-4.01585716],[56.79122004,-4.01570364],[56.79110991,-4.01556673],[56.79099081,-4.01542933],[56.79094800,-4.01538708],[56.79076537,-4.01520641],[56.79074097,-4.01518227],[56.79057065,-4.01501379],[56.79038487,-4.01483188],[56.79020278,-4.01469930],[56.79014888,-4.01465374],[56.79013218,-4.01463963],[56.79010969,-4.01462062],[56.78992324,-4.01447962],[56.78978974,-4.01439878],[56.78970497,-4.01436148],[56.78961545,-4.01434031],[56.78955527,-4.01432054],[56.78953054,-4.01431242],[56.78952605,-4.01431095],[56.78939652,-4.01426307],[56.78926685,-4.01422337],[56.78913744,-4.01416731],[56.78903036,-4.01412063],[56.78892789,-4.01406601],[56.78885176,-4.01401091],[56.78882562,-4.01399233],[56.78858114,-4.01383456],[56.78811140,-4.01373535],[56.78808272,-4.01372928],[56.78806168,-4.01372484],[56.78787904,-4.01353723],[56.78786473,-4.01352253],[56.78771691,-4.01337070],[56.78757575,-4.01320758],[56.78734682,-4.01295010],[56.78732865,-4.01292967],[56.78685389,-4.01239574],[56.78683507,-4.01237457],[56.78683432,-4.01237373],[56.78668635,-4.01218717],[56.78667302,-4.01217038],[56.78658330,-4.01205737],[56.78639592,-4.01169531],[56.78629979,-4.01152643],[56.78621250,-4.01136621],[56.78612509,-4.01121417],[56.78604216,-4.01106237],[56.78597231,-4.01093583],[56.78590258,-4.01080112],[56.78583735,-4.01066664],[56.78536672,-4.00975731],[56.78536400,-4.00975201],[56.78533891,-4.00970314],[56.78526983,-4.00956859],[56.78524932,-4.00952862],[56.78483085,-4.00871354],[56.78459949,-4.00829186],[56.78433630,-4.00789304],[56.78415169,-4.00763759],[56.78399584,-4.00743731],[56.78396161,-4.00739330],[56.78381271,-4.00720198],[56.78255724,-4.00571405],[56.78252115,-4.00567128],[56.78237465,-4.00549766],[56.78236665,-4.00548818],[56.78234440,-4.00546183],[56.78196488,-4.00503229],[56.78145526,-4.00430932],[56.78141763,-4.00425517],[56.78136687,-4.00418217],[56.78113026,-4.00384178],[56.78091553,-4.00350291],[56.78063569,-4.00302142],[56.78047351,-4.00276722],[56.78038424,-4.00261856],[56.78037369,-4.00260102],[56.78031596,-4.00250507],[56.78016303,-4.00223499],[56.78008445,-4.00209166],[56.78001023,-4.00195674],[56.77988819,-4.00172105],[56.77984474,-4.00162870],[56.77979693,-4.00152793],[56.77977848,-4.00149617],[56.77975758,-4.00146035],[56.77972246,-4.00136959],[56.77970580,-4.00132663],[56.77965709,-4.00122581],[56.77965555,-4.00122259],[56.77964909,-4.00120918],[56.77964492,-4.00120061],[56.77960347,-4.00110247],[56.77960178,-4.00109847],[56.77952578,-4.00091849],[56.77952205,-4.00090968],[56.77944210,-4.00072035],[56.77943888,-4.00071274],[56.77935485,-4.00051378],[56.77934881,-4.00049946],[56.77927116,-4.00031562],[56.77926781,-4.00030768],[56.77919118,-4.00012623],[56.77918905,-4.00012121],[56.77914276,-4.00001158],[56.77910457,-3.99991601],[56.77909994,-3.99990445],[56.77905333,-3.99978779],[56.77903662,-3.99974593],[56.77867188,-3.99883244],[56.77864163,-3.99875716],[56.77826434,-3.99734566],[56.77806202,-3.99662916],[56.77803420,-3.99653068],[56.77722249,-3.99365630],[56.77710193,-3.99320674],[56.77704442,-3.99299229],[56.77613284,-3.98959353],[56.77610327,-3.98948329],[56.77562364,-3.98769514],[56.77534335,-3.98667366],[56.77520558,-3.98623112],[56.77518291,-3.98615830],[56.77517237,-3.98612446],[56.77508238,-3.98584963],[56.77501380,-3.98564140],[56.77494061,-3.98544112],[56.77486754,-3.98523265],[56.77450037,-3.98430483],[56.77424895,-3.98372686],[56.77412686,-3.98347958],[56.77410843,-3.98344229],[56.77407726,-3.98337915],[56.77405184,-3.98333006],[56.77306736,-3.98145489],[56.77306011,-3.98144158],[56.77303864,-3.98140228],[56.77255649,-3.98051958],[56.77236876,-3.98017416],[56.77215168,-3.97969627],[56.77190935,-3.97911066],[56.77183517,-3.97889251],[56.77167536,-3.97842226],[56.77165700,-3.97836825],[56.77136843,-3.97751916],[56.77129993,-3.97731081],[56.77128565,-3.97726737],[56.77094405,-3.97622843],[56.77076032,-3.97562958],[56.77051848,-3.97492141],[56.77048221,-3.97481519],[56.77036586,-3.97447450],[56.77033761,-3.97439181],[56.77027937,-3.97422135],[56.76949930,-3.97196788],[56.76947483,-3.97189721],[56.76947154,-3.97188771],[56.76855659,-3.96922124],[56.76847952,-3.96897990],[56.76835330,-3.96856061],[56.76830585,-3.96839701],[56.76824498,-3.96818208],[56.76815111,-3.96786623],[56.76806173,-3.96755061],[56.76779398,-3.96657924],[56.76779044,-3.96657578],[56.76778861,-3.96654106],[56.76778283,-3.96643137],[56.76775155,-3.96613516],[56.76772680,-3.96599476],[56.76770193,-3.96586254],[56.76767269,-3.96572191],[56.76762230,-3.96549835],[56.76756134,-3.96521466],[56.76753705,-3.96508542],[56.76758123,-3.96503094],[56.76753231,-3.96401146],[56.76751573,-3.96383392],[56.76750483,-3.96371729],[56.76748402,-3.96349459],[56.76748247,-3.96347847],[56.76746352,-3.96312416],[56.76744912,-3.96280560],[56.76744125,-3.96250063],[56.76743503,-3.96227938],[56.76743366,-3.96196674],[56.76743382,-3.96172782],[56.76743568,-3.96143826],[56.76743607,-3.96142764],[56.76743916,-3.96134355],[56.76744827,-3.96109525],[56.76744938,-3.96106238],[56.76745480,-3.96090248],[56.76746334,-3.96065091],[56.76745082,-3.96064698],[56.76745067,-3.96059951],[56.76746329,-3.96059690],[56.76746654,-3.96048775],[56.76746693,-3.96047435],[56.76746808,-3.96043514],[56.76746831,-3.96042697],[56.76745898,-3.96039129],[56.76745599,-3.96037559],[56.76745083,-3.96036059],[56.76744547,-3.96035868],[56.76742828,-3.96036596],[56.76741389,-3.96036685],[56.76740681,-3.96035994],[56.76737944,-3.96027177],[56.76738151,-3.96025388],[56.76738441,-3.96024094],[56.76737772,-3.96020950],[56.76736140,-3.96016119],[56.76734209,-3.96013236],[56.76733059,-3.96012031],[56.76732903,-3.96010550],[56.76732864,-3.96007275],[56.76731910,-3.96005098],[56.76731841,-3.96003785],[56.76732154,-3.96001019],[56.76730071,-3.95996328],[56.76729183,-3.95995627],[56.76726690,-3.95994188],[56.76725992,-3.95992843],[56.76725735,-3.95992011],[56.76726515,-3.95988124],[56.76725651,-3.95985952],[56.76725666,-3.95984971],[56.76725956,-3.95983676],[56.76725258,-3.95982331],[56.76724912,-3.95981495],[56.76725287,-3.95980532],[56.76726292,-3.95979439],[56.76727034,-3.95978005],[56.76726503,-3.95977486],[56.76725238,-3.95977911],[56.76724255,-3.95977533],[56.76723550,-3.95976678],[56.76723211,-3.95975351],[56.76722585,-3.95969427],[56.76722080,-3.95967273],[56.76720869,-3.95964264],[56.76719461,-3.95962391],[56.76712585,-3.95953850],[56.76709078,-3.95948267],[56.76708032,-3.95946249],[56.76707524,-3.95944258],[56.76706277,-3.95937811],[56.76705218,-3.95930883],[56.76705041,-3.95924982],[56.76704759,-3.95920058],[56.76706013,-3.95908832],[56.76705416,-3.95906837],[56.76704359,-3.95905473],[56.76704010,-3.95904800],[56.76703661,-3.95904127],[56.76700834,-3.95895306],[56.76700262,-3.95891676],[56.76700059,-3.95887411],[56.76699644,-3.95873807],[56.76699824,-3.95868088],[56.76700244,-3.95864183],[56.76701309,-3.95859329],[56.76704704,-3.95849196],[56.76705748,-3.95845650],[56.76705876,-3.95843202],[56.76705735,-3.95840740],[56.76704432,-3.95837890],[56.76704003,-3.95836558],[56.76703778,-3.95833764],[56.76703724,-3.95831471],[56.76703573,-3.95829663],[56.76704178,-3.95819712],[56.76704165,-3.95814801],[56.76703742,-3.95813143],[56.76702693,-3.95811288],[56.76702110,-3.95808312],[56.76702934,-3.95807373],[56.76703773,-3.95805453],[56.76703435,-3.95792671],[56.76702721,-3.95792307],[56.76700646,-3.95792853],[56.76700112,-3.95792498],[56.76699763,-3.95791825],[56.76699614,-3.95789854],[56.76699997,-3.95788401],[56.76700561,-3.95786794],[56.76701377,-3.95786345],[56.76702108,-3.95785565],[56.76702480,-3.95784766],[56.76702308,-3.95784266],[56.76701151,-3.95783551],[56.76699094,-3.95782953],[56.76699053,-3.95779842],[56.76699458,-3.95776917],[56.76700130,-3.95774170],[56.76700779,-3.95772895],[56.76701598,-3.95772283],[56.76704379,-3.95772591],[56.76705018,-3.95771970],[56.76704959,-3.95770003],[56.76704705,-3.95769008],[56.76702167,-3.95764621],[56.76702028,-3.95763779],[56.76701757,-3.95762145],[56.76700564,-3.95746536],[56.76700385,-3.95740799],[56.76700982,-3.95731339],[56.76701052,-3.95721196],[56.76701450,-3.95707307],[56.76701134,-3.95704509],[56.76697804,-3.95687643],[56.76696298,-3.95680528],[56.76696026,-3.95674950],[56.76696052,-3.95667587],[56.76695818,-3.95665284],[56.76695221,-3.95663289],[56.76694790,-3.95662121],[56.76694564,-3.95659327],[56.76694659,-3.95657859],[56.76695282,-3.95647909],[56.76695339,-3.95638584],[56.76695575,-3.95634996],[56.76696165,-3.95631754],[56.76696016,-3.95629783],[56.76695590,-3.95628288],[56.76693135,-3.95624396],[56.76692617,-3.95623060],[56.76692304,-3.95620098],[56.76689982,-3.95613431],[56.76689761,-3.95610310],[56.76688535,-3.95602555],[56.76686960,-3.95594127],[56.76686736,-3.95591170],[56.76686847,-3.95584139],[56.76686457,-3.95574627],[56.76684366,-3.95558972],[56.76683770,-3.95556814],[56.76682128,-3.95552637],[56.76679491,-3.95548900],[56.76677020,-3.95545989],[56.76676256,-3.95543167],[56.76675825,-3.95541999],[56.76674947,-3.95540645],[56.76673834,-3.95537150],[56.76673059,-3.95534982],[56.76672151,-3.95533855],[56.76661511,-3.95520636],[56.76660380,-3.95518286],[56.76659521,-3.95515786],[56.76658674,-3.95512469],[56.76658076,-3.95510475],[56.76655092,-3.95505901],[56.76653273,-3.95501552],[56.76651085,-3.95497838],[56.76642367,-3.95486420],[56.76641159,-3.95483248],[56.76638449,-3.95478362],[56.76633310,-3.95467948],[56.76630930,-3.95465043],[56.76629339,-3.95463324],[56.76627764,-3.95460623],[56.76626029,-3.95456606],[56.76624054,-3.95450776],[56.76619718,-3.95440732],[56.76616503,-3.95433691],[56.76613540,-3.95427810],[56.76610456,-3.95418158],[56.76605714,-3.95399584],[56.76604945,-3.95397089],[56.76604429,-3.95389862],[56.76603675,-3.95386386],[56.76598800,-3.95370587],[56.76596727,-3.95365243],[56.76593260,-3.95357044],[56.76591359,-3.95352200],[56.76589987,-3.95348037],[56.76587608,-3.95339241],[56.76586831,-3.95337236],[56.76585786,-3.95335055],[56.76582449,-3.95330136],[56.76580806,-3.95325960],[56.76578656,-3.95319793],[56.76576801,-3.95312006],[56.76576080,-3.95306404],[56.76574892,-3.95301924],[56.76572706,-3.95292319],[56.76570561,-3.95280099],[56.76569689,-3.95272689],[56.76569016,-3.95269709],[56.76568439,-3.95266406],[56.76568298,-3.95263944],[56.76568636,-3.95259543],[56.76568326,-3.95256418],[56.76567820,-3.95254264],[56.76565755,-3.95248430],[56.76564913,-3.95244786],[56.76564875,-3.95243802],[56.76564061,-3.95224614],[56.76563753,-3.95215597],[56.76562972,-3.95208029],[56.76561143,-3.95198607],[56.76560004,-3.95196748],[56.76559203,-3.95196215],[56.76558218,-3.95196000],[56.76555963,-3.95196538],[56.76555342,-3.95196015],[56.76555442,-3.95195365],[56.76554831,-3.95188461],[56.76554218,-3.95175992],[56.76553545,-3.95173012],[56.76545509,-3.95152467],[56.76540657,-3.95140924],[56.76539767,-3.95140387],[56.76537615,-3.95140111],[56.76535998,-3.95140027],[56.76535285,-3.95139663],[56.76534759,-3.95138818],[56.76534964,-3.95137192],[56.76535518,-3.95136239],[56.76536150,-3.95136108],[56.76536968,-3.95135496],[56.76536734,-3.95133193],[56.76535031,-3.95127213],[56.76533848,-3.95122406],[56.76532855,-3.95116955],[56.76530815,-3.95109485],[56.76527725,-3.95100161],[56.76524074,-3.95086553],[56.76520667,-3.95076263],[56.76520384,-3.95075398],[56.76516735,-3.95061626],[56.76514064,-3.95054288],[56.76513490,-3.95050821],[56.76513867,-3.95049696],[56.76514405,-3.95049723],[56.76515026,-3.95050247],[56.76515385,-3.95050265],[56.76515396,-3.95049611],[56.76510679,-3.95023675],[56.76510107,-3.95020045],[56.76509227,-3.95018854],[56.76508236,-3.95018967],[56.76507780,-3.95019434],[56.76507574,-3.95021060],[56.76507546,-3.95022858],[56.76507144,-3.95025619],[56.76506664,-3.95027558],[56.76505761,-3.95027838],[56.76504953,-3.95027796],[56.76504217,-3.95028904],[56.76502069,-3.95034029],[56.76501125,-3.95036925],[56.76501005,-3.95038883],[56.76501144,-3.95041508],[56.76501652,-3.95043498],[56.76501844,-3.95048466],[56.76501508,-3.95046927],[56.76499348,-3.95035688],[56.76496820,-3.95024920],[56.76495573,-3.95018473],[56.76493266,-3.95005099],[56.76492619,-3.95000484],[56.76492170,-3.94994733],[56.76491917,-3.94976392],[56.76492122,-3.94963312],[56.76493463,-3.94946527],[56.76495562,-3.94921435],[56.76497170,-3.94904827],[56.76498665,-3.94895414],[56.76502371,-3.94876788],[56.76504084,-3.94859203],[56.76504327,-3.94855125],[56.76506182,-3.94845730],[56.76510593,-3.94827958],[56.76513263,-3.94818115],[56.76514128,-3.94812252],[56.76515037,-3.94806392],[56.76516840,-3.94797403],[56.76517117,-3.94795192],[56.76518066,-3.94793163],[56.76516875,-3.94787701],[56.76516427,-3.94783587],[56.76516364,-3.94778985],[56.76516768,-3.94773868],[56.76516749,-3.94769285],[56.76515674,-3.94769066],[56.76515541,-3.94766113],[56.76514866,-3.94763297],[56.76513834,-3.94760298],[56.76512426,-3.94758425],[56.76512692,-3.94740409],[56.76520424,-3.94741166],[56.76523197,-3.94741964],[56.76525806,-3.94741772],[56.76532738,-3.94740985],[56.76539316,-3.94739853],[56.76543106,-3.94738904],[56.76546992,-3.94737469],[56.76549345,-3.94736445],[56.76553252,-3.94733702],[56.76556436,-3.94731249],[56.76560553,-3.94726553],[56.76567744,-3.94720707],[56.76573793,-3.94713165],[56.76576258,-3.94710674],[56.76577451,-3.94709100],[56.76580580,-3.94704353],[56.76580627,-3.94704273],[56.76581596,-3.94702605],[56.76582607,-3.94701185],[56.76584351,-3.94698820],[56.76586078,-3.94697601],[56.76587266,-3.94696353],[56.76588099,-3.94694760],[56.76588764,-3.94692503],[56.76592955,-3.94677338],[56.76594291,-3.94672334],[56.76595404,-3.94670101],[56.76596151,-3.94668339],[56.76597189,-3.94665120],[56.76600970,-3.94658934],[56.76607502,-3.94649290],[56.76612388,-3.94641360],[56.76613602,-3.94638478],[56.76614812,-3.94635758],[56.76616010,-3.94633857],[56.76617029,-3.94631946],[56.76618339,-3.94628577],[56.76619368,-3.94626012],[56.76619932,-3.94624405],[56.76622323,-3.94620928],[56.76623978,-3.94618559],[56.76625093,-3.94616162],[56.76625742,-3.94614887],[56.76626443,-3.94614334],[56.76626925,-3.94613966],[56.76628026,-3.94612550],[56.76629495,-3.94610499],[56.76631153,-3.94607966],[56.76632353,-3.94605901],[56.76634972,-3.94599327],[56.76636193,-3.94595954],[56.76637914,-3.94589333],[56.76639819,-3.94582395],[56.76640389,-3.94580461],[56.76641230,-3.94578377],[56.76641702,-3.94576929],[56.76643082,-3.94569145],[56.76644826,-3.94561053],[56.76645318,-3.94558297],[56.76645538,-3.94555690],[56.76646036,-3.94552606],[56.76646818,-3.94548556],[56.76647228,-3.94545304],[56.76647364,-3.94542365],[56.76647707,-3.94537637],[56.76648220,-3.94533573],[56.76648912,-3.94529518],[56.76648976,-3.94525430],[56.76648948,-3.94521501],[56.76649268,-3.94518244],[56.76649696,-3.94513848],[56.76650404,-3.94508812],[56.76650809,-3.94505887],[56.76651421,-3.94501173],[56.76651847,-3.94496940],[56.76652260,-3.94493525],[56.76652480,-3.94490918],[56.76652708,-3.94482093],[56.76652861,-3.94478010],[56.76653527,-3.94469862],[56.76653862,-3.94464512],[56.76653886,-3.94464153],[56.76654045,-3.94459743],[56.76655157,-3.94451782],[56.76655888,-3.94445274],[56.76656942,-3.94441074],[56.76658222,-3.94433939],[56.76659227,-3.94427118],[56.76659919,-3.94423063],[56.76660225,-3.94418987],[56.76660260,-3.94418498],[56.76660690,-3.94413939],[56.76660656,-3.94410337],[56.76661326,-3.94407753],[56.76661718,-3.94405646],[56.76661805,-3.94400086],[56.76662150,-3.94389467],[56.76662318,-3.94378675],[56.76661956,-3.94373093],[56.76662269,-3.94370327],[56.76662429,-3.94365262],[56.76662443,-3.94364935],[56.76662747,-3.94356933],[56.76663078,-3.94353022],[56.76662774,-3.94343679],[56.76662630,-3.94341380],[56.76662137,-3.94332681],[56.76662200,-3.94328594],[56.76662561,-3.94322721],[56.76662635,-3.94317979],[56.76662794,-3.94313569],[56.76662660,-3.94310616],[56.76662455,-3.94306515],[56.76662069,-3.94296676],[56.76662058,-3.94291602],[56.76662190,-3.94283100],[56.76662582,-3.94275265],[56.76662747,-3.94271019],[56.76662886,-3.94267262],[56.76663563,-3.94258460],[56.76664390,-3.94245738],[56.76664484,-3.94233961],[56.76664795,-3.94219740],[56.76664951,-3.94215493],[56.76664875,-3.94211725],[56.76664701,-3.94202716],[56.76664422,-3.94191737],[56.76664240,-3.94186164],[56.76663998,-3.94184351],[56.76663580,-3.94182366],[56.76662964,-3.94181516],[56.76663179,-3.94179236],[56.76663202,-3.94177764],[56.76663941,-3.94176493],[56.76664677,-3.94175386],[56.76665072,-3.94173115],[56.76665299,-3.94164290],[56.76665527,-3.94161192],[56.76666176,-3.94159917],[56.76665860,-3.94157118],[56.76665552,-3.94153830],[56.76665572,-3.94146794],[56.76665348,-3.94143837],[56.76664748,-3.94142006],[56.76663108,-3.94137666],[56.76661934,-3.94132205],[56.76660461,-3.94125812],[56.76660251,-3.94124918],[56.76659778,-3.94120639],[56.76659550,-3.94117992],[56.76659690,-3.94114743],[56.76660049,-3.94109034],[56.76660571,-3.94098588],[56.76660644,-3.94093846],[56.76660485,-3.94086801],[56.76660494,-3.94080419],[56.76660009,-3.94076957],[56.76659339,-3.94073813],[56.76658292,-3.94071796],[56.76657329,-3.94070110],[56.76656005,-3.94068568],[56.76653966,-3.94066827],[56.76651661,-3.94064744],[56.76649267,-3.94062657],[56.76647666,-3.94061592],[56.76646327,-3.94061032],[56.76645632,-3.94060096],[56.76645447,-3.94059841],[56.76644834,-3.94058828],[56.76643403,-3.94056070],[56.76643350,-3.94055969],[56.76640510,-3.94053695],[56.76639807,-3.94052677],[56.76638840,-3.94051318],[56.76634318,-3.94041593],[56.76632493,-3.94037572],[56.76630933,-3.94033891],[56.76627929,-3.94030021],[56.76626704,-3.94028436],[56.76624852,-3.94026213],[56.76623702,-3.94025008],[56.76623086,-3.94024158],[56.76622855,-3.94021692],[56.76622432,-3.94020034],[56.76622016,-3.94017885],[56.76621595,-3.94016063],[56.76620632,-3.94014377],[56.76619570,-3.94013340],[56.76619134,-3.94012499],[56.76618892,-3.94010687],[56.76618569,-3.94008379],[56.76617978,-3.94005894],[56.76617201,-3.94003890],[56.76615974,-3.94001863],[56.76614653,-3.94000159],[56.76613421,-3.93998459],[56.76611917,-3.93996908],[56.76607631,-3.93991680],[56.76607155,-3.93991099],[56.76603196,-3.93985658],[56.76602977,-3.93985287],[56.76601707,-3.93983126],[56.76600670,-3.93980455],[56.76599990,-3.93977965],[56.76596910,-3.93967988],[56.76595306,-3.93961359],[56.76593886,-3.93954413],[56.76591291,-3.93942169],[56.76588726,-3.93927964],[56.76587555,-3.93922340],[56.76585836,-3.93917342],[56.76583077,-3.93909836],[56.76583194,-3.93908042],[56.76583415,-3.93905435],[56.76583094,-3.93902964],[56.76582598,-3.93900156],[56.76581743,-3.93897330],[56.76580886,-3.93894668],[56.76577257,-3.93885317],[56.76576138,-3.93882150],[56.76574244,-3.93876815],[56.76573656,-3.93874167],[56.76570485,-3.93858458],[56.76568742,-3.93849204],[56.76566570,-3.93838619],[56.76564501,-3.93827221],[56.76562734,-3.93819439],[56.76561589,-3.93812179],[56.76560531,-3.93805088],[56.76558777,-3.93796489],[56.76555026,-3.93777640],[56.76550515,-3.93755644],[56.76548947,-3.93746726],[56.76547966,-3.93740457],[56.76547254,-3.93734202],[56.76547063,-3.93729120],[56.76546780,-3.93724196],[56.76546403,-3.93719594],[56.76546186,-3.93716147],[56.76546224,-3.93707967],[56.76546397,-3.93702576],[56.76546812,-3.93698997],[56.76547412,-3.93695100],[56.76547630,-3.93692657],[56.76547421,-3.93688719],[56.76546779,-3.93683777],[56.76546653,-3.93680334],[56.76547068,-3.93676755],[56.76548224,-3.93671742],[56.76549475,-3.93666406],[56.76550429,-3.93662855],[56.76550937,-3.93659117],[56.76551167,-3.93655856],[56.76551210,-3.93653077],[56.76550907,-3.93649461],[56.76550321,-3.93646649],[56.76549582,-3.93642193],[56.76549433,-3.93640221],[56.76549548,-3.93638591],[56.76550125,-3.93636166],[56.76551130,-3.93635072],[56.76551512,-3.93633619],[56.76550991,-3.93632447],[56.76549927,-3.93631574],[56.76548954,-3.93630542],[56.76548618,-3.93629052],[56.76548461,-3.93627571],[56.76548574,-3.93626104],[56.76548863,-3.93624810],[56.76549879,-3.93623062],[56.76550538,-3.93621132],[56.76550199,-3.93619806],[56.76549411,-3.93618456],[56.76548793,-3.93617770],[56.76548185,-3.93616429],[56.76547288,-3.93610492],[56.76546479,-3.93604723],[56.76546106,-3.93599795],[56.76545898,-3.93595856],[56.76545142,-3.93586654],[56.76544580,-3.93582370],[56.76544027,-3.93577432],[56.76543376,-3.93567253],[56.76543163,-3.93563642],[56.76542369,-3.93556892],[56.76542096,-3.93551314],[56.76541865,-3.93548848],[56.76541446,-3.93546863],[56.76541379,-3.93545386],[56.76541946,-3.93543615],[56.76542341,-3.93541345],[56.76542122,-3.93538061],[56.76541161,-3.93530484],[56.76540584,-3.93527181],[56.76539480,-3.93523034],[56.76538548,-3.93519385],[56.76537895,-3.93515097],[56.76537330,-3.93510977],[56.76536942,-3.93507030],[56.76536615,-3.93499158],[56.76535342,-3.93482729],[56.76534373,-3.93469915],[56.76534618,-3.93465673],[56.76534933,-3.93462744],[56.76536458,-3.93451367],[56.76538364,-3.93438538],[56.76538513,-3.93434782],[56.76538307,-3.93430680],[56.76538044,-3.93424448],[56.76536997,-3.93410812],[56.76536727,-3.93405071],[56.76536653,-3.93392467],[56.76536580,-3.93385590],[56.76536422,-3.93378382],[56.76535601,-3.93367540],[56.76535010,-3.93359327],[56.76534817,-3.93354408],[56.76535256,-3.93343467],[56.76535510,-3.93332844],[56.76535447,-3.93327080],[56.76535140,-3.93319668],[56.76535239,-3.93314404],[56.76535403,-3.93310796],[56.76537612,-3.93294644],[56.76539585,-3.93281621],[56.76541978,-3.93266362],[56.76544625,-3.93252098],[56.76546276,-3.93244164],[56.76548184,-3.93237062],[56.76549789,-3.93232072],[56.76551724,-3.93223171],[56.76551715,-3.93217934],[56.76551817,-3.93211393],[56.76552344,-3.93206348],[56.76552746,-3.93203586],[56.76555036,-3.93195031],[56.76556000,-3.93190826],[56.76556607,-3.93186439],[56.76556960,-3.93181057],[56.76557370,-3.93177805],[56.76557941,-3.93175707],[56.76562519,-3.93164487],[56.76563375,-3.93161422],[56.76563802,-3.93157026],[56.76564066,-3.93151639],[56.76563977,-3.93145744],[56.76563963,-3.93140834],[56.76564376,-3.93137418],[56.76566267,-3.93125570],[56.76567583,-3.93115983],[56.76568651,-3.93105074],[56.76569620,-3.93100541],[56.76570407,-3.93096163],[56.76573357,-3.93085515],[56.76574264,-3.93079179],[56.76575009,-3.93071690],[56.76575477,-3.93067590],[56.76575634,-3.93066158],[56.76575642,-3.93065668],[56.76578537,-3.93046998],[56.76579490,-3.93037719],[56.76580080,-3.93028585],[56.76582017,-3.93013793],[56.76585157,-3.92990881],[56.76586546,-3.92981837],[56.76587655,-3.92974645],[56.76590209,-3.92954812],[56.76590700,-3.92946328],[56.76594457,-3.92919552],[56.76595835,-3.92911801],[56.76596993,-3.92906100],[56.76598570,-3.92897082],[56.76600666,-3.92883591],[56.76604679,-3.92861754],[56.76607142,-3.92851277],[56.76611332,-3.92831953],[56.76613371,-3.92818655],[56.76617114,-3.92797982],[56.76618523,-3.92785323],[56.76620252,-3.92775806],[56.76621666,-3.92765732],[56.76623247,-3.92756486],[56.76623338,-3.92750599],[56.76624006,-3.92742288],[56.76625287,-3.92734989],[56.76625871,-3.92732074],[56.76626438,-3.92726195],[56.76627739,-3.92721696],[56.76627872,-3.92718921],[56.76631879,-3.92698017],[56.76634281,-3.92687994],[56.76636418,-3.92677630],[56.76639519,-3.92663061],[56.76642994,-3.92647529],[56.76644575,-3.92638283],[56.76646525,-3.92628400],[56.76648098,-3.92619644],[56.76653842,-3.92596864],[56.76655718,-3.92591724],[56.76657049,-3.92587046],[56.76660126,-3.92579840],[56.76663631,-3.92573964],[56.76667743,-3.92569593],[56.76672670,-3.92564772],[56.76677769,-3.92560451],[56.76683423,-3.92555177],[56.76687262,-3.92550955],[56.76690094,-3.92547991],[56.76692302,-3.92544667],[56.76694226,-3.92542311],[56.76696364,-3.92537675],[56.76698533,-3.92531076],[56.76703025,-3.92519524],[56.76708158,-3.92507186],[56.76712950,-3.92493685],[56.76717736,-3.92480511],[56.76723738,-3.92464290],[56.76726937,-3.92454962],[56.76729932,-3.92447260],[56.76733478,-3.92438768],[56.76734427,-3.92436706],[56.76737942,-3.92429014],[56.76743050,-3.92418311],[56.76748317,-3.92408925],[56.76751371,-3.92403190],[56.76753694,-3.92398236],[56.76756238,-3.92390675],[56.76758896,-3.92381483],[56.76761246,-3.92374730],[56.76764672,-3.92368195],[56.76768657,-3.92360380],[56.76774740,-3.92350545],[56.76779543,-3.92342117],[56.76789072,-3.92324440],[56.76793890,-3.92315031],[56.76799314,-3.92307126],[56.76804758,-3.92297912],[56.76810090,-3.92290166],[56.76814865,-3.92283537],[56.76819392,-3.92275586],[56.76824444,-3.92268480],[56.76829065,-3.92260206],[56.76834322,-3.92251474],[56.76840951,-3.92241176],[56.76846387,-3.92232453],[56.76851467,-3.92223548],[56.76855173,-3.92216373],[56.76858696,-3.92209352],[56.76859186,-3.92208445],[56.76862952,-3.92201387],[56.76870553,-3.92186392],[56.76872414,-3.92182232],[56.76874283,-3.92177582],[56.76875444,-3.92172241],[56.76876307,-3.92168685],[56.76876727,-3.92164778],[56.76877858,-3.92161399],[56.76883431,-3.92148477],[56.76881845,-3.92142930],[56.76880318,-3.92137615],[56.76876474,-3.92140381],[56.76873316,-3.92141201],[56.76870258,-3.92141372],[56.76867759,-3.92140263],[56.76864255,-3.92134356],[56.76863723,-3.92132119],[56.76862055,-3.92126699],[56.76852024,-3.92094127],[56.76848437,-3.92081375],[56.76848190,-3.92080511],[56.76839048,-3.92049769],[56.76836336,-3.92040302],[56.76831140,-3.92022280],[56.76826375,-3.92005508],[56.76817644,-3.91975474],[56.76808501,-3.91943635],[56.76796550,-3.91902686],[56.76792125,-3.91887682],[56.76787864,-3.91873211],[56.76774383,-3.91825981],[56.76751088,-3.91744867],[56.76737848,-3.91699466],[56.76725909,-3.91657079],[56.76706327,-3.91586302],[56.76697123,-3.91553104],[56.76689486,-3.91526646],[56.76688249,-3.91522377],[56.76687144,-3.91518262],[56.76685444,-3.91511924],[56.76681666,-3.91494549],[56.76680504,-3.91488910],[56.76675980,-3.91466931],[56.76668889,-3.91435936],[56.76668779,-3.91435472],[56.76665578,-3.91418617],[56.76663005,-3.91401843],[56.76662089,-3.91395938],[56.76661575,-3.91392558],[56.76653854,-3.91345199],[56.76650207,-3.91325212],[56.76647409,-3.91313124],[56.76646414,-3.91308818],[56.76643577,-3.91296368],[56.76639595,-3.91278852],[56.76632092,-3.91246560],[56.76624739,-3.91216239],[56.76621847,-3.91187946],[56.76617820,-3.91145849],[56.76614168,-3.91108516],[56.76609871,-3.91066405],[56.76605830,-3.91025126],[56.76611755,-3.90984516],[56.76616763,-3.90950897],[56.76618865,-3.90925148],[56.76619853,-3.90913416],[56.76621718,-3.90891419],[56.76623008,-3.90877575],[56.76618544,-3.90858038],[56.76617405,-3.90844398],[56.76618970,-3.90818459],[56.76620652,-3.90808398],[56.76633712,-3.90761228],[56.76635396,-3.90755144],[56.76640505,-3.90738384],[56.76642145,-3.90713430],[56.76643722,-3.90692564],[56.76648814,-3.90671057],[56.76653751,-3.90649707],[56.76654203,-3.90647766],[56.76663770,-3.90609795],[56.76671498,-3.90580403],[56.76682132,-3.90539049],[56.76697721,-3.90479846],[56.76701725,-3.90465386],[56.76701811,-3.90465064],[56.76702471,-3.90462479],[56.76702901,-3.90460766],[56.76705357,-3.90451170],[56.76726236,-3.90378586],[56.76736875,-3.90340995],[56.76739257,-3.90332115],[56.76742914,-3.90316262],[56.76744820,-3.90309158],[56.76752311,-3.90283518],[56.76770447,-3.90219794],[56.76786296,-3.90164628],[56.76787638,-3.90159132],[56.76793941,-3.90124151],[56.76794599,-3.90120470],[56.76795591,-3.90114988],[56.76795797,-3.90113853],[56.76800880,-3.90088106],[56.76808522,-3.90050166],[56.76812438,-3.90030284],[56.76816450,-3.90004662],[56.76823463,-3.89961944],[56.76823041,-3.89958404],[56.76822172,-3.89951159],[56.76822036,-3.89950007],[56.76821400,-3.89944607],[56.76823032,-3.89944248],[56.76823571,-3.89944226],[56.76823913,-3.89943605],[56.76826344,-3.89937984],[56.76832139,-3.89910341],[56.76842339,-3.89830667],[56.76845105,-3.89808386],[56.76847641,-3.89789367],[56.76850625,-3.89752696],[56.76854073,-3.89709175],[56.76855036,-3.89693185],[56.76858666,-3.89602214],[56.76860561,-3.89548468],[56.76861412,-3.89498433],[56.76859216,-3.89459603],[56.76858790,-3.89452151],[56.76856597,-3.89407200],[56.76854791,-3.89372251],[56.76853239,-3.89356135],[56.76847875,-3.89306933],[56.76845909,-3.89287851],[56.76845761,-3.89286370],[56.76842898,-3.89267733],[56.76837059,-3.89232091],[56.76832687,-3.89206341],[56.76829258,-3.89189476],[56.76817587,-3.89135375],[56.76807756,-3.89090368],[56.76801964,-3.89063402],[56.76793031,-3.89030223],[56.76786426,-3.89006522],[56.76790127,-3.88982275],[56.76793120,-3.88964440],[56.76793209,-3.88963938],[56.76795967,-3.88953914],[56.76798045,-3.88946097],[56.76795285,-3.88938414],[56.76792569,-3.88930832],[56.76789853,-3.88923266],[56.76788655,-3.88919933],[56.76784594,-3.88908600],[56.76780055,-3.88915164],[56.76766126,-3.88935329],[56.76742123,-3.88867061],[56.76736179,-3.88850136],[56.76712466,-3.88790032],[56.76701208,-3.88761975],[56.76696675,-3.88752747],[56.76679043,-3.88718314],[56.76665328,-3.88692261],[56.76656499,-3.88675945],[56.76632225,-3.88629071],[56.76609134,-3.88581275],[56.76600206,-3.88559554],[56.76591555,-3.88537356],[56.76579820,-3.88506952],[56.76579699,-3.88506635],[56.76573543,-3.88487606],[56.76569630,-3.88474826],[56.76563165,-3.88453622],[56.76555808,-3.88429035],[56.76550807,-3.88409148],[56.76544215,-3.88381490],[56.76537753,-3.88351220],[56.76533070,-3.88328076],[56.76527066,-3.88310856],[56.76520388,-3.88291883],[56.76515911,-3.88278895],[56.76513357,-3.88271305],[56.76508322,-3.88245281],[56.76503036,-3.88218605],[56.76498153,-3.88190870],[56.76491778,-3.88154191],[56.76491753,-3.88154026],[56.76491497,-3.88152573],[56.76488103,-3.88132096],[56.76487007,-3.88125512],[56.76486105,-3.88120395],[56.76485434,-3.88116597],[56.76484535,-3.88110662],[56.76483262,-3.88105689],[56.76477696,-3.88079114],[56.76473294,-3.88058800],[56.76470092,-3.88043454],[56.76466791,-3.88028742],[56.76465210,-3.88012659],[56.76463363,-3.87992113],[56.76459477,-3.87951828],[56.76458222,-3.87939657],[56.76457078,-3.87893913],[56.76456172,-3.87845530],[56.76456492,-3.87823684],[56.76456886,-3.87785577],[56.76457454,-3.87765806],[56.76457824,-3.87735225],[56.76457519,-3.87719664],[56.76456014,-3.87616663],[56.76455661,-3.87598319],[56.76455597,-3.87578679],[56.76455322,-3.87561157],[56.76456649,-3.87550587],[56.76457399,-3.87541903],[56.76457611,-3.87539180],[56.76461097,-3.87503977],[56.76464993,-3.87471395],[56.76466472,-3.87459081],[56.76466618,-3.87457763],[56.76467644,-3.87446900],[56.76468006,-3.87443105],[56.76468410,-3.87440180],[56.76468469,-3.87439839],[56.76470179,-3.87430123],[56.76476199,-3.87394260],[56.76477370,-3.87388100],[56.76477687,-3.87385007],[56.76478367,-3.87381604],[56.76477309,-3.87368297],[56.76476343,-3.87354831],[56.76475582,-3.87345629],[56.76475475,-3.87334824],[56.76475058,-3.87320731],[56.76473962,-3.87274040],[56.76473700,-3.87255537],[56.76473050,-3.87238977],[56.76472840,-3.87223094],[56.76472499,-3.87215877],[56.76472901,-3.87210661],[56.76476291,-3.87166812],[56.76478178,-3.87142851],[56.76479800,-3.87124605],[56.76478438,-3.87113574],[56.76473667,-3.87078155],[56.76470606,-3.87054603],[56.76467687,-3.87033513],[56.76465328,-3.87017032],[56.76465273,-3.86993106],[56.76465099,-3.86972970],[56.76465092,-3.86971661],[56.76474057,-3.86889144],[56.76475943,-3.86871238],[56.76477489,-3.86858060],[56.76477427,-3.86850202],[56.76477201,-3.86835300],[56.76476962,-3.86827270],[56.76476812,-3.86819245],[56.76477468,-3.86806039],[56.76477930,-3.86795050],[56.76479571,-3.86762241],[56.76480035,-3.86749877],[56.76478370,-3.86738667],[56.76476994,-3.86729091],[56.76475040,-3.86715576],[56.76472259,-3.86697275],[56.76468556,-3.86674509],[56.76467044,-3.86631399],[56.76465399,-3.86572572],[56.76465348,-3.86570606],[56.76465211,-3.86561763],[56.76465233,-3.86560291],[56.76466819,-3.86550388],[56.76468618,-3.86538205],[56.76469388,-3.86533645],[56.76472245,-3.86516867],[56.76472314,-3.86516461],[56.76473007,-3.86509132],[56.76473263,-3.86504072],[56.76472501,-3.86482926],[56.76472182,-3.86468183],[56.76471995,-3.86463264],[56.76471564,-3.86453000],[56.76478568,-3.86384293],[56.76479389,-3.86377461],[56.76479322,-3.86363876],[56.76479543,-3.86337051],[56.76479546,-3.86329033],[56.76479542,-3.86325106],[56.76479477,-3.86322222],[56.76479155,-3.86308887],[56.76479023,-3.86299717],[56.76477816,-3.86289675],[56.76477505,-3.86287041],[56.76472562,-3.86250961],[56.76471197,-3.86240093],[56.76465304,-3.86207402],[56.76458840,-3.86170919],[56.76454434,-3.86146974],[56.76456320,-3.86123013],[56.76460710,-3.86063668],[56.76461594,-3.86052584],[56.76460074,-3.86034019],[56.76457884,-3.86012147],[56.76455906,-3.85988159],[56.76453675,-3.85963012],[56.76451970,-3.85944765],[56.76450454,-3.85925872],[56.76447913,-3.85897438],[56.76445788,-3.85877206],[56.76444638,-3.85863895],[56.76443964,-3.85854862],[56.76441521,-3.85837887],[56.76438855,-3.85817792],[56.76437552,-3.85808728],[56.76437461,-3.85808232],[56.76436250,-3.85801447],[56.76435810,-3.85798987],[56.76432698,-3.85778707],[56.76428481,-3.85754117],[56.76426033,-3.85737469],[56.76423570,-3.85721803],[56.76419855,-3.85705747],[56.76414578,-3.85679960],[56.76409026,-3.85654487],[56.76403215,-3.85628346],[56.76396168,-3.85594618],[56.76389033,-3.85584939],[56.76380391,-3.85573876],[56.76360124,-3.85546859],[56.76351871,-3.85503581],[56.76351641,-3.85482789],[56.76351501,-3.85455947],[56.76351104,-3.85434328],[56.76349881,-3.85425923],[56.76349645,-3.85424308],[56.76347308,-3.85409810],[56.76342895,-3.85381448],[56.76339510,-3.85360664],[56.76339091,-3.85358680],[56.76332118,-3.85347144],[56.76319876,-3.85326120],[56.76312371,-3.85314133],[56.76298345,-3.85291041],[56.76295305,-3.85285753],[56.76275897,-3.85253512],[56.76265403,-3.85202501],[56.76265291,-3.85198552],[56.76261861,-3.85077971],[56.76246983,-3.85020789],[56.76240636,-3.85024567],[56.76238088,-3.85014625],[56.76244459,-3.85009211],[56.76214088,-3.84915107],[56.76211333,-3.84886926],[56.76207630,-3.84848800],[56.76206108,-3.84842943],[56.76204965,-3.84839457],[56.76180295,-3.84764387],[56.76178223,-3.84758083],[56.76175065,-3.84751056],[56.76167774,-3.84734876],[56.76160866,-3.84719516],[56.76152992,-3.84702031],[56.76129459,-3.84592069],[56.76113620,-3.84538934],[56.76097910,-3.84498977],[56.76086312,-3.84441060],[56.76068039,-3.84407245],[56.76062694,-3.84397362],[56.76061360,-3.84384289],[56.76060944,-3.84380234],[56.76060221,-3.84373206],[56.76057983,-3.84351319],[56.76027311,-3.84237740],[56.75973748,-3.84091956],[56.75972064,-3.84084382],[56.75963636,-3.84046468],[56.75948407,-3.84055376],[56.75946866,-3.84056282],[56.75946390,-3.84055637],[56.75939378,-3.84046099],[56.75922828,-3.83987404],[56.75912478,-3.83950708],[56.75915162,-3.83945423],[56.75919453,-3.83934181],[56.75914612,-3.83927907],[56.75901799,-3.83821753],[56.75863340,-3.83687352],[56.75819732,-3.83627960],[56.75809181,-3.83581636],[56.75811974,-3.83561616],[56.75817220,-3.83523949],[56.75809338,-3.83479391],[56.75806432,-3.83432622],[56.75792278,-3.83370908],[56.75780253,-3.83318459],[56.75773560,-3.83236430],[56.75771054,-3.83210033],[56.75768018,-3.83173844],[56.75765333,-3.83146162],[56.75764196,-3.83141608],[56.75753540,-3.83099894],[56.75747682,-3.83076541],[56.75745999,-3.83068770],[56.75743508,-3.83048673],[56.75739047,-3.83009781],[56.75736489,-3.82986867],[56.75735649,-3.82980445],[56.75735487,-3.82973141],[56.75735100,-3.82947469],[56.75734844,-3.82920806],[56.75735239,-3.82899999],[56.75735864,-3.82874541],[56.75737513,-3.82834408],[56.75733041,-3.82771695],[56.75730740,-3.82732482],[56.75730055,-3.82717889],[56.75728221,-3.82683607],[56.75726468,-3.82643767],[56.75725216,-3.82606569],[56.75724963,-3.82602990],[56.75723900,-3.82598865],[56.75723502,-3.82596539],[56.75723398,-3.82590474],[56.75725717,-3.82590724],[56.75727618,-3.82589835],[56.75727008,-3.82576226],[56.75719878,-3.82553794],[56.75719134,-3.82515574],[56.75719003,-3.82466226],[56.75719071,-3.82452356],[56.75718934,-3.82435703],[56.75718902,-3.82431884],[56.75718864,-3.82427217],[56.75717420,-3.82329314],[56.75716260,-3.82285740],[56.75716243,-3.82285068],[56.75715140,-3.82246554],[56.75715083,-3.82244570],[56.75715012,-3.82241998],[56.75713954,-3.82197612],[56.75713666,-3.82192690],[56.75712506,-3.82184038],[56.75712297,-3.82182480],[56.75711721,-3.82178199],[56.75711050,-3.82162624],[56.75710431,-3.82131183],[56.75709334,-3.82101682],[56.75708842,-3.82079644],[56.75708730,-3.82074613],[56.75708574,-3.82067617],[56.75707504,-3.82030101],[56.75706756,-3.82013026],[56.75706644,-3.82010478],[56.75705549,-3.81985507],[56.75705207,-3.81958677],[56.75705178,-3.81956414],[56.75705046,-3.81946055],[56.75704193,-3.81912149],[56.75703962,-3.81903807],[56.75703903,-3.81901684],[56.75703074,-3.81871849],[56.75702558,-3.81850121],[56.75702503,-3.81847787],[56.75702183,-3.81834342],[56.75701258,-3.81805340],[56.75701074,-3.81799442],[56.75700790,-3.81789764],[56.75700738,-3.81787974],[56.75699698,-3.81752095],[56.75699211,-3.81740003],[56.75699210,-3.81739965],[56.75698510,-3.81718925],[56.75697985,-3.81701919],[56.75697203,-3.81682772],[56.75696886,-3.81674059],[56.75696768,-3.81670828],[56.75696060,-3.81651437],[56.75694985,-3.81614248],[56.75692924,-3.81570632],[56.75692912,-3.81570238],[56.75691593,-3.81532449],[56.75690532,-3.81506549],[56.75690415,-3.81496728],[56.75690471,-3.81496727],[56.75697678,-3.81496587],[56.75697263,-3.81482498],[56.75697107,-3.81478400],[56.75696799,-3.81470516],[56.75696759,-3.81469582],[56.75696282,-3.81457256],[56.75696155,-3.81451769],[56.75695404,-3.81449688],[56.75689577,-3.81442536],[56.75686122,-3.81439097],[56.75683306,-3.81435035],[56.75680659,-3.81431636],[56.75677656,-3.81428055],[56.75674825,-3.81424974],[56.75673147,-3.81422930],[56.75671571,-3.81420073],[56.75669891,-3.81418192],[56.75667765,-3.81416126],[56.75664834,-3.81413695],[56.75661382,-3.81410093],[56.75659631,-3.81406900],[56.75656198,-3.81401990],[56.75654341,-3.81399937],[56.75652401,-3.81397390],[56.75649324,-3.81392661],[56.75648018,-3.81389817],[56.75645936,-3.81384645],[56.75644100,-3.81381121],[56.75642097,-3.81376771],[56.75640526,-3.81373586],[56.75638687,-3.81370226],[56.75636303,-3.81367330],[56.75634191,-3.81364283],[56.75632355,-3.81360759],[56.75630772,-3.81358393],[56.75629283,-3.81355703],[56.75627965,-3.81353677],[56.75626814,-3.81352476],[56.75625670,-3.81350785],[56.75624612,-3.81349425],[56.75623737,-3.81347747],[56.75622327,-3.81345879],[56.75618792,-3.81341783],[56.75614467,-3.81336339],[56.75611374,-3.81332755],[56.75609616,-3.81330052],[56.75608118,-3.81328017],[56.75604435,-3.81321786],[56.75601637,-3.81316417],[56.75599619,-3.81313047],[56.75597781,-3.81309687],[56.75596734,-3.81307510],[56.75595591,-3.81305819],[56.75593903,-3.81304429],[56.75589645,-3.81300624],[56.75588416,-3.81298602],[56.75586592,-3.81294261],[56.75585475,-3.81290771],[56.75584438,-3.81287940],[56.75583301,-3.81285759],[56.75582073,-3.81283736],[56.75579941,-3.81281998],[56.75577727,-3.81279764],[56.75574270,-3.81276490],[56.75568759,-3.81272298],[56.75566446,-3.81270714],[56.75564319,-3.81268648],[56.75559645,-3.81262534],[56.75551585,-3.81254457],[56.75548922,-3.81252202],[56.75545734,-3.81248940],[56.75542712,-3.81246667],[56.75535530,-3.81239941],[56.75531289,-3.81234993],[56.75521019,-3.81224356],[56.75514018,-3.81217638],[56.75503653,-3.81207324],[56.75499842,-3.81203705],[56.75493010,-3.81197650],[56.75487852,-3.81193966],[56.75482520,-3.81189816],[56.75481809,-3.81189258],[56.75474975,-3.81183367],[56.75469377,-3.81179008],[56.75463864,-3.81174980],[56.75461376,-3.81173060],[56.75457148,-3.81169667],[56.75456935,-3.81169493],[56.75450811,-3.81164209],[56.75443367,-3.81156979],[56.75440713,-3.81154071],[56.75438142,-3.81151657],[56.75436989,-3.81150620],[56.75433520,-3.81148162],[56.75431656,-3.81146600],[56.75428378,-3.81143334],[56.75427322,-3.81141811],[56.75425921,-3.81139290],[56.75424172,-3.81135934],[56.75423567,-3.81134269],[56.75423389,-3.81133573],[56.75423227,-3.81132944],[56.75422979,-3.81131460],[56.75422061,-3.81120455],[56.75420690,-3.81115809],[56.75419226,-3.81111485],[56.75417215,-3.81107626],[56.75414757,-3.81103581],[56.75414138,-3.81102897],[56.75412354,-3.81101993],[56.75411815,-3.81101967],[56.75411652,-3.81100814],[56.75413106,-3.81099739],[56.75413562,-3.81099271],[56.75413484,-3.81098449],[56.75412231,-3.81098061],[56.75411251,-3.81097523],[56.75410899,-3.81097016],[56.75411187,-3.81095721],[56.75411832,-3.81094607],[56.75412470,-3.81093983],[56.75412657,-3.81093501],[56.75412584,-3.81092353],[56.75412414,-3.81091690],[56.75411702,-3.81091165],[56.75409642,-3.81090739],[56.75407936,-3.81090657],[56.75407312,-3.81090300],[56.75405561,-3.81087107],[56.75405393,-3.81086281],[56.75405594,-3.81084819],[56.75405873,-3.81084178],[56.75407055,-3.81083253],[56.75407336,-3.81082449],[56.75407355,-3.81081141],[56.75407201,-3.81079334],[56.75406606,-3.81077015],[56.75406004,-3.81075187],[56.75405382,-3.81074666],[56.75404312,-3.81074124],[56.75403678,-3.81074420],[56.75403040,-3.81075044],[56.75402400,-3.81075831],[56.75402024,-3.81076958],[56.75401386,-3.81077582],[56.75399706,-3.81075702],[56.75397236,-3.81072475],[56.75396007,-3.81069847],[56.75394970,-3.81067654],[56.75394096,-3.81065355],[56.75387533,-3.81054389],[56.75383729,-3.81050264],[56.75380817,-3.81048423],[56.75377459,-3.81045742],[56.75374406,-3.81043059],[56.75372516,-3.81040171],[56.75370014,-3.81033655],[56.75368969,-3.81032001],[56.75368129,-3.81031045],[56.75367077,-3.81029195],[56.75366208,-3.81027190],[56.75365870,-3.81025701],[56.75365541,-3.81023559],[56.75365752,-3.81021442],[56.75365788,-3.81018990],[56.75366003,-3.81016547],[56.75364602,-3.81007810],[56.75364344,-3.81006979],[56.75363995,-3.81006308],[56.75363546,-3.81006286],[56.75361905,-3.81007843],[56.75360003,-3.81008897],[56.75358647,-3.81009486],[56.75357836,-3.81009611],[56.75357210,-3.81009417],[56.75356413,-3.81008561],[56.75354485,-3.81005196],[56.75353616,-3.81003813],[56.75352904,-3.81002666],[56.75351321,-3.81000300],[56.75350109,-3.80997134],[56.75348807,-3.80993963],[56.75347323,-3.80990947],[56.75345305,-3.80987578],[56.75341605,-3.80982493],[56.75339407,-3.80979115],[56.75334844,-3.80971535],[56.75330539,-3.80964784],[56.75326678,-3.80958382],[56.75325014,-3.80955358],[56.75323178,-3.80951834],[56.75320806,-3.80948122],[56.75316680,-3.80941380],[56.75315981,-3.80940038],[56.75313131,-3.80932049],[56.75310133,-3.80921926],[56.75309098,-3.80918932],[56.75307021,-3.80913434],[56.75304322,-3.80907415],[56.75297210,-3.80889733],[56.75295466,-3.80886051],[56.75294776,-3.80884055],[56.75294004,-3.80881564],[56.75293236,-3.80878746],[56.75292912,-3.80876277],[56.75292579,-3.80874461],[56.75292419,-3.80873128],[56.75292017,-3.80869854],[56.75292036,-3.80868546],[56.75291967,-3.80867071],[56.75291802,-3.80866081],[56.75291117,-3.80863758],[56.75290337,-3.80861758],[56.75290011,-3.80859452],[56.75292740,-3.80857129],[56.75293298,-3.80855848],[56.75293766,-3.80854561],[56.75293965,-3.80853262],[56.75293989,-3.80851628],[56.75293740,-3.80850143],[56.75293046,-3.80848474],[56.75292171,-3.80846796],[56.75291555,-3.80845949],[56.75290841,-3.80845587],[56.75288234,-3.80845626],[56.75286776,-3.80847028],[56.75286325,-3.80847170],[56.75285519,-3.80846967],[56.75284716,-3.80846602],[56.75283997,-3.80846567],[56.75283456,-3.80846705],[56.75282548,-3.80847315],[56.75280197,-3.80848347],[56.75278165,-3.80845960],[56.75277470,-3.80844290],[56.75276945,-3.80843284],[56.75276520,-3.80841627],[56.75276272,-3.80840143],[56.75276123,-3.80838010],[56.75276407,-3.80837042],[56.75277248,-3.80834792],[56.75277629,-3.80833338],[56.75277828,-3.80832039],[56.75277939,-3.80830572],[56.75277960,-3.80829101],[56.75277629,-3.80827122],[56.75276958,-3.80823818],[56.75275500,-3.80819004],[56.75273608,-3.80813188],[56.75273157,-3.80811433],[56.75273097,-3.80811201],[56.75272932,-3.80810211],[56.75273736,-3.80804361],[56.75274131,-3.80801926],[56.75274069,-3.80799960],[56.75274183,-3.80798330],[56.75274667,-3.80795900],[56.75274866,-3.80794600],[56.75274882,-3.80793456],[56.75274812,-3.80792144],[56.75274566,-3.80790497],[56.75273103,-3.80786010],[56.75271636,-3.80781850],[56.75269323,-3.80774050],[56.75268564,-3.80770579],[56.75267796,-3.80767761],[56.75267468,-3.80765618],[56.75267003,-3.80760525],[56.75266603,-3.80757071],[56.75266443,-3.80755116],[56.75265998,-3.80749828],[56.75265838,-3.80747874],[56.75265479,-3.80741640],[56.75265389,-3.80737285],[56.75265321,-3.80733944],[56.75265335,-3.80732964],[56.75265435,-3.80732314],[56.75266094,-3.80730219],[56.75266734,-3.80729432],[56.75270192,-3.80726490],[56.75271279,-3.80725888],[56.75272919,-3.80724331],[56.75273562,-3.80723380],[56.75273848,-3.80722249],[56.75273959,-3.80720782],[56.75273891,-3.80719307],[56.75273368,-3.80718137],[56.75272582,-3.80716627],[56.75271783,-3.80715934],[56.75269817,-3.80715185],[56.75268470,-3.80715120],[56.75267928,-3.80715258],[56.75267380,-3.80715886],[56.75265927,-3.80716961],[56.75264471,-3.80718200],[56.75263199,-3.80719120],[56.75260865,-3.80719008],[56.75259500,-3.80718321],[56.75258724,-3.80717924],[56.75256944,-3.80716693],[56.75256502,-3.80716181],[56.75255893,-3.80714843],[56.75255377,-3.80713183],[56.75254962,-3.80710873],[56.75254740,-3.80707591],[56.75254423,-3.80704631],[56.75253405,-3.80700493],[56.75253024,-3.80695731],[56.75252880,-3.80693270],[56.75253167,-3.80685923],[56.75253453,-3.80684791],[56.75254275,-3.80683849],[56.75255201,-3.80681931],[56.75255844,-3.80680980],[56.75257298,-3.80679905],[56.75257916,-3.80678184],[56.75257870,-3.80673880],[56.75257555,-3.80666455],[56.75257833,-3.80661593],[56.75257931,-3.80654777],[56.75257319,-3.80645571],[56.75256250,-3.80638109],[56.75254318,-3.80623196],[56.75252328,-3.80612942],[56.75247964,-3.80595950],[56.75246025,-3.80589608],[56.75245441,-3.80587764],[56.75245397,-3.80587680],[56.75244506,-3.80581536],[56.75243204,-3.80578415],[56.75242477,-3.80577071],[56.75241750,-3.80575139],[56.75240579,-3.80573496],[56.75239047,-3.80570658],[56.75237427,-3.80568388],[56.75236132,-3.80564695],[56.75234739,-3.80562877],[56.75233929,-3.80561677],[56.75233268,-3.80560778],[56.75232095,-3.80558677],[56.75231444,-3.80557043],[56.75230726,-3.80555127],[56.75230161,-3.80552614],[56.75229667,-3.80550709],[56.75229158,-3.80549229],[56.75228722,-3.80548325],[56.75228067,-3.80546985],[56.75227044,-3.80545054],[56.75226472,-3.80543571],[56.75226343,-3.80541962],[56.75225536,-3.80540614],[56.75225099,-3.80539726],[56.75224597,-3.80538394],[56.75224171,-3.80536770],[56.75223309,-3.80534259],[56.75222735,-3.80532334],[56.75221629,-3.80531119],[56.75220358,-3.80530764],[56.75219532,-3.80530724],[56.75218567,-3.80530384],[56.75217518,-3.80530186],[56.75216779,-3.80529725],[56.75216119,-3.80528091],[56.75215770,-3.80526765],[56.75215410,-3.80525586],[56.75214135,-3.80525525],[56.75212789,-3.80526622],[56.75211314,-3.80529169],[56.75210203,-3.80531405],[56.75206982,-3.80536649],[56.75202856,-3.80542340],[56.75200497,-3.80543862],[56.75197432,-3.80544533],[56.75195277,-3.80544430],[56.75193928,-3.80544528],[56.75192942,-3.80544318],[56.75191876,-3.80543449],[56.75190636,-3.80542244],[56.75189400,-3.80540713],[56.75188698,-3.80539534],[56.75187800,-3.80539491],[56.75187022,-3.80537327],[56.75186061,-3.80535481],[56.75185371,-3.80533485],[56.75184943,-3.80531993],[56.75185605,-3.80529734],[56.75186354,-3.80527644],[56.75187833,-3.80524770],[56.75188398,-3.80522998],[56.75189235,-3.80521075],[56.75189809,-3.80518649],[56.75190277,-3.80517363],[56.75191111,-3.80515604],[56.75192123,-3.80514017],[56.75192683,-3.80512571],[56.75192610,-3.80511423],[56.75192080,-3.80510743],[56.75191274,-3.80510541],[56.75190554,-3.80510670],[56.75189367,-3.80511922],[56.75187370,-3.80513298],[56.75186186,-3.80514386],[56.75184738,-3.80515135],[56.75183117,-3.80515384],[56.75182481,-3.80515844],[56.75182025,-3.80516313],[56.75181389,-3.80516773],[56.75180541,-3.80519513],[56.75180082,-3.80520146],[56.75179179,-3.80520429],[56.75178132,-3.80518253],[56.75178056,-3.80517922],[56.75177795,-3.80516764],[56.75177878,-3.80515967],[56.75178003,-3.80514811],[56.75178882,-3.80509946],[56.75179993,-3.80507710],[56.75180739,-3.80505782],[56.75181377,-3.80505159],[56.75183452,-3.80504604],[56.75184894,-3.80504346],[56.75186792,-3.80503619],[56.75187685,-3.80503989],[56.75188493,-3.80504028],[56.75188947,-3.80503723],[56.75189143,-3.80502587],[56.75189996,-3.80499520],[56.75190462,-3.80498397],[56.75191090,-3.80498427],[56.75191551,-3.80497632],[56.75191837,-3.80496500],[56.75191870,-3.80494212],[56.75191792,-3.80493390],[56.75190464,-3.80492018],[56.75189141,-3.80490319],[56.75188534,-3.80488817],[56.75187955,-3.80485354],[56.75186932,-3.80481543],[56.75186700,-3.80478915],[56.75186572,-3.80475310],[56.75186355,-3.80471701],[56.75186199,-3.80470058],[56.75185779,-3.80468074],[56.75184576,-3.80463600],[56.75184388,-3.80462921],[56.75183902,-3.80461114],[56.75182858,-3.80458774],[56.75181719,-3.80456757],[56.75179608,-3.80453547],[56.75178725,-3.80452524],[56.75177838,-3.80451663],[56.75175430,-3.80450403],[56.75173916,-3.80449512],[56.75172443,-3.80445679],[56.75171633,-3.80445804],[56.75171144,-3.80448561],[56.75169638,-3.80447017],[56.75167164,-3.80444118],[56.75164775,-3.80441549],[56.75163355,-3.80440336],[56.75162102,-3.80439949],[56.75161024,-3.80439897],[56.75160481,-3.80440198],[56.75159753,-3.80440818],[56.75158921,-3.80442414],[56.75158375,-3.80442878],[56.75157654,-3.80443007],[56.75157118,-3.80442818],[56.75156763,-3.80442474],[56.75156804,-3.80439695],[56.75157085,-3.80438891],[56.75157546,-3.80438095],[56.75157922,-3.80436968],[56.75158118,-3.80435832],[56.75157517,-3.80433840],[56.75156225,-3.80423800],[56.75156156,-3.80422325],[56.75157732,-3.80424609],[56.75158409,-3.80424396],[56.75158710,-3.80422218],[56.75159697,-3.80418618],[56.75161116,-3.80413075],[56.75162776,-3.80409491],[56.75164962,-3.80406913],[56.75166716,-3.80405541],[56.75167407,-3.80404348],[56.75168231,-3.80402686],[56.75168536,-3.80400263],[56.75168101,-3.80393650],[56.75167395,-3.80386550],[56.75166843,-3.80378721],[56.75167113,-3.80368740],[56.75167698,-3.80356320],[56.75168474,-3.80347344],[56.75168604,-3.80340283],[56.75168025,-3.80333664],[56.75166665,-3.80325796],[56.75166135,-3.80316512],[56.75165571,-3.80308912],[56.75165534,-3.80302089],[56.75165782,-3.80294298],[56.75166809,-3.80288491],[56.75168769,-3.80282255],[56.75170869,-3.80276254],[56.75172025,-3.80270208],[56.75171713,-3.80263863],[56.75170966,-3.80257120],[56.75169535,-3.80247908],[56.75167198,-3.80233647],[56.75164973,-3.80220372],[56.75163441,-3.80215670],[56.75160438,-3.80210161],[56.75157253,-3.80205477],[56.75154692,-3.80199891],[56.75153141,-3.80195907],[56.75149540,-3.80185741],[56.75146818,-3.80179509],[56.75143545,-3.80172760],[56.75143240,-3.80172091],[56.75140213,-3.80163931],[56.75139613,-3.80161940],[56.75138478,-3.80159595],[56.75137090,-3.80156208],[56.75129886,-3.80138573],[56.75125967,-3.80129880],[56.75122838,-3.80122533],[56.75122063,-3.80120206],[56.75119726,-3.80114042],[56.75116240,-3.80106514],[56.75114931,-3.80103834],[56.75112591,-3.80097834],[56.75111377,-3.80094831],[56.75110263,-3.80091016],[56.75108642,-3.80085050],[56.75107430,-3.80081884],[56.75105905,-3.80077312],[56.75103408,-3.80069145],[56.75101521,-3.80062283],[56.75097467,-3.80046239],[56.75095179,-3.80037853],[56.75093680,-3.80032808],[56.75091994,-3.80027591],[56.75089052,-3.80017833],[56.75088488,-3.80015826],[56.75086337,-3.80006743],[56.75085322,-3.80002916],[56.75083406,-3.79994990],[56.75080884,-3.79986053],[56.75078959,-3.79978747],[56.75076655,-3.79973370],[56.75072117,-3.79964042],[56.75071015,-3.79961257],[56.75069304,-3.79957168],[56.75067683,-3.79952462],[56.75066825,-3.79948986],[56.75065594,-3.79942760],[56.75064447,-3.79938796],[56.75063269,-3.79936335],[56.75062029,-3.79932628],[56.75061034,-3.79928082],[56.75060971,-3.79927474],[56.75060932,-3.79926442],[56.75060516,-3.79924132],[56.75059757,-3.79920661],[56.75057751,-3.79910260],[56.75056894,-3.79906130],[56.75056673,-3.79904598],[56.75056567,-3.79903824],[56.75055931,-3.79899344],[56.75054858,-3.79893372],[56.75052191,-3.79878916],[56.75049062,-3.79864748],[56.75048341,-3.79859283],[56.75043500,-3.79839767],[56.75034072,-3.79801254],[56.75032912,-3.79794394],[56.75031670,-3.79787039],[56.75024253,-3.79746774],[56.75022809,-3.79740980],[56.75013225,-3.79707645],[56.75012738,-3.79704023],[56.75009880,-3.79677879],[56.75008520,-3.79672417],[56.75005117,-3.79659169],[56.75001711,-3.79646084],[56.74996596,-3.79626866],[56.74995398,-3.79622720],[56.74994202,-3.79618410],[56.74992571,-3.79613098],[56.74991027,-3.79607954],[56.74989841,-3.79602990],[56.74988342,-3.79594740],[56.74987460,-3.79587338],[56.74985850,-3.79574339],[56.74984675,-3.79568558],[56.74982626,-3.79561100],[56.74982203,-3.79559280],[56.74981688,-3.79557620],[56.74979099,-3.79550136],[56.74969636,-3.79527112],[56.74962852,-3.79511413],[56.74956071,-3.79495551],[56.74952109,-3.79486137],[56.74949468,-3.79479861],[56.74945414,-3.79468054],[56.74941216,-3.79453788],[56.74934343,-3.79438085],[56.74930703,-3.79428752],[56.74924274,-3.79413397],[56.74919129,-3.79402520],[56.74913898,-3.79391312],[56.74913725,-3.79390813],[56.74910861,-3.79383807],[56.74908093,-3.79376314],[56.74905143,-3.79368977],[56.74902671,-3.79359700],[56.74901907,-3.79356556],[56.74900782,-3.79353558],[56.74900082,-3.79352216],[56.74899475,-3.79350715],[56.74898175,-3.79347382],[56.74897057,-3.79343894],[56.74895050,-3.79339709],[56.74894535,-3.79338670],[56.74893041,-3.79335688],[56.74887716,-3.79324802],[56.74885118,-3.79317972],[56.74879126,-3.79303457],[56.74878211,-3.79298343],[56.74876921,-3.79294356],[56.74875536,-3.79290692],[56.74872581,-3.79283681],[56.74869442,-3.79276989],[56.74855107,-3.79242776],[56.74844938,-3.79218739],[56.74834765,-3.79195029],[56.74832427,-3.79188866],[56.74828286,-3.79176892],[56.74816510,-3.79145909],[56.74809730,-3.79129885],[56.74795002,-3.79097944],[56.74782803,-3.79071358],[56.74772717,-3.79047816],[56.74770030,-3.79040983],[56.74766271,-3.79033607],[56.74761899,-3.79025221],[56.74759448,-3.79020689],[56.74755772,-3.79013808],[56.74750605,-3.79004403],[56.74746138,-3.78996340],[56.74744481,-3.78992826],[56.74743256,-3.78990478],[56.74741940,-3.78988289],[56.74741236,-3.78987275],[56.74740446,-3.78985929],[56.74740181,-3.78985589],[56.74739650,-3.78985073],[56.74739298,-3.78984566],[56.74739030,-3.78984389],[56.74738856,-3.78984054],[56.74738770,-3.78983723],[56.74738596,-3.78983387],[56.74738418,-3.78983215],[56.74738333,-3.78982884],[56.74738158,-3.78982549],[56.74738073,-3.78982218],[56.74737898,-3.78981882],[56.74736844,-3.78980196],[56.74736057,-3.78978687],[56.74734568,-3.78975999],[56.74734131,-3.78975161],[56.74733778,-3.78974653],[56.74733336,-3.78974142],[56.74733159,-3.78973970],[56.74733072,-3.78973802],[56.74732894,-3.78973630],[56.74732715,-3.78973621],[56.74732538,-3.78973449],[56.74732450,-3.78973282],[56.74732096,-3.78972938],[56.74731656,-3.78972263],[56.74731214,-3.78971751],[56.74731127,-3.78971583],[56.74730422,-3.78970568],[56.74729720,-3.78969390],[56.74729368,-3.78968883],[56.74726993,-3.78965335],[56.74724610,-3.78962278],[56.74724078,-3.78961762],[56.74719928,-3.78956658],[56.74713400,-3.78948169],[56.74707746,-3.78941358],[56.74707392,-3.78941014],[56.74701738,-3.78934203],[56.74692020,-3.78922620],[56.74684161,-3.78912923],[56.74676305,-3.78903064],[56.74670211,-3.78895578],[56.74664206,-3.78888260],[56.74659443,-3.78881982],[56.74654678,-3.78875867],[56.74646398,-3.78864189],[56.74626249,-3.78834282],[56.74614321,-3.78810639],[56.74610551,-3.78800319],[56.74608745,-3.78794657],[56.74606775,-3.78789182],[56.74604886,-3.78783695],[56.74602906,-3.78778220],[56.74601033,-3.78772244],[56.74599035,-3.78766179],[56.74596513,-3.78759092],[56.74593458,-3.78748365],[56.74588576,-3.78726659],[56.74585399,-3.78711315],[56.74582518,-3.78699746],[56.74579965,-3.78689812],[56.74578286,-3.78681554],[56.74577067,-3.78672501],[56.74575400,-3.78663427],[56.74574123,-3.78658460],[56.74572858,-3.78652676],[56.74572042,-3.78646913],[56.74570777,-3.78641129],[56.74569973,-3.78634548],[56.74568708,-3.78628764],[56.74566926,-3.78624542],[56.74565165,-3.78619486],[56.74563851,-3.78615286],[56.74560350,-3.78601856],[56.74558616,-3.78594316],[56.74551188,-3.78551359],[56.74548436,-3.78535169],[56.74544403,-3.78503085],[56.74541267,-3.78471045],[56.74535870,-3.78408641],[56.74530938,-3.78370235],[56.74529289,-3.78357973],[56.74524190,-3.78335015],[56.74520312,-3.78323383],[56.74515537,-3.78311708],[56.74510289,-3.78301647],[56.74476303,-3.78240637],[56.74473570,-3.78236959],[56.74470283,-3.78233680],[56.74469931,-3.78233172],[56.74469488,-3.78232661],[56.74462743,-3.78226781],[56.74460788,-3.78225216],[56.74456799,-3.78221429],[56.74453612,-3.78218008],[56.74450528,-3.78213773],[56.74449733,-3.78212754],[56.74447358,-3.78209207],[56.74446920,-3.78208369],[56.74445869,-3.78206520],[56.74442460,-3.78199817],[56.74441323,-3.78197637],[56.74439654,-3.78194941],[56.74437805,-3.78192237],[56.74437099,-3.78191386],[56.74435158,-3.78188841],[56.74434891,-3.78188665],[56.74434002,-3.78187969],[56.74433295,-3.78187117],[56.74433120,-3.78186782],[56.74432324,-3.78185927],[56.74431619,-3.78184912],[56.74431355,-3.78184572],[56.74430740,-3.78183562],[56.74430036,-3.78182547],[56.74429416,-3.78181864],[56.74428710,-3.78181013],[56.74427911,-3.78180321],[56.74427199,-3.78179796],[56.74426932,-3.78179620],[56.74426488,-3.78179272],[56.74426046,-3.78178761],[56.74425869,-3.78178589],[56.74425427,-3.78178077],[56.74425075,-3.78177570],[56.74421820,-3.78172673],[56.74421030,-3.78171327],[56.74420148,-3.78170141],[56.74420061,-3.78169973],[56.74419534,-3.78169130],[56.74418295,-3.78167763],[56.74417595,-3.78166422],[56.74417068,-3.78165579],[56.74415413,-3.78161903],[56.74413491,-3.78158051],[56.74413314,-3.78157879],[56.74413052,-3.78157376],[56.74412882,-3.78156713],[56.74412709,-3.78156215],[56.74412449,-3.78155548],[56.74412368,-3.78154890],[56.74412198,-3.78154228],[56.74412037,-3.78152912],[56.74411959,-3.78152091],[56.74411989,-3.78149966],[56.74412091,-3.78149153],[56.74412190,-3.78148504],[56.74412292,-3.78147691],[56.74412341,-3.78144259],[56.74412184,-3.78142616],[56.74411763,-3.78140633],[56.74411423,-3.78139309],[56.74410558,-3.78136978],[56.74410035,-3.78135809],[56.74409600,-3.78134807],[56.74409075,-3.78133801],[56.74408461,-3.78132791],[56.74407416,-3.78130452],[56.74406896,-3.78129119],[56.74406035,-3.78126461],[56.74404611,-3.78119852],[56.74403287,-3.78113084],[56.74403288,-3.78112430],[56.74403199,-3.78111118],[56.74403029,-3.78109801],[56.74402942,-3.78108979],[56.74402402,-3.78106501],[56.74402223,-3.78105822],[56.74401956,-3.78105008],[56.74401696,-3.78104341],[56.74400891,-3.78097762],[56.74400806,-3.78097430],[56.74400634,-3.78096932],[56.74400463,-3.78096269],[56.74400383,-3.78095611],[56.74400300,-3.78095117],[56.74400139,-3.78093801],[56.74400195,-3.78092414],[56.74400124,-3.78091723],[56.74400033,-3.78089282],[56.74399745,-3.78086799],[56.74399548,-3.78085498],[56.74399615,-3.78084585],[56.74399813,-3.78083286],[56.74399919,-3.78082146],[56.74400016,-3.78081660],[56.74400302,-3.78080529],[56.74400498,-3.78079394],[56.74400777,-3.78078753],[56.74400968,-3.78077944],[56.74401069,-3.78077131],[56.74401263,-3.78076159],[56.74401475,-3.78073879],[56.74401503,-3.78071918],[56.74401356,-3.78069622],[56.74401181,-3.78069286],[56.74401011,-3.78068624],[56.74401020,-3.78067970],[56.74401209,-3.78067325],[56.74401302,-3.78067166],[56.74401665,-3.78066856],[56.74401758,-3.78066697],[56.74402207,-3.78066718],[56.74402384,-3.78066890],[56.74402471,-3.78067058],[56.74403010,-3.78067083],[56.74403461,-3.78066941],[56.74404277,-3.78066489],[56.74404461,-3.78066171],[56.74404733,-3.78066020],[56.74405286,-3.78065065],[56.74405659,-3.78064101],[56.74405751,-3.78063942],[56.74405756,-3.78063615],[56.74405940,-3.78063297],[56.74406214,-3.78062983],[56.74406396,-3.78062828],[56.74406668,-3.78062677],[56.74406845,-3.78062849],[56.74407027,-3.78062694],[56.74407211,-3.78062376],[56.74407393,-3.78062221],[56.74407488,-3.78061898],[56.74407580,-3.78061739],[56.74407584,-3.78061412],[56.74407679,-3.78061090],[56.74407702,-3.78059455],[56.74407619,-3.78058961],[56.74407444,-3.78058625],[56.74407272,-3.78058127],[56.74406922,-3.78057456],[56.74406837,-3.78057125],[56.74406570,-3.78056949],[56.74406395,-3.78056613],[56.74406128,-3.78056437],[56.74405953,-3.78056102],[56.74405419,-3.78055749],[56.74404431,-3.78055703],[56.74403339,-3.78056632],[56.74401704,-3.78057863],[56.74401522,-3.78058018],[56.74401342,-3.78058010],[56.74401161,-3.78058165],[56.74400981,-3.78058156],[56.74400889,-3.78058315],[56.74400707,-3.78058470],[56.74400523,-3.78058789],[56.74400428,-3.78059111],[56.74400336,-3.78059270],[56.74400062,-3.78059585],[56.74399878,-3.78059903],[56.74399339,-3.78059877],[56.74398807,-3.78059362],[56.74398195,-3.78058188],[56.74398022,-3.78057689],[56.74397691,-3.78055711],[56.74397698,-3.78055221],[56.74397593,-3.78049982],[56.74397616,-3.78048348],[56.74397555,-3.78046383],[56.74397583,-3.78044421],[56.74397691,-3.78043118],[56.74397917,-3.78039858],[56.74398208,-3.78038400],[56.74398214,-3.78037991],[56.74398217,-3.78037746],[56.74399369,-3.78032567],[56.74399837,-3.78031281],[56.74400118,-3.78030477],[56.74401049,-3.78028231],[56.74401604,-3.78027113],[56.74402247,-3.78026162],[56.74403345,-3.78024742],[56.74403440,-3.78024419],[56.74403808,-3.78023783],[56.74404645,-3.78021860],[56.74407402,-3.78017575],[56.74408968,-3.78014868],[56.74409892,-3.78013113],[56.74410355,-3.78012154],[56.74411474,-3.78009263],[56.74411753,-3.78008622],[56.74412136,-3.78007005],[56.74412332,-3.78005869],[56.74412523,-3.78005061],[56.74412627,-3.78004084],[56.74412742,-3.78002291],[56.74412763,-3.78000820],[56.74412680,-3.78000325],[56.74412685,-3.77999998],[56.74412600,-3.77999667],[56.74412512,-3.77999500],[56.74412255,-3.77998670],[56.74411813,-3.77998158],[56.74411373,-3.77997483],[56.74411196,-3.77997311],[56.74410844,-3.77996804],[56.74409959,-3.77995781],[56.74409782,-3.77995609],[56.74409603,-3.77995601],[56.74409425,-3.77995429],[56.74409075,-3.77994758],[56.74408898,-3.77994586],[56.74408813,-3.77994255],[56.74408730,-3.77993760],[56.74408650,-3.77993102],[56.74408692,-3.77990161],[56.74408791,-3.77989511],[56.74408803,-3.77988694],[56.74408715,-3.77988526],[56.74408720,-3.77988183],[56.74408633,-3.77988015],[56.74408538,-3.77987684],[56.74408276,-3.77987164],[56.74408088,-3.77987156],[56.74408000,-3.77986988],[56.74406171,-3.77986084],[56.74399480,-3.77984573],[56.74398860,-3.77984528],[56.74398593,-3.77984352],[56.74398416,-3.77984180],[56.74398328,-3.77984028],[56.74398160,-3.77983840],[56.74397907,-3.77983338],[56.74397822,-3.77983007],[56.74397826,-3.77982680],[56.74397739,-3.77982512],[56.74397743,-3.77982202],[56.74397658,-3.77981871],[56.74397676,-3.77981217],[56.74397771,-3.77980895],[56.74397775,-3.77980584],[56.74397870,-3.77980262],[56.74397962,-3.77980102],[56.74398160,-3.77979458],[56.74398252,-3.77979298],[56.74398256,-3.77978988],[56.74398339,-3.77978845],[56.74398356,-3.77977701],[56.74398291,-3.77977207],[56.74398206,-3.77976876],[56.74398031,-3.77976540],[56.74397766,-3.77976201],[56.74397678,-3.77976033],[56.74397420,-3.77975874],[56.74397243,-3.77975702],[56.74396794,-3.77975664],[56.74396702,-3.77975823],[56.74396352,-3.77975807],[56.74396264,-3.77975639],[56.74396085,-3.77975631],[56.74395997,-3.77975447],[56.74395818,-3.77975438],[56.74395661,-3.77975104],[56.74395484,-3.77974932],[56.74395398,-3.77974601],[56.74395311,-3.77974433],[56.74395322,-3.77973632],[56.74395235,-3.77973464],[56.74395150,-3.77973133],[56.74394730,-3.77972296],[56.74394463,-3.77972120],[56.74393434,-3.77969945],[56.74392844,-3.77968462],[56.74392243,-3.77967125],[56.74392158,-3.77966794],[56.74391649,-3.77965298],[56.74391117,-3.77963539],[56.74389605,-3.77954898],[56.74388724,-3.77951111],[56.74388556,-3.77950286],[56.74388476,-3.77949628],[56.74387965,-3.77947641],[56.74387532,-3.77946476],[56.74386308,-3.77944128],[56.74385254,-3.77942443],[56.74384634,-3.77941760],[56.74383930,-3.77940745],[56.74383313,-3.77939898],[56.74383050,-3.77939395],[56.74382786,-3.77939056],[56.74381999,-3.77937547],[56.74381826,-3.77937048],[56.74381656,-3.77936386],[56.74381483,-3.77935887],[56.74381313,-3.77935225],[56.74379946,-3.77930254],[56.74379154,-3.77929072],[56.74378539,-3.77928061],[56.74375366,-3.77921860],[56.74375198,-3.77921689],[56.74375110,-3.77921505],[56.74374933,-3.77921333],[56.74374753,-3.77921324],[56.74374666,-3.77921157],[56.74374486,-3.77921148],[56.74374309,-3.77920976],[56.74373959,-3.77920943],[56.74373777,-3.77921098],[56.74373597,-3.77921090],[56.74373416,-3.77921228],[56.74373324,-3.77921388],[56.74373151,-3.77921543],[56.74373059,-3.77921702],[56.74371785,-3.77922754],[56.74371369,-3.77918548],[56.74371376,-3.77917420],[56.74371206,-3.77916120],[56.74371210,-3.77915825],[56.74371045,-3.77914199],[56.74370790,-3.77912567],[56.74370532,-3.77911116],[56.74370290,-3.77909813],[56.74370131,-3.77908971],[56.74369799,-3.77907663],[56.74368572,-3.77905479],[56.74368310,-3.77904976],[56.74368045,-3.77904637],[56.74367783,-3.77904134],[56.74367516,-3.77903958],[56.74367338,-3.77903786],[56.74367074,-3.77903446],[56.74366360,-3.77903085],[56.74366093,-3.77902909],[56.74365464,-3.77902879],[56.74364928,-3.77902691],[56.74364481,-3.77902506],[56.74363944,-3.77902317],[56.74363765,-3.77902309],[56.74363408,-3.77902128],[56.74362874,-3.77901776],[56.74362609,-3.77901436],[56.74362432,-3.77901264],[56.74361902,-3.77900585],[56.74361465,-3.77899747],[56.74361292,-3.77899248],[56.74355117,-3.77884892],[56.74355029,-3.77884724],[56.74354949,-3.77884066],[56.74354776,-3.77883567],[56.74353989,-3.77882058],[56.74353637,-3.77881551],[56.74353282,-3.77881207],[56.74353018,-3.77880868],[56.74352308,-3.77880180],[56.74351689,-3.77879496],[56.74350718,-3.77878306],[56.74350630,-3.77878138],[56.74350278,-3.77877631],[56.74350013,-3.77877291],[56.74349661,-3.77876784],[56.74349396,-3.77876444],[56.74349044,-3.77875937],[56.74348519,-3.77874931],[56.74348349,-3.77874269],[56.74348176,-3.77873770],[56.74347919,-3.77872940],[56.74347840,-3.77872119],[56.74347670,-3.77871457],[56.74347514,-3.77869814],[56.74347558,-3.77866709],[56.74347655,-3.77866223],[56.74347695,-3.77863444],[56.74347607,-3.77863277],[56.74347616,-3.77862623],[56.74347446,-3.77861961],[56.74347363,-3.77861466],[56.74347193,-3.77860804],[56.74346588,-3.77859140],[56.74345521,-3.77855786],[56.74344359,-3.77852248],[56.74343931,-3.77851394],[56.74342851,-3.77848955],[56.74342493,-3.77848235],[56.74340146,-3.77842694],[56.74337369,-3.77835744],[56.74336412,-3.77833572],[56.74335111,-3.77830240],[56.74334596,-3.77828580],[56.74333390,-3.77824926],[56.74333222,-3.77824100],[56.74332709,-3.77822277],[56.74332288,-3.77820295],[56.74332117,-3.77819632],[56.74332034,-3.77819138],[56.74332039,-3.77818811],[56.74331954,-3.77818480],[56.74331968,-3.77817499],[56.74332062,-3.77817177],[56.74332067,-3.77816850],[56.74332162,-3.77816527],[56.74332258,-3.77816041],[56.74332353,-3.77815719],[56.74332721,-3.77815082],[56.74332993,-3.77814931],[56.74333175,-3.77814776],[56.74333359,-3.77814458],[56.74333541,-3.77814303],[56.74333910,-3.77813666],[56.74334004,-3.77813343],[56.74334191,-3.77812862],[56.74334375,-3.77812543],[56.74334470,-3.77812221],[56.74334654,-3.77811902],[56.74334836,-3.77811747],[56.74335020,-3.77811429],[56.74335202,-3.77811274],[56.74335474,-3.77811123],[56.74335656,-3.77810968],[56.74335835,-3.77810977],[56.74336107,-3.77810826],[56.74336376,-3.77810839],[56.74336740,-3.77810529],[56.74336925,-3.77810211],[56.74337107,-3.77810056],[56.74337291,-3.77809737],[56.74338392,-3.77808154],[56.74338836,-3.77808502],[56.74339375,-3.77808528],[56.74339647,-3.77808377],[56.74339739,-3.77808218],[56.74340916,-3.77807619],[56.74341549,-3.77807322],[56.74342820,-3.77806401],[56.74343000,-3.77806409],[56.74343364,-3.77806099],[56.74343640,-3.77805622],[56.74343645,-3.77805295],[56.74343737,-3.77805136],[56.74343753,-3.77803992],[56.74343670,-3.77803497],[56.74343238,-3.77802332],[56.74343065,-3.77801833],[56.74342632,-3.77800668],[56.74342395,-3.77798367],[56.74342490,-3.77798045],[56.74342677,-3.77797563],[56.74342773,-3.77797077],[56.74342962,-3.77796432],[56.74343059,-3.77795946],[56.74343066,-3.77795455],[56.74343165,-3.77794806],[56.74343240,-3.77789576],[56.74343447,-3.77787623],[56.74343457,-3.77786970],[56.74343650,-3.77785998],[56.74343745,-3.77785675],[56.74344229,-3.77783245],[56.74344427,-3.77781946],[56.74344994,-3.77780010],[56.74345178,-3.77779692],[56.74345365,-3.77779210],[56.74346286,-3.77777618],[56.74346560,-3.77777304],[56.74347113,-3.77776349],[56.74347125,-3.77775532],[56.74347048,-3.77775217],[56.74346954,-3.77774870],[56.74346701,-3.77774351],[56.74346524,-3.77774179],[56.74346358,-3.77773827],[56.74346178,-3.77773819],[56.74346013,-3.77773468],[56.74345494,-3.77772626],[56.74344887,-3.77771763],[56.74344541,-3.77771403],[56.74344109,-3.77770876],[56.74343589,-3.77770164],[56.74343510,-3.77769997],[56.74342981,-3.77769318],[56.74342640,-3.77768631],[56.74340998,-3.77766526],[56.74340634,-3.77763728],[56.74340334,-3.77761425],[56.74340339,-3.77761098],[56.74340196,-3.77759783],[56.74340253,-3.77757676],[56.74340366,-3.77756700],[56.74340568,-3.77755761],[56.74340768,-3.77754953],[56.74340971,-3.77753981],[56.74341260,-3.77753193],[56.74341447,-3.77752712],[56.74341739,-3.77751777],[56.74342130,-3.77750830],[56.74342335,-3.77749695],[56.74343151,-3.77744730],[56.74343797,-3.77739756],[56.74343904,-3.77739254],[56.74344116,-3.77737596],[56.74344408,-3.77736612],[56.74344611,-3.77735608],[56.74344796,-3.77735289],[56.74344892,-3.77734820],[56.74345088,-3.77734306],[56.74345466,-3.77733669],[56.74346032,-3.77733042],[56.74346214,-3.77732854],[56.74346495,-3.77732720],[56.74346877,-3.77732411],[56.74347151,-3.77732081],[56.74347524,-3.77731771],[56.74347893,-3.77731118],[56.74348286,-3.77730662],[56.74348473,-3.77730148],[56.74348758,-3.77729671],[56.74348947,-3.77729026],[56.74349226,-3.77728385],[56.74349325,-3.77727735],[56.74349511,-3.77727253],[56.74349610,-3.77726604],[56.74349712,-3.77725791],[56.74349811,-3.77725141],[56.74349913,-3.77724329],[56.74349934,-3.77722858],[56.74349855,-3.77722036],[56.74349780,-3.77721052],[56.74349697,-3.77720557],[56.74349736,-3.77717779],[56.74349840,-3.77716802],[56.74349935,-3.77716480],[56.74350038,-3.77715503],[56.74350230,-3.77714695],[56.74350796,-3.77712759],[56.74350983,-3.77712277],[56.74351077,-3.77711955],[56.74351082,-3.77711628],[56.74351177,-3.77711305],[56.74351184,-3.77710815],[56.74351280,-3.77710329],[56.74351287,-3.77709839],[56.74351483,-3.77708703],[56.74351677,-3.77707731],[56.74352062,-3.77705950],[56.74352626,-3.77704178],[56.74353002,-3.77703051],[56.74353656,-3.77701283],[56.74354218,-3.77699674],[56.74354412,-3.77698702],[56.74354693,-3.77697897],[56.74354792,-3.77697248],[56.74355082,-3.77695790],[56.74355269,-3.77695308],[56.74355276,-3.77694818],[56.74355368,-3.77694659],[56.74355375,-3.77694168],[56.74355467,-3.77694009],[56.74355479,-3.77693192],[56.74355041,-3.77692354],[56.74354772,-3.77692341],[56.74353266,-3.77690798],[56.74353089,-3.77690626],[56.74352824,-3.77690286],[56.74352647,-3.77690114],[56.74352472,-3.77689779],[56.74352207,-3.77689440],[56.74351945,-3.77688937],[56.74351860,-3.77688605],[56.74351687,-3.77688107],[56.74351604,-3.77687612],[56.74351519,-3.77687281],[56.74351436,-3.77686787],[56.74351351,-3.77686455],[56.74351176,-3.77686120],[56.74351006,-3.77685458],[56.74350831,-3.77685123],[56.74350654,-3.77684951],[56.74350479,-3.77684615],[56.74350214,-3.77684276],[56.74350037,-3.77684104],[56.74349770,-3.77683928],[56.74349592,-3.77683756],[56.74348255,-3.77683038],[56.74348077,-3.77682867],[56.74347720,-3.77682686],[56.74347186,-3.77682334],[56.74346921,-3.77681994],[56.74346747,-3.77681659],[56.74346482,-3.77681319],[56.74346219,-3.77680816],[56.74345699,-3.77679484],[56.74345531,-3.77678658],[56.74345361,-3.77677996],[56.74345193,-3.77677170],[56.74345115,-3.77676349],[56.74344945,-3.77675687],[56.74344956,-3.77674869],[56.74344869,-3.77674702],[56.74344786,-3.77674207],[56.74344698,-3.77674040],[56.74344715,-3.77672896],[56.74344807,-3.77672736],[56.74344901,-3.77672414],[56.74345362,-3.77671618],[56.74345544,-3.77671463],[56.74345636,-3.77671304],[56.74345818,-3.77671149],[56.74346357,-3.77671174],[56.74346449,-3.77671015],[56.74346629,-3.77671023],[56.74347181,-3.77670068],[56.74347186,-3.77669741],[56.74347278,-3.77669582],[56.74347299,-3.77668111],[56.74347124,-3.77667776],[56.74347138,-3.77666795],[56.74347233,-3.77666473],[56.74347329,-3.77665987],[56.74347514,-3.77665668],[56.74347696,-3.77665513],[56.74347970,-3.77665199],[56.74348062,-3.77665040],[56.74348244,-3.77664885],[56.74348518,-3.77664571],[56.74348700,-3.77664416],[56.74348971,-3.77664265],[56.74349151,-3.77664274],[56.74350247,-3.77663017],[56.74350432,-3.77662699],[56.74350614,-3.77662544],[56.74350892,-3.77661903],[56.74350984,-3.77661744],[56.74351001,-3.77660600],[56.74350918,-3.77660105],[56.74350743,-3.77659770],[56.74348939,-3.77653961],[56.74349033,-3.77653638],[56.74349402,-3.77653002],[56.74349683,-3.77652197],[56.74349966,-3.77651229],[56.74350150,-3.77650911],[56.74350434,-3.77649943],[56.74350438,-3.77649616],[56.74350535,-3.77649130],[56.74350547,-3.77648313],[56.74350464,-3.77647818],[56.74349674,-3.77646473],[56.74349587,-3.77646305],[56.74348779,-3.77646267],[56.74348235,-3.77646568],[56.74347961,-3.77646883],[56.74347777,-3.77647201],[56.74347503,-3.77647515],[56.74347042,-3.77648311],[56.74346669,-3.77649275],[56.74346475,-3.77650247],[56.74346291,-3.77650565],[56.74346197,-3.77650888],[56.74346010,-3.77651370],[56.74345916,-3.77651692],[56.74345731,-3.77652011],[56.74345457,-3.77652325],[56.74345275,-3.77652480],[56.74345183,-3.77652639],[56.74345001,-3.77652794],[56.74344817,-3.77653112],[56.74344009,-3.77653074],[56.74343921,-3.77652906],[56.74343742,-3.77652898],[56.74343654,-3.77652730],[56.74343477,-3.77652558],[56.74343389,-3.77652391],[56.74341361,-3.77649678],[56.74341099,-3.77649175],[56.74340922,-3.77649003],[56.74340834,-3.77648836],[56.74340654,-3.77648827],[56.74340477,-3.77648655],[56.74339938,-3.77648630],[56.74339667,-3.77648781],[56.74338315,-3.77649044],[56.74338135,-3.77649035],[56.74337953,-3.77649190],[56.74337410,-3.77649492],[56.74336602,-3.77649454],[56.74336335,-3.77649278],[56.74336155,-3.77649269],[56.74335888,-3.77649093],[56.74335711,-3.77648921],[56.74335444,-3.77648745],[56.74335266,-3.77648573],[56.74334916,-3.77647902],[56.74334739,-3.77647730],[56.74334656,-3.77647236],[56.74334481,-3.77646901],[56.74332122,-3.77642210],[56.74331774,-3.77641376],[56.74331001,-3.77638886],[56.74330138,-3.77636393],[56.74330055,-3.77635898],[56.74329975,-3.77635240],[56.74329889,-3.77634909],[56.74329899,-3.77634255],[56.74329816,-3.77633761],[56.74329825,-3.77633107],[56.74329922,-3.77632621],[56.74329927,-3.77632294],[56.74330210,-3.77631326],[56.74330671,-3.77630530],[56.74330853,-3.77630375],[56.74332341,-3.77626848],[56.74332525,-3.77626529],[56.74332804,-3.77625888],[56.74332995,-3.77625080],[56.74333179,-3.77624761],[56.74333652,-3.77623148],[56.74333656,-3.77622821],[56.74333751,-3.77622499],[56.74333755,-3.77622172],[56.74333668,-3.77622004],[56.74333675,-3.77621514],[56.74333334,-3.77620190],[56.74332984,-3.77619519],[56.74332807,-3.77619347],[56.74332720,-3.77619179],[56.74332542,-3.77619008],[56.74332275,-3.77618815],[56.74329737,-3.77615310],[56.74326672,-3.77610946],[56.74324572,-3.77607642],[56.74322893,-3.77604979],[56.74321667,-3.77603351],[56.74320636,-3.77601928],[56.74319318,-3.77600492],[56.74318461,-3.77599405],[56.74317715,-3.77598160],[56.74317433,-3.77597803],[56.74317048,-3.77597066],[56.74316803,-3.77596580],[56.74316451,-3.77596056],[56.74316279,-3.77595541],[56.74316030,-3.77594695],[56.74315784,-3.77593686],[56.74315535,-3.77592840],[56.74315462,-3.77592346],[56.74315204,-3.77591500],[56.74315038,-3.77590511],[56.74314958,-3.77589853],[56.74314452,-3.77587540],[56.74313416,-3.77584547],[56.74312981,-3.77583545],[56.74312808,-3.77583047],[56.74311775,-3.77579891],[56.74311515,-3.77579224],[56.74310389,-3.77576227],[56.74308916,-3.77572397],[56.74307266,-3.77568394],[56.74306743,-3.77567224],[56.74304476,-3.77562375],[56.74301502,-3.77556674],[56.74300270,-3.77554817],[56.74299036,-3.77553124],[56.74297270,-3.77550914],[56.74296036,-3.77549221],[56.74294888,-3.77547858],[56.74294533,-3.77547515],[56.74293918,-3.77546504],[56.74293391,-3.77545662],[56.74292774,-3.77544815],[56.74292067,-3.77543964],[56.74291004,-3.77542933],[56.74290647,-3.77542752],[56.74290113,-3.77542400],[56.74289049,-3.77541369],[56.74288519,-3.77540690],[56.74288080,-3.77540015],[56.74276783,-3.77525581],[56.74276251,-3.77525066],[56.74275634,-3.77524219],[56.74274927,-3.77523368],[56.74274312,-3.77522358],[56.74272213,-3.77518334],[56.74270896,-3.77516146],[56.74270199,-3.77514641],[56.74269234,-3.77512960],[56.74266508,-3.77508743],[56.74266244,-3.77508404],[56.74263258,-3.77503520],[56.74260799,-3.77499479],[56.74256234,-3.77491905],[56.74249731,-3.77481623],[56.74246671,-3.77475591],[56.74246409,-3.77475088],[56.74243075,-3.77469371],[56.74242815,-3.77468705],[56.74241418,-3.77465859],[56.74240203,-3.77462858],[56.74239072,-3.77460188],[56.74237949,-3.77457028],[56.74237682,-3.77456852],[56.74237597,-3.77456521],[56.74237509,-3.77456353],[56.74237424,-3.77456022],[56.74237438,-3.77455041],[56.74237535,-3.77454555],[56.74237655,-3.77452435],[56.74237720,-3.77447859],[56.74237431,-3.77442939],[56.74237440,-3.77442286],[56.74237364,-3.77441301],[56.74237217,-3.77439005],[56.74237052,-3.77438016],[56.74236976,-3.77437031],[56.74236467,-3.77434881],[56.74236384,-3.77434386],[56.74235859,-3.77433380],[56.74235680,-3.77433372],[56.74235592,-3.77433204],[56.74235143,-3.77433183],[56.74234160,-3.77432810],[56.74233626,-3.77432457],[56.74233267,-3.77432441],[56.74233179,-3.77432273],[56.74232912,-3.77432097],[56.74232650,-3.77431594],[56.74232565,-3.77431263],[56.74232569,-3.77430936],[56.74232487,-3.77430441],[56.74232075,-3.77427805],[56.74231987,-3.77427638],[56.74231904,-3.77427143],[56.74231909,-3.77426816],[56.74231826,-3.77426322],[56.74231849,-3.77424688],[56.74231946,-3.77424202],[56.74232041,-3.77423879],[56.74232338,-3.77421931],[56.74232345,-3.77421440],[56.74232557,-3.77419161],[56.74232580,-3.77417527],[56.74232433,-3.77415230],[56.74232351,-3.77414736],[56.74232360,-3.77414082],[56.74232194,-3.77413093],[56.74232114,-3.77412435],[56.74232031,-3.77411941],[56.74231073,-3.77409769],[56.74229858,-3.77406769],[56.74229598,-3.77406102],[56.74229430,-3.77405277],[56.74229172,-3.77404447],[56.74229087,-3.77404116],[56.74228751,-3.77402465],[56.74228328,-3.77400646],[56.74227646,-3.77397997],[56.74226691,-3.77395663],[56.74226608,-3.77395168],[56.74226436,-3.77394669],[56.74226261,-3.77394334],[56.74226088,-3.77393835],[56.74225738,-3.77393165],[56.74225561,-3.77392993],[56.74225386,-3.77392657],[56.74224585,-3.77392129],[56.74219439,-3.77387471],[56.74219259,-3.77387463],[56.74218992,-3.77387287],[56.74218638,-3.77386943],[56.74218375,-3.77386440],[56.74218034,-3.77385116],[56.74217954,-3.77384458],[56.74217869,-3.77384127],[56.74217878,-3.77383473],[56.74217798,-3.77382815],[56.74217860,-3.77378403],[56.74217810,-3.77375620],[56.74217739,-3.77374308],[56.74217684,-3.77371853],[56.74217698,-3.77370872],[56.74217613,-3.77370541],[56.74217622,-3.77369888],[56.74217537,-3.77369556],[56.74217454,-3.77369062],[56.74217369,-3.77368731],[56.74216407,-3.77366887],[56.74216147,-3.77366220],[56.74216061,-3.77365889],[56.74215974,-3.77365722],[56.74215801,-3.77365223],[56.74215626,-3.77364888],[56.74215449,-3.77364716],[56.74215270,-3.77364707],[56.74215182,-3.77364540],[56.74215002,-3.77364531],[56.74214731,-3.77364682],[56.74214549,-3.77364837],[56.74214272,-3.77365314],[56.74214093,-3.77365306],[56.74214001,-3.77365465],[56.74213821,-3.77365457],[56.74213644,-3.77365285],[56.74213464,-3.77365276],[56.74213377,-3.77365109],[56.74213197,-3.77365100],[56.74212665,-3.77364584],[56.74212815,-3.77360340],[56.74213297,-3.77358073],[56.74213389,-3.77357914],[56.74213578,-3.77357269],[56.74213592,-3.77356288],[56.74213431,-3.77354972],[56.74213272,-3.77353493],[56.74213277,-3.77353166],[56.74213109,-3.77352340],[56.74213118,-3.77351687],[56.74213061,-3.77349395],[56.74213122,-3.77345146],[56.74213267,-3.77341228],[56.74213351,-3.77335344],[56.74213285,-3.77327328],[56.74213299,-3.77326348],[56.74213214,-3.77326017],[56.74212952,-3.77325514],[56.74212597,-3.77325170],[56.74211789,-3.77325132],[56.74211611,-3.77324960],[56.74210806,-3.77324758],[56.74210624,-3.77324913],[56.74210264,-3.77324896],[56.74210087,-3.77324725],[56.74209912,-3.77324389],[56.74209664,-3.77322906],[56.74209696,-3.77320618],[56.74210090,-3.77318183],[56.74210194,-3.77317207],[56.74210683,-3.77314450],[56.74210779,-3.77313964],[56.74211180,-3.77311039],[56.74211194,-3.77310059],[56.74211109,-3.77309728],[56.74210844,-3.77309388],[56.74210582,-3.77308885],[56.74210405,-3.77308713],[56.74210230,-3.77308378],[56.74210145,-3.77308047],[56.74209970,-3.77307712],[56.74209804,-3.77306723],[56.74209629,-3.77306387],[56.74209544,-3.77306056],[56.74209461,-3.77305562],[56.74209300,-3.77304246],[56.74209146,-3.77302440],[56.74209061,-3.77302109],[56.74209066,-3.77301782],[56.74208810,-3.77300789],[56.74208198,-3.77299615],[56.74208202,-3.77299288],[56.74208115,-3.77299121],[56.74208131,-3.77297977],[56.74208228,-3.77297491],[56.74208412,-3.77297172],[56.74208875,-3.77296213],[56.74209152,-3.77295735],[56.74209246,-3.77295413],[56.74209251,-3.77295086],[56.74209163,-3.77294918],[56.74209168,-3.77294591],[56.74209083,-3.77294260],[56.74208908,-3.77293925],[56.74208730,-3.77293753],[56.74207853,-3.77292240],[56.74207766,-3.77292072],[56.74207326,-3.77291397],[56.74206799,-3.77290555],[56.74206626,-3.77290056],[56.74206014,-3.77288883],[56.74205583,-3.77287554],[56.74205151,-3.77286389],[56.74204290,-3.77283732],[56.74202483,-3.77278087],[56.74201795,-3.77275928],[56.74201017,-3.77273766],[56.74200236,-3.77271767],[56.74199891,-3.77270769],[56.74199369,-3.77269600],[56.74198756,-3.77268426],[56.74198142,-3.77267416],[56.74198056,-3.77267085],[56.74197442,-3.77266075],[56.74196028,-3.77264373],[56.74195855,-3.77263874],[56.74194889,-3.77262357],[56.74194536,-3.77261850],[56.74193655,-3.77260664],[56.74192860,-3.77259645],[56.74189312,-3.77256371],[56.74185592,-3.77252598],[56.74184883,-3.77251910],[56.74184438,-3.77251562],[56.74183734,-3.77250548],[56.74183648,-3.77250217],[56.74183296,-3.77249710],[56.74182776,-3.77248377],[56.74181026,-3.77245024],[56.74180766,-3.77244358],[56.74180241,-3.77243352],[56.74179719,-3.77242182],[56.74179107,-3.77241009],[56.74177255,-3.77238469],[56.74176374,-3.77237282],[56.74175404,-3.77235929],[56.74173821,-3.77233565],[56.74173031,-3.77232219],[56.74171979,-3.77230371],[56.74171714,-3.77230031],[56.74171187,-3.77229189],[56.74170922,-3.77228849],[56.74169872,-3.77226837],[56.74169430,-3.77226326],[56.74169078,-3.77225819],[56.74168636,-3.77225307],[56.74167938,-3.77223803],[56.74167153,-3.77222131],[56.74166104,-3.77220119],[56.74164288,-3.77215127],[56.74162375,-3.77210622],[56.74161502,-3.77208782],[56.74160632,-3.77206779],[56.74159670,-3.77204935],[56.74159230,-3.77204260],[56.74157651,-3.77201569],[56.74156856,-3.77200550],[56.74154646,-3.77197993],[56.74153760,-3.77197134],[56.74152259,-3.77195264],[56.74151197,-3.77194070],[56.74149954,-3.77193030],[56.74149599,-3.77192686],[56.74148980,-3.77192003],[56.74148269,-3.77191479],[56.74147555,-3.77191118],[56.74146931,-3.77190762],[56.74146217,-3.77190401],[56.74145501,-3.77190204],[56.74145054,-3.77190019],[56.74144697,-3.77189839],[56.74144251,-3.77189654],[56.74143896,-3.77189311],[56.74143809,-3.77189143],[56.74142383,-3.77188258],[56.74142206,-3.77188086],[56.74140778,-3.77187365],[56.74140599,-3.77187357],[56.74138996,-3.77186300],[56.74138375,-3.77185780],[56.74137843,-3.77185265],[56.74136963,-3.77183915],[56.74136344,-3.77183232],[56.74135108,-3.77181702],[56.74133869,-3.77180335],[56.74133512,-3.77180155],[56.74130848,-3.77177904],[56.74128090,-3.77175975],[56.74127289,-3.77175447],[56.74125417,-3.77174377],[56.74123455,-3.77173304],[56.74121491,-3.77172394],[56.74120954,-3.77172205],[56.74117887,-3.77171313],[56.74115192,-3.77141354],[56.74115918,-3.77140898],[56.74117470,-3.77139172],[56.74118108,-3.77138548],[56.74119750,-3.77136826],[56.74125033,-3.77131842],[56.74125396,-3.77131532],[56.74125852,-3.77131063],[56.74126216,-3.77130753],[56.74126490,-3.77130439],[56.74126857,-3.77129965],[56.74128045,-3.77128549],[56.74128137,-3.77128390],[56.74128591,-3.77128085],[56.74128957,-3.77127611],[56.74129229,-3.77127460],[56.74129595,-3.77126987],[56.74130608,-3.77125236],[56.74130436,-3.77124737],[56.74129922,-3.77122914],[56.74129317,-3.77121250],[56.74128619,-3.77119746],[56.74126349,-3.77115060],[56.74124165,-3.77110706],[56.74121540,-3.77105676],[56.74121188,-3.77105169],[56.74120838,-3.77104499],[56.74120398,-3.77103824],[56.74119703,-3.77102156],[56.74119188,-3.77100496],[56.74116941,-3.77094177],[56.74116683,-3.77093347],[56.74116428,-3.77092354],[56.74116096,-3.77090376],[56.74116023,-3.77089227],[56.74115951,-3.77087916],[56.74115883,-3.77086441],[56.74115915,-3.77084153],[56.74116026,-3.77082686],[56.74116226,-3.77081224],[56.74116783,-3.77077473],[56.74117219,-3.77074566],[56.74120153,-3.77057861],[56.74125375,-3.77028671],[56.74125533,-3.77027043],[56.74125759,-3.77023783],[56.74125808,-3.77020352],[56.74125741,-3.77018713],[56.74125753,-3.77017896],[56.74125263,-3.77014439],[56.74125009,-3.77013282],[56.74124752,-3.77012453],[56.74123079,-3.77003707],[56.74122844,-3.77001897],[56.74122597,-3.77000266],[56.74122512,-3.76999935],[56.74122277,-3.76998109],[56.74122132,-3.76996304],[56.74122176,-3.76993853],[56.74122392,-3.76991917],[56.74122494,-3.76991104],[56.74122804,-3.76988846],[56.74122899,-3.76988523],[56.74122906,-3.76988033],[56.74122998,-3.76987873],[56.74122915,-3.76987379],[56.74122920,-3.76987052],[56.74122850,-3.76986248],[56.74122866,-3.76985104],[56.74122977,-3.76984291],[56.74122986,-3.76983637],[56.74123088,-3.76982825],[56.74123184,-3.76982339],[56.74125516,-3.76967453],[56.74126007,-3.76963306],[56.74126419,-3.76958975],[56.74126432,-3.76958665],[56.74126557,-3.76956218],[56.74126674,-3.76953640],[56.74126613,-3.76952868],[56.74126598,-3.76952688],[56.74126482,-3.76948185],[56.74126233,-3.76946080],[56.74126171,-3.76944786],[56.74125857,-3.76942171],[56.74125532,-3.76939768],[56.74124647,-3.76933103],[56.74124320,-3.76930848],[56.74124160,-3.76930039],[56.74123997,-3.76928887],[56.74123652,-3.76927905],[56.74123481,-3.76927260],[56.74123315,-3.76926925],[56.74123050,-3.76926585],[56.74122875,-3.76926266],[56.74122619,-3.76925944],[56.74122280,-3.76925126],[56.74121587,-3.76923311],[56.74120985,-3.76922008],[56.74120898,-3.76921186],[56.74120730,-3.76920377],[56.74120573,-3.76919404],[56.74120304,-3.76918738],[56.74120309,-3.76918411],[56.74120133,-3.76918092],[56.74119960,-3.76917610],[56.74119887,-3.76917115],[56.74119705,-3.76916633],[56.74119624,-3.76915975],[56.74119631,-3.76915501],[56.74119548,-3.76915006],[56.74119602,-3.76913717],[56.74113695,-3.76889891],[56.74113515,-3.76889883],[56.74113810,-3.76888098],[56.74114006,-3.76886962],[56.74114389,-3.76885345],[56.74114485,-3.76884859],[56.74115642,-3.76879354],[56.74115741,-3.76878704],[56.74115838,-3.76878218],[56.74115868,-3.76876094],[56.74115631,-3.76873793],[56.74115477,-3.76871987],[56.74115419,-3.76869695],[56.74115346,-3.76868547],[56.74115362,-3.76867403],[56.74115574,-3.76865123],[56.74115768,-3.76864151],[56.74115772,-3.76863824],[56.74116063,-3.76862366],[56.74116247,-3.76862048],[56.74116429,-3.76861893],[56.74116615,-3.76861411],[56.74116899,-3.76860443],[56.74116906,-3.76859953],[56.74117378,-3.76858340],[56.74117470,-3.76858181],[56.74117850,-3.76856727],[56.74118407,-3.76855445],[56.74118684,-3.76854967],[56.74118962,-3.76854326],[56.74119055,-3.76854167],[56.74119329,-3.76853853],[56.74119697,-3.76853216],[56.74120070,-3.76852252],[56.74120360,-3.76850794],[56.74120932,-3.76848532],[56.74120936,-3.76848205],[56.74121031,-3.76847882],[56.74121035,-3.76847555],[56.74121128,-3.76847396],[56.74121222,-3.76847074],[56.74121314,-3.76846914],[56.74121409,-3.76846592],[56.74121591,-3.76846437],[56.74122811,-3.76843354],[56.74172082,-3.76742759],[56.74172428,-3.76743086],[56.74173454,-3.76746732],[56.74174150,-3.76747762],[56.74175144,-3.76749215],[56.74176447,-3.76751124],[56.74182028,-3.76746023],[56.74186931,-3.76753252],[56.74207741,-3.76755325],[56.74233794,-3.76759001],[56.74289006,-3.76775495],[56.74302798,-3.76783943],[56.74332606,-3.76802286],[56.74336570,-3.76804729],[56.74337113,-3.76805065],[56.74360801,-3.76821583],[56.74377274,-3.76833527],[56.74388960,-3.76867454],[56.74402158,-3.76901290],[56.74431041,-3.76936664],[56.74432717,-3.76938869],[56.74435544,-3.76942273],[56.74437492,-3.76944327],[56.74442173,-3.76950107],[56.74444208,-3.76952329],[56.74447924,-3.76956429],[56.74471301,-3.76980915],[56.74480525,-3.76992633],[56.74483925,-3.76996881],[56.74484313,-3.76996753],[56.74492968,-3.76994118],[56.74518697,-3.77013007],[56.74522165,-3.77015623],[56.74528590,-3.77020734],[56.74546157,-3.77034742],[56.74558023,-3.77047076],[56.74563071,-3.77046005],[56.74564536,-3.77050375],[56.74565709,-3.77053881],[56.74566105,-3.77055061],[56.74571440,-3.77071094],[56.74595129,-3.77107077],[56.74616426,-3.77139432],[56.74631871,-3.77162386],[56.74665620,-3.77214463],[56.74679356,-3.77235603],[56.74688422,-3.77236357],[56.74679875,-3.77261044],[56.74685249,-3.77269900],[56.74689231,-3.77276139],[56.74689556,-3.77276645],[56.74692052,-3.77280639],[56.74693761,-3.77283630],[56.74697231,-3.77289894],[56.74700579,-3.77296463],[56.74702518,-3.77299793],[56.74708383,-3.77309474],[56.74712302,-3.77315743],[56.74713038,-3.77315140],[56.74713409,-3.77314339],[56.74714515,-3.77312429],[56.74714982,-3.77311142],[56.74715457,-3.77309366],[56.74716238,-3.77304986],[56.74716344,-3.77303846],[56.74716268,-3.77302862],[56.74716008,-3.77302195],[56.74715750,-3.77301365],[56.74715304,-3.77301181],[56.74715039,-3.77300841],[56.74714954,-3.77300510],[56.74714963,-3.77299856],[56.74715062,-3.77299207],[56.74715799,-3.77297933],[56.74716532,-3.77296986],[56.74717257,-3.77296530],[56.74718008,-3.77294275],[56.74718225,-3.77291668],[56.74718428,-3.77290042],[56.74718805,-3.77288752],[56.74719096,-3.77287294],[56.74719471,-3.77286166],[56.74720312,-3.77283916],[56.74721505,-3.77282173],[56.74722795,-3.77279944],[56.74722984,-3.77279299],[56.74723546,-3.77277690],[56.74724013,-3.77276403],[56.74724469,-3.77275934],[56.74724838,-3.77275297],[56.74725568,-3.77274514],[56.74726296,-3.77273894],[56.74727673,-3.77271833],[56.74728700,-3.77269101],[56.74728993,-3.77267479],[56.74729375,-3.77265861],[56.74729756,-3.77264407],[56.74730133,-3.77263117],[56.74731207,-3.77257116],[56.74732659,-3.77249824],[56.74732673,-3.77248843],[56.74732869,-3.77247708],[56.74733239,-3.77246907],[56.74733698,-3.77246275],[56.74734974,-3.77245026],[56.74736604,-3.77244122],[56.74737152,-3.77243494],[56.74737797,-3.77242379],[56.74738361,-3.77240606],[56.74739469,-3.77238532],[56.74740379,-3.77237757],[56.74741199,-3.77236978],[56.74742106,-3.77236367],[56.74743099,-3.77236086],[56.74747080,-3.77234148],[56.74749514,-3.77233608],[56.74749694,-3.77233617],[56.74750417,-3.77233324],[56.74751858,-3.77233064],[56.74752667,-3.77233102],[56.74753387,-3.77232973],[56.74756708,-3.77233293],[56.74760295,-3.77233789],[56.74764511,-3.77234314],[56.74765948,-3.77234382],[56.74766754,-3.77234584],[56.74767562,-3.77234622],[56.74768009,-3.77234806],[56.74768548,-3.77234832],[56.74769174,-3.77235025],[56.74769711,-3.77235214],[56.74772207,-3.77236640],[56.74773582,-3.77237228],[56.74773949,-3.77237359],[56.74774771,-3.77237693],[56.74775281,-3.77237864],[56.74775674,-3.77238013],[56.74776591,-3.77237991],[56.74776687,-3.77238192],[56.74777091,-3.77238178],[56.74777206,-3.77238347],[56.74777404,-3.77238340],[56.74778016,-3.77238876],[56.74778191,-3.77239211],[56.74778545,-3.77239555],[56.74778633,-3.77239723],[56.74778813,-3.77239731],[56.74779351,-3.77239757],[56.74779533,-3.77239602],[56.74779803,-3.77239614],[56.74779949,-3.77239458],[56.74780111,-3.77239449],[56.74780412,-3.77239136],[56.74780477,-3.77238959],[56.74780805,-3.77238664],[56.74781090,-3.77238219],[56.74782043,-3.77236269],[56.74782174,-3.77235899],[56.74782286,-3.77235642],[56.74782562,-3.77235165],[56.74783025,-3.77234205],[56.74784752,-3.77232814],[56.74786198,-3.77232228],[56.74786827,-3.77232258],[56.74787361,-3.77232610],[56.74787716,-3.77232954],[56.74787891,-3.77233289],[56.74788151,-3.77233956],[56.74788408,-3.77234786],[56.74788581,-3.77235285],[56.74788844,-3.77235788],[56.74789375,-3.77236303],[56.74789454,-3.77237125],[56.74789624,-3.77237787],[56.74789884,-3.77238453],[56.74790142,-3.77239283],[56.74791028,-3.77240143],[56.74792134,-3.77238232],[56.74793124,-3.77238115],[56.74793925,-3.77238644],[56.74794639,-3.77239005],[56.74795447,-3.77239043],[56.74796168,-3.77238913],[56.74797071,-3.77238628],[56.74797978,-3.77238017],[56.74798531,-3.77237062],[56.74799169,-3.77236437],[56.74799802,-3.77236140],[56.74800341,-3.77236165],[56.74800979,-3.77235541],[56.74801522,-3.77235240],[56.74802063,-3.77235102],[56.74802515,-3.77234959],[56.74803051,-3.77235148],[56.74804225,-3.77234713],[56.74807208,-3.77233545],[56.74808748,-3.77232636],[56.74809045,-3.77230687],[56.74809960,-3.77229586],[56.74810321,-3.77229439],[56.74810773,-3.77229297],[56.74811137,-3.77228987],[56.74811415,-3.77228346],[56.74811703,-3.77227051],[56.74812076,-3.77226087],[56.74812625,-3.77225458],[56.74813081,-3.77224989],[56.74813532,-3.77224847],[56.74813898,-3.77224374],[56.74815268,-3.77222802],[56.74815623,-3.77223146],[56.74815984,-3.77223000],[56.74816081,-3.77222514],[56.74816088,-3.77222023],[56.74817944,-3.77217924],[56.74818680,-3.77217320],[56.74819798,-3.77215181],[56.74820697,-3.77213882],[56.74821174,-3.77212580],[56.74821444,-3.77211268],[56.74821645,-3.77210443],[56.74822372,-3.77209185],[56.74822739,-3.77208712],[56.74823395,-3.77208040],[56.74824121,-3.77207550],[56.74824847,-3.77206423],[56.74825316,-3.77205644],[56.74825881,-3.77205114],[56.74826357,-3.77204515],[56.74826522,-3.77204310],[56.74827087,-3.77203699],[56.74827538,-3.77203590],[56.74827900,-3.77203443],[56.74828091,-3.77203289],[56.74828471,-3.77202489],[56.74828781,-3.77201522],[56.74830001,-3.77199797],[56.74830672,-3.77198683],[56.74831332,-3.77197782],[56.74831813,-3.77197478],[56.74832365,-3.77197176],[56.74833956,-3.77195289],[56.74834881,-3.77194711],[56.74836378,-3.77193015],[56.74836583,-3.77192534],[56.74837048,-3.77191427],[56.74837704,-3.77190771],[56.74838285,-3.77190357],[56.74838833,-3.77190366],[56.74840246,-3.77188323],[56.74840748,-3.77187185],[56.74841208,-3.77186422],[56.74841691,-3.77185970],[56.74842247,-3.77185375],[56.74843747,-3.77183515],[56.74844669,-3.77182528],[56.74845545,-3.77181621],[56.74846311,-3.77180201],[56.74848322,-3.77175864],[56.74848546,-3.77174680],[56.74848937,-3.77173717],[56.74849496,-3.77172991],[56.74849866,-3.77172829],[56.74850335,-3.77172720],[56.74850708,-3.77172427],[56.74851173,-3.77171941],[56.74852008,-3.77171343],[56.74852738,-3.77170543],[56.74854029,-3.77168919],[56.74859469,-3.77159198],[56.74860012,-3.77158897],[56.74860469,-3.77158378],[56.74861031,-3.77156753],[56.74861497,-3.77155613],[56.74861690,-3.77154625],[56.74861972,-3.77153788],[56.74862145,-3.77152978],[56.74863002,-3.77151530],[56.74863541,-3.77150868],[56.74864366,-3.77149729],[56.74865009,-3.77149416],[56.74865555,-3.77148935],[56.74866013,-3.77148302],[56.74866108,-3.77147914],[56.74866204,-3.77147493],[56.74866483,-3.77146852],[56.74867128,-3.77145738],[56.74867406,-3.77145097],[56.74869696,-3.77142097],[56.74870154,-3.77141464],[56.74870702,-3.77140836],[56.74871073,-3.77140035],[56.74871352,-3.77139394],[56.74872821,-3.77137173],[56.74875585,-3.77132397],[56.74877609,-3.77129057],[56.74880813,-3.77124955],[56.74883000,-3.77122769],[56.74883733,-3.77121822],[56.74885483,-3.77118796],[56.74885859,-3.77117669],[56.74886414,-3.77116550],[56.74886967,-3.77115595],[56.74887694,-3.77114975],[56.74888056,-3.77114828],[56.74888424,-3.77114191],[56.74888795,-3.77113391],[56.74888897,-3.77112578],[56.74891499,-3.77106485],[56.74892416,-3.77105220],[56.74893706,-3.77102991],[56.74894901,-3.77101084],[56.74895808,-3.77100473],[56.74896542,-3.77099460],[56.74897545,-3.77098428],[56.74898190,-3.77097313],[56.74898648,-3.77096681],[56.74900767,-3.77093019],[56.74902156,-3.77090140],[56.74902527,-3.77089339],[56.74902987,-3.77088543],[56.74903715,-3.77087923],[56.74904353,-3.77087299],[56.74904809,-3.77086830],[56.74905730,-3.77085238],[56.74906287,-3.77083955],[56.74906755,-3.77082669],[56.74907133,-3.77081378],[56.74907333,-3.77079915],[56.74907442,-3.77078612],[56.74907460,-3.77077304],[56.74907672,-3.77075024],[56.74907866,-3.77074052],[56.74908373,-3.77069987],[56.74909097,-3.77063315],[56.74909226,-3.77060541],[56.74909443,-3.77057934],[56.74909924,-3.77055666],[56.74910493,-3.77053567],[56.74911065,-3.77051304],[56.74911263,-3.77050005],[56.74911369,-3.77048865],[56.74911491,-3.77046581],[56.74911432,-3.77044452],[56.74911298,-3.77041174],[56.74911045,-3.77040017],[56.74911059,-3.77039036],[56.74911165,-3.77037896],[56.74911541,-3.77036769],[56.74911760,-3.77033999],[56.74911974,-3.77031556],[56.74912196,-3.77028622],[56.74912504,-3.77025856],[56.74912610,-3.77024716],[56.74912719,-3.77023412],[56.74912737,-3.77022105],[56.74912929,-3.77021296],[56.74913122,-3.77020324],[56.74913228,-3.77019184],[56.74913242,-3.77018203],[56.74913445,-3.77016577],[56.74913556,-3.77015110],[56.74913577,-3.77013639],[56.74913867,-3.77012181],[56.74914067,-3.77010718],[56.74914358,-3.77009260],[56.74914560,-3.77007633],[56.74914768,-3.77005680],[56.74915060,-3.77004059],[56.74915448,-3.77002114],[56.74915759,-3.76999185],[56.74916155,-3.76996586],[56.74916740,-3.76993342],[56.74916941,-3.76991880],[56.74916959,-3.76990572],[56.74917257,-3.76988623],[56.74918086,-3.76987190],[56.74918818,-3.76986243],[56.74918926,-3.76984940],[56.74918938,-3.76984123],[56.74919410,-3.76982509],[56.74919502,-3.76982350],[56.74919975,-3.76980737],[56.74920721,-3.76978809],[56.74921642,-3.76977217],[56.74922741,-3.76975796],[56.74924215,-3.76973249],[56.74925765,-3.76971686],[56.74927026,-3.76971418],[56.74928019,-3.76971138],[56.74928919,-3.76971016],[56.74929732,-3.76970727],[56.74930546,-3.76970995],[56.74930912,-3.76971143],[56.74931919,-3.76971779],[56.74932576,-3.76971679],[56.74933346,-3.76971274],[56.74933840,-3.76970643],[56.74934235,-3.76970023],[56.74935399,-3.76969113],[56.74935865,-3.76969168],[56.74936056,-3.76969013],[56.74936430,-3.76969227],[56.74936883,-3.76969641],[56.74937349,-3.76969695],[56.74938099,-3.76969436],[56.74938790,-3.76968831],[56.74939829,-3.76968438],[56.74942024,-3.76968280],[56.74945130,-3.76968540],[56.74947582,-3.76969261],[56.74952510,-3.76969656],[56.74955243,-3.76970210],[56.74959138,-3.76971194],[56.74961308,-3.76972180],[56.74962032,-3.76972426],[56.74962773,-3.76972151],[56.74963148,-3.76971661],[56.74963636,-3.76970883],[56.74964998,-3.76971159],[56.74966107,-3.76970901],[56.74967192,-3.76971001],[56.74967353,-3.76971057],[56.74967827,-3.76971243],[56.74968387,-3.76971662],[56.74968829,-3.76972223],[56.74969380,-3.76972641],[56.74969936,-3.76972700],[56.74970513,-3.76972596],[56.74971361,-3.76972358],[56.74972305,-3.76972288],[56.74973325,-3.76972598],[56.74974344,-3.76973038],[56.74976016,-3.76973591],[56.74976850,-3.76973696],[56.74978565,-3.76973204],[56.74979470,-3.76972756],[56.74982015,-3.76970749],[56.74982369,-3.76971093],[56.74983461,-3.76970163],[56.74985630,-3.76969284],[56.74986899,-3.76968525],[56.74987804,-3.76968077],[56.74988536,-3.76967130],[56.74989349,-3.76966841],[56.74990160,-3.76966716],[56.74991343,-3.76965627],[56.74992156,-3.76965338],[56.74993508,-3.76965074],[56.74994129,-3.76965594],[56.74995214,-3.76965154],[56.74995488,-3.76964840],[56.74996476,-3.76964887],[56.74997372,-3.76965092],[56.74999995,-3.76963907],[56.75001701,-3.76963987],[56.75003041,-3.76964541],[56.75004116,-3.76964755],[56.75005116,-3.76963984],[56.75005843,-3.76963364],[56.75006748,-3.76962916],[56.75007557,-3.76962954],[56.75009544,-3.76962230],[56.75010806,-3.76961962],[56.75012257,-3.76961049],[56.75012699,-3.76961560],[56.75013970,-3.76960639],[56.75015780,-3.76959743],[56.75017694,-3.76957870],[56.75018152,-3.76957237],[56.75018785,-3.76956940],[56.75019234,-3.76956961],[56.75019872,-3.76956336],[56.75020236,-3.76956026],[56.75022308,-3.76955633],[56.75023844,-3.76955051],[56.75025030,-3.76953798],[56.75025942,-3.76952860],[56.75028012,-3.76952630],[56.75028917,-3.76952182],[56.75029914,-3.76951575],[56.75030812,-3.76951617],[56.75031174,-3.76951470],[56.75031713,-3.76951496],[56.75032249,-3.76951684],[56.75032878,-3.76951714],[56.75033240,-3.76951567],[56.75033689,-3.76951588],[56.75037023,-3.76950927],[56.75037651,-3.76950957],[56.75038372,-3.76950827],[56.75038824,-3.76950685],[56.75039280,-3.76950216],[56.75039643,-3.76949906],[56.75040097,-3.76949600],[56.75040641,-3.76949298],[56.75041271,-3.76949164],[56.75041456,-3.76948846],[56.75041638,-3.76948691],[56.75042181,-3.76948389],[56.75042718,-3.76948578],[56.75043086,-3.76947941],[56.75043542,-3.76947472],[56.75044175,-3.76947175],[56.75044802,-3.76947368],[56.75045251,-3.76947389],[56.75046602,-3.76947125],[56.75047694,-3.76946195],[56.75047961,-3.76946371],[56.75048500,-3.76946397],[56.75048956,-3.76945927],[56.75049601,-3.76944813],[56.75049967,-3.76944339],[56.75050149,-3.76944184],[56.75050780,-3.76944050],[56.75051404,-3.76944407],[56.75051947,-3.76944105],[56.75052488,-3.76943967],[56.75053389,-3.76943846],[56.75054197,-3.76943884],[56.75056889,-3.76944174],[56.75058252,-3.76943093],[56.75059887,-3.76941861],[56.75061872,-3.76941300],[56.75063316,-3.76940878],[56.75064124,-3.76940916],[56.75064849,-3.76940459],[56.75065398,-3.76939831],[56.75066035,-3.76939206],[56.75066676,-3.76938418],[56.75067224,-3.76937790],[56.75067602,-3.76936499],[56.75068064,-3.76935540],[56.75068804,-3.76934102],[56.75069536,-3.76933155],[56.75069990,-3.76932849],[56.75070441,-3.76932707],[56.75070989,-3.76932079],[56.75071448,-3.76931446],[56.75071809,-3.76931299],[56.75072716,-3.76930688],[56.75073350,-3.76930390],[56.75073981,-3.76930256],[56.75074699,-3.76930290],[56.75075510,-3.76930165],[56.75076233,-3.76929872],[56.75076871,-3.76929247],[56.75077780,-3.76928472],[56.75078694,-3.76927370],[56.75079800,-3.76925459],[56.75080173,-3.76924495],[56.75080634,-3.76923699],[56.75081180,-3.76923234],[56.75081728,-3.76922606],[56.75082554,-3.76921336],[56.75084024,-3.76919115],[56.75084576,-3.76918160],[56.75085132,-3.76917041],[56.75086140,-3.76915616],[56.75087061,-3.76914024],[56.75088526,-3.76912130],[56.75090161,-3.76910898],[56.75090698,-3.76911087],[56.75091239,-3.76910949],[56.75091600,-3.76910802],[56.75092148,-3.76910174],[56.75092699,-3.76909382],[56.75094140,-3.76909122],[56.75096222,-3.76908075],[56.75098755,-3.76906886],[56.75099667,-3.76905947],[56.75100581,-3.76904845],[56.75104614,-3.76899310],[56.75108290,-3.76893594],[56.75109211,-3.76892001],[56.75110307,-3.76890744],[56.75111037,-3.76889961],[56.75111947,-3.76889186],[56.75113943,-3.76887808],[56.75114399,-3.76887338],[56.75115033,-3.76887041],[56.75115670,-3.76886417],[56.75116306,-3.76885956],[56.75117128,-3.76885013],[56.75117953,-3.76883907],[56.75118784,-3.76882310],[56.75120636,-3.76878471],[56.75121007,-3.76877671],[56.75121465,-3.76877038],[56.75122011,-3.76876573],[56.75122462,-3.76876431],[56.75123549,-3.76875828],[56.75125545,-3.76874449],[56.75128189,-3.76871793],[56.75130557,-3.76869614],[56.75131017,-3.76868818],[56.75131475,-3.76868185],[56.75132021,-3.76867720],[56.75132565,-3.76867419],[56.75133196,-3.76867285],[56.75135199,-3.76865416],[56.75136376,-3.76864817],[56.75137014,-3.76864193],[56.75137472,-3.76863560],[56.75138020,-3.76862931],[56.75138923,-3.76862647],[56.75139556,-3.76862349],[56.75140192,-3.76861888],[56.75140917,-3.76861432],[56.75141465,-3.76860803],[56.75142023,-3.76859521],[56.75142753,-3.76858737],[56.75143478,-3.76858281],[56.75144116,-3.76857656],[56.75145032,-3.76856391],[56.75148208,-3.76854250],[56.75153051,-3.76848589],[56.75154757,-3.76848669],[56.75155388,-3.76848535],[56.75155930,-3.76848397],[56.75158921,-3.76846575],[56.75161751,-3.76843437],[56.75163660,-3.76841890],[56.75165486,-3.76839850],[56.75167594,-3.76837005],[56.75169791,-3.76834163],[56.75175661,-3.76825770],[56.75180350,-3.76818302],[56.75182816,-3.76815474],[56.75183908,-3.76814544],[56.75184369,-3.76813747],[56.75184919,-3.76812955],[56.75185654,-3.76811845],[56.75186391,-3.76810571],[56.75187411,-3.76808329],[56.75188786,-3.76806431],[56.75189426,-3.76805643],[56.75189976,-3.76804851],[56.75191436,-3.76803284],[56.75192344,-3.76802672],[56.75193246,-3.76802387],[56.75195423,-3.76801017],[56.75197514,-3.76799316],[56.75198154,-3.76798528],[56.75198882,-3.76797908],[56.75199704,-3.76796966],[56.75200616,-3.76796027],[56.75202605,-3.76795139],[56.75205230,-3.76793790],[56.75208942,-3.76791838],[56.75214764,-3.76786877],[56.75219501,-3.76782356],[56.75220590,-3.76781589],[56.75221417,-3.76780320],[56.75222152,-3.76779209],[56.75222753,-3.76778010],[56.75223158,-3.76777948],[56.75223520,-3.76777801],[56.75223879,-3.76777818],[56.75224326,-3.76778003],[56.75224874,-3.76777374],[56.75226057,-3.76776285],[56.75226691,-3.76775987],[56.75227236,-3.76775522],[56.75227695,-3.76774889],[56.75228063,-3.76774252],[56.75228519,-3.76773783],[56.75229067,-3.76773154],[56.75229249,-3.76772999],[56.75229433,-3.76772681],[56.75230253,-3.76771902],[56.75231066,-3.76771613],[56.75231702,-3.76771152],[56.75232160,-3.76770519],[56.75232977,-3.76769903],[56.75233802,-3.76768797],[56.75235548,-3.76766098],[56.75237296,-3.76763236],[56.75237390,-3.76762913],[56.75238040,-3.76761471],[56.75238864,-3.76760365],[56.75239502,-3.76759741],[56.75240045,-3.76759439],[56.75242153,-3.76756594],[56.75243633,-3.76753555],[56.75245294,-3.76750525],[56.75246775,-3.76747487],[56.75247238,-3.76746527],[56.75247523,-3.76745396],[56.75247544,-3.76743924],[56.75247650,-3.76742784],[56.75247938,-3.76741489],[56.75248311,-3.76740525],[56.75248772,-3.76739729],[56.75249421,-3.76738287],[56.75249981,-3.76736841],[56.75250635,-3.76735073],[56.75251697,-3.76729888],[56.75252282,-3.76726644],[56.75252577,-3.76724859],[56.75252780,-3.76723232],[56.75252794,-3.76722251],[56.75252898,-3.76721275],[56.75253289,-3.76719003],[56.75253497,-3.76717050],[56.75253610,-3.76715420],[56.75253727,-3.76713462],[56.75253843,-3.76711668],[56.75253882,-3.76708889],[56.75253726,-3.76707246],[56.75253659,-3.76705607],[56.75253756,-3.76705121],[56.75253959,-3.76703495],[56.75254426,-3.76702208],[56.75254622,-3.76701072],[56.75254820,-3.76699773],[56.75254931,-3.76698306],[56.75254954,-3.76696671],[56.75255180,-3.76693410],[56.75255581,-3.76690485],[56.75255977,-3.76687886],[56.75256859,-3.76682693],[56.75256963,-3.76681716],[56.75257244,-3.76680912],[56.75257520,-3.76680434],[56.75257794,-3.76680120],[56.75257986,-3.76679311],[56.75258085,-3.76678661],[56.75258465,-3.76677207],[56.75258753,-3.76675912],[56.75259038,-3.76674780],[56.75259239,-3.76673317],[56.75259522,-3.76672349],[56.75259808,-3.76671217],[56.75261289,-3.76668179],[56.75262422,-3.76664306],[56.75262885,-3.76663347],[56.75263166,-3.76662542],[56.75263355,-3.76661896],[56.75263456,-3.76661083],[56.75263385,-3.76659771],[56.75263495,-3.76658304],[56.75263698,-3.76656678],[56.75263899,-3.76655215],[56.75264187,-3.76653920],[56.75266293,-3.76642274],[56.75267193,-3.76638358],[56.75274586,-3.76623983],[56.75298705,-3.76592890],[56.75317113,-3.76566599],[56.75324123,-3.76560410],[56.75342093,-3.76544543],[56.75343829,-3.76541239],[56.75344056,-3.76541086],[56.75346538,-3.76539713],[56.75348806,-3.76538184],[56.75351961,-3.76537514],[56.75355553,-3.76537683],[56.75359133,-3.76538669],[56.75385602,-3.76541546],[56.75423720,-3.76578506],[56.75461655,-3.76596645],[56.75466122,-3.76598491],[56.75470601,-3.76599519],[56.75478864,-3.76599907],[56.75481827,-3.76600046],[56.75485430,-3.76599397],[56.75523173,-3.76567633],[56.75535126,-3.76548563],[56.75543750,-3.76542424],[56.75556163,-3.76522558],[56.75569664,-3.76505806],[56.75575973,-3.76514621],[56.75744727,-3.76751251],[56.75748340,-3.76756312],[56.75793347,-3.76819417],[56.76021885,-3.77139958],[56.76254467,-3.77467520],[56.76275079,-3.77510565],[56.76308574,-3.77580520],[56.76346495,-3.77720034],[56.76395415,-3.77633103],[56.76406967,-3.77612573],[56.76438298,-3.77558010],[56.76459553,-3.77519955],[56.76501969,-3.77443988],[56.76515698,-3.77419400],[56.76592304,-3.77282190],[56.76659176,-3.77209855],[56.76773519,-3.77176847],[56.76856938,-3.77132348],[56.76988597,-3.77032474],[56.77030684,-3.76961833],[56.77049437,-3.76917602],[56.77067295,-3.76851322],[56.77112492,-3.76740278],[56.77120902,-3.76657291],[56.77127527,-3.76628027],[56.77145350,-3.76583632],[56.77154077,-3.76574473],[56.77180073,-3.76560036],[56.77241526,-3.76537696],[56.77350779,-3.76544436],[56.77434322,-3.76534682],[56.77444506,-3.76525885],[56.77579569,-3.76351698],[56.77741536,-3.76068047],[56.77744154,-3.76065570],[56.77841371,-3.75942462],[56.77863431,-3.75920234],[56.77960667,-3.75799023],[56.77992141,-3.75759785],[56.78278500,-3.75402763],[56.78279819,-3.75401210],[56.78285243,-3.75394827],[56.78395624,-3.75245743],[56.78397709,-3.75243156],[56.78496489,-3.75120062],[56.78602108,-3.74989912],[56.78610261,-3.74246989],[56.78612560,-3.74211076],[56.78612431,-3.74188149],[56.78610784,-3.74177431],[56.78614182,-3.74094908],[56.78615773,-3.74078135],[56.78615807,-3.74077784],[56.78616542,-3.74070082],[56.78616816,-3.74067197],[56.78616758,-3.74043204],[56.78616705,-3.74021664],[56.78616682,-3.74012343],[56.78617226,-3.73941149],[56.78617092,-3.73886296],[56.78617400,-3.73864207],[56.78618595,-3.73842978],[56.78619351,-3.73820911],[56.78620972,-3.73801339],[56.78622144,-3.73781746],[56.78624213,-3.73762195],[56.78630057,-3.73729721],[56.78626540,-3.73691902],[56.78622898,-3.73663082],[56.78614947,-3.73620965],[56.78607411,-3.73581323],[56.78606258,-3.73567354],[56.78604655,-3.73553363],[56.78603502,-3.73539393],[56.78602831,-3.73522990],[56.78602138,-3.73508223],[56.78601456,-3.73492638],[56.78601189,-3.73479528],[56.78611870,-3.73389973],[56.78610193,-3.73348965],[56.78609994,-3.73330947],[56.78623866,-3.73041066],[56.78603054,-3.72924595],[56.78597142,-3.72897309],[56.78586215,-3.72842778],[56.78584129,-3.72831222],[56.78579979,-3.72806473],[56.78577915,-3.72793280],[56.78576289,-3.72780926],[56.78574213,-3.72768552],[56.78567675,-3.72721591],[56.78560698,-3.72673791],[56.78553710,-3.72626810],[56.78541394,-3.72542747],[56.78542667,-3.72538418],[56.78576285,-3.72424014],[56.78604985,-3.72232958],[56.78628099,-3.72088303],[56.78633927,-3.72056644],[56.78636174,-3.72005158],[56.78636776,-3.71991482],[56.78636855,-3.71989635],[56.78639006,-3.71981564],[56.78640466,-3.71973445],[56.78640534,-3.71968536],[56.78641039,-3.71964466],[56.78640887,-3.71962462],[56.78640658,-3.71959537],[56.78638972,-3.71952141],[56.78638963,-3.71952092],[56.78635910,-3.71945403],[56.78633085,-3.71941787],[56.78631937,-3.71940310],[56.78630208,-3.71935319],[56.78628008,-3.71931944],[56.78625820,-3.71927751],[56.78623159,-3.71925173],[56.78620039,-3.71923393],[56.78617367,-3.71921633],[56.78614258,-3.71919035],[56.78611586,-3.71917276],[56.78608926,-3.71914698],[56.78606714,-3.71912141],[56.78603212,-3.71905432],[56.78600597,-3.71899582],[56.78598431,-3.71893753],[56.78596276,-3.71887106],[56.78583874,-3.71841515],[56.78575557,-3.71825581],[56.78567632,-3.71813758],[56.78564119,-3.71807868],[56.78560639,-3.71799523],[56.78557609,-3.71791198],[56.78555038,-3.71782076],[56.78553366,-3.71772995],[56.78552154,-3.71763116],[56.78551840,-3.71753279],[56.78552603,-3.71747502],[56.78553345,-3.71741887],[56.78554254,-3.71738507],[56.78556186,-3.71731375],[56.78559464,-3.71721702],[56.78562237,-3.71716098],[56.78565459,-3.71710515],[56.78568659,-3.71706569],[56.78573194,-3.71703501],[56.78577707,-3.71702070],[56.78582669,-3.71700660],[56.78590302,-3.71701009],[56.78593468,-3.71699516],[56.78595781,-3.71694710],[56.78596237,-3.71692914],[56.78597206,-3.71689045],[56.78598183,-3.71683359],[56.78599172,-3.71676856],[56.78599262,-3.71670311],[56.78598903,-3.71663746],[56.78598510,-3.71659635],[56.78597657,-3.71656321],[56.78596355,-3.71652987],[56.78585085,-3.71623003],[56.78579845,-3.71602298],[56.78584540,-3.71602513],[56.78606022,-3.71603494],[56.78609603,-3.71604476],[56.78616787,-3.71604804],[56.78621300,-3.71603373],[56.78626262,-3.71601962],[56.78630797,-3.71598895],[56.78648478,-3.71587423],[56.78670291,-3.71569591],[56.78674388,-3.71565685],[56.78677610,-3.71560101],[56.78681270,-3.71555357],[56.78684492,-3.71549773],[56.78687276,-3.71543351],[56.78690049,-3.71537748],[56.78698334,-3.71523391],[56.78702903,-3.71517869],[56.78707012,-3.71513144],[56.78711109,-3.71509238],[56.78715656,-3.71505353],[56.78718372,-3.71503839],[56.78721549,-3.71501528],[56.78724704,-3.71500854],[56.78737793,-3.71496539],[56.78754969,-3.71489137],[56.78766778,-3.71479852],[56.78772672,-3.71476028],[56.78782203,-3.71469095],[56.78791285,-3.71462142],[56.78799929,-3.71454350],[56.78809920,-3.71446619],[56.78814938,-3.71441117],[56.78818137,-3.71437170],[56.78821786,-3.71433243],[56.78824996,-3.71428478],[56.78852870,-3.71394547],[56.78874301,-3.71371783],[56.78887008,-3.71362539],[56.78903712,-3.71356751],[56.78906429,-3.71355238],[56.78908708,-3.71352885],[56.78914164,-3.71348222],[56.78916914,-3.71344254],[56.78919204,-3.71341084],[56.78920574,-3.71339509],[56.78921483,-3.71338732],[56.78922853,-3.71337157],[56.78927164,-3.71332081],[56.78941577,-3.71315088],[56.78963086,-3.71286596],[56.78967666,-3.71280255],[56.78971798,-3.71273894],[56.78975940,-3.71266714],[56.78985235,-3.71244215],[56.78989445,-3.71232126],[56.78992756,-3.71219997],[56.78996079,-3.71207049],[56.78998953,-3.71194081],[56.79008596,-3.71146217],[56.79013468,-3.71118603],[56.79014490,-3.71109644],[56.79015522,-3.71099867],[56.79016095,-3.71090887],[56.79016196,-3.71083524],[56.79016735,-3.71076999],[56.79016016,-3.71063867],[56.79014770,-3.71056442],[56.79013513,-3.71049835],[56.79005935,-3.71012649],[56.79003816,-3.71001385],[56.79002972,-3.70996074],[56.79002201,-3.70990718],[56.79001493,-3.70985331],[56.79000884,-3.70979916],[56.79000366,-3.70974457],[56.78999947,-3.70968985],[56.78999597,-3.70963009],[56.78999311,-3.70957003],[56.78999124,-3.70950986],[56.78999054,-3.70944973],[56.78999118,-3.70938967],[56.78999259,-3.70932637],[56.78999453,-3.70926309],[56.78999773,-3.70920019],[56.79000290,-3.70913772],[56.79001002,-3.70908368],[56.79001812,-3.70903001],[56.79002426,-3.70897560],[56.79002766,-3.70892451],[56.79003042,-3.70887338],[56.79003292,-3.70882225],[56.79003474,-3.70875471],[56.79003549,-3.70868712],[56.79003776,-3.70861959],[56.79004034,-3.70858877],[56.79004435,-3.70855849],[56.79004952,-3.70852860],[56.79005568,-3.70849908],[56.79006246,-3.70847008],[56.79006968,-3.70844126],[56.79007699,-3.70841294],[56.79009063,-3.70836133],[56.79010446,-3.70831005],[56.79011837,-3.70825894],[56.79013219,-3.70820750],[56.79014566,-3.70815604],[56.79018828,-3.70798294],[56.79019463,-3.70794639],[56.79019838,-3.70790825],[56.79019970,-3.70779860],[56.79019098,-3.70773369],[56.79018334,-3.70763510],[56.79018592,-3.70744692],[56.79019613,-3.70735732],[56.79021532,-3.70726814],[56.79024350,-3.70717936],[56.79028054,-3.70709917],[56.79041007,-3.70682670],[56.79071235,-3.70607903],[56.79071499,-3.70607210],[56.79213442,-3.70587547],[56.79425391,-3.69959025],[56.79506403,-3.69684192],[56.79917998,-3.69033334],[56.79975767,-3.68922472],[56.79979236,-3.68900316],[56.79983769,-3.68871925],[56.79985032,-3.68778581],[56.80008883,-3.68663800],[56.80016215,-3.68596271],[56.80033361,-3.68372401],[56.80080177,-3.68051510],[56.80105675,-3.67989558],[56.80111731,-3.67962686],[56.80174032,-3.67792231],[56.80188929,-3.67726632],[56.80190191,-3.67629656],[56.80130919,-3.67358414],[56.80105855,-3.67222340],[56.80068584,-3.67059046],[56.80058737,-3.67011503],[56.80073336,-3.66870270],[56.80121422,-3.66661861],[56.80219824,-3.66471541],[56.80286804,-3.66420134],[56.80428033,-3.66269298],[56.80533142,-3.66092683],[56.80561530,-3.65929943],[56.80574439,-3.65810778],[56.80571775,-3.65670279],[56.80553648,-3.65500197],[56.80526845,-3.65300834],[56.80505004,-3.65068661],[56.80468812,-3.64893664],[56.80470393,-3.64773999],[56.80496329,-3.64696691],[56.80521380,-3.64632095],[56.80551367,-3.64581798],[56.80582172,-3.64546284],[56.80601689,-3.64523176],[56.80621109,-3.64507436],[56.80657807,-3.64485082],[56.80683217,-3.64475135],[56.80707593,-3.64466985],[56.80726940,-3.64456773],[56.80753458,-3.64439501],[56.80778918,-3.64425869],[56.80821873,-3.64389039],[56.80882824,-3.64367742],[56.80946881,-3.64341052],[56.81016904,-3.64321995],[56.81049437,-3.64308671],[56.81074969,-3.64289510],[56.81094534,-3.64262712],[56.80921623,-3.63841987],[56.80746333,-3.63670463],[56.80526824,-3.63406938],[56.80641392,-3.62619012],[56.80471564,-3.61714203],[56.80418433,-3.61599276],[56.79856052,-3.60746516],[56.79807178,-3.60699326],[56.79787422,-3.60620618],[56.79779435,-3.60542148],[56.79771403,-3.60454490],[56.79776716,-3.60344482],[56.79643130,-3.59985958],[56.79573744,-3.59800325],[56.79570841,-3.59742838],[56.79569669,-3.59682942],[56.79572085,-3.59626464],[56.79576286,-3.59562860],[56.79590445,-3.59470874],[56.79598988,-3.59420828],[56.79603974,-3.59384005],[56.79607308,-3.59344025],[56.79608921,-3.59306028],[56.79608856,-3.59266932],[56.79608214,-3.59228842],[56.79605367,-3.59186543],[56.79603543,-3.59152516],[56.79598832,-3.59123511],[56.79590881,-3.59083053],[56.79581236,-3.59042523],[56.79560478,-3.58988151],[56.79547147,-3.58971126],[56.79524468,-3.58946185],[56.79504369,-3.58926493],[56.79474779,-3.58893186],[56.79449280,-3.58830310],[56.79432163,-3.58761481],[56.79419204,-3.58556289],[56.79367998,-3.58335367],[56.79359103,-3.58286802],[56.79319043,-3.58219800],[56.79292973,-3.58148534],[56.79273658,-3.58078507],[56.79259088,-3.58006399],[56.79253733,-3.57956507],[56.79285250,-3.57912243],[56.79307159,-3.57894148],[56.79764643,-3.57446172],[56.79777823,-3.57427826],[56.79778069,-3.57427541],[56.79776488,-3.57424658],[56.79785810,-3.57411554],[56.79787918,-3.57415426],[56.79801618,-3.57395054],[56.79811508,-3.57381040],[56.79819018,-3.57369875],[56.79825404,-3.57362936],[56.79832543,-3.57353393],[56.79832989,-3.57352936],[56.79836912,-3.57348974],[56.79844927,-3.57341121],[56.79861664,-3.57325756],[56.79880582,-3.57309156],[56.79890590,-3.57300076],[56.79900619,-3.57289343],[56.79915560,-3.57273902],[56.79928909,-3.57256413],[56.79940040,-3.57243761],[56.79954451,-3.57228298],[56.79958260,-3.57225509],[56.79968452,-3.57216093],[56.79973004,-3.57211370],[56.79978032,-3.57197479],[56.79978253,-3.57194197],[56.79978193,-3.57184695],[56.79978998,-3.57177834],[56.79980860,-3.57172671],[56.79985341,-3.57159412],[56.79988894,-3.57148408],[56.79990215,-3.57144844],[56.80002754,-3.57118820],[56.80018888,-3.57094240],[56.80020167,-3.57092590],[56.80039860,-3.57071500],[56.80053665,-3.57060613],[56.80059663,-3.57055934],[56.80063999,-3.57054150],[56.80074467,-3.57051312],[56.80083140,-3.57048383],[56.80091975,-3.57046787],[56.80099227,-3.57042504],[56.80103551,-3.57042357],[56.80110577,-3.57041668],[56.80112438,-3.57042368],[56.80118294,-3.57043301],[56.80118815,-3.57043290],[56.80123324,-3.57042742],[56.80127721,-3.57041091],[56.80131849,-3.57037955],[56.80132541,-3.57037247],[56.80135323,-3.57033924],[56.80137790,-3.57029949],[56.80139747,-3.57025167],[56.80140708,-3.57021587],[56.80141601,-3.57016318],[56.80141895,-3.57010827],[56.80141591,-3.57005721],[56.80140678,-3.57000458],[56.80139211,-3.56995630],[56.80134871,-3.56982002],[56.80128745,-3.56968300],[56.80125283,-3.56957018],[56.80124484,-3.56949106],[56.80125690,-3.56938986],[56.80127629,-3.56926947],[56.80129064,-3.56912905],[56.80129605,-3.56898498],[56.80128935,-3.56893868],[56.80127569,-3.56873158],[56.80125432,-3.56857329],[56.80128819,-3.56845170],[56.80499000,-3.56785406],[56.80618469,-3.56766115],[56.80626815,-3.56708142],[56.80627442,-3.56658179],[56.80652685,-3.56467606],[56.80673351,-3.56399036],[56.80750017,-3.56156202],[56.80781322,-3.56071518],[56.80806327,-3.56022355],[56.80836122,-3.55967654],[56.80901485,-3.55836975],[56.80927831,-3.55743399],[56.80935124,-3.55663377],[56.80934052,-3.55623169],[56.80921112,-3.55588208],[56.80905259,-3.55534479],[56.80834454,-3.55402361],[56.80824726,-3.55323901],[56.80822901,-3.55255524],[56.80829667,-3.55204389],[56.80932567,-3.54898791],[56.81016912,-3.54597343],[56.81201930,-3.54341919],[56.81268421,-3.54302752],[56.81384316,-3.54219335],[56.81587955,-3.54151182],[56.81672927,-3.54183426],[56.81797739,-3.54030545],[56.81887901,-3.53909306],[56.81989921,-3.53806921],[56.82126180,-3.53705932],[56.82138205,-3.53697019],[56.82117930,-3.53629051],[56.82099893,-3.53568599],[56.82053506,-3.53413109],[56.81978127,-3.53160497],[56.81632227,-3.52311578],[56.81363459,-3.51996266],[56.81356632,-3.51988256],[56.81324802,-3.51950919],[56.81240209,-3.51851692],[56.81180497,-3.51782304],[56.81159329,-3.51757710],[56.81115015,-3.51670877],[56.80990619,-3.51427134],[56.80954137,-3.51354533],[56.80922832,-3.51292184],[56.80921744,-3.51290027],[56.80900176,-3.51253119],[56.80847738,-3.51168281],[56.80835752,-3.51156331],[56.80817179,-3.51132535],[56.80797571,-3.51107404],[56.80796819,-3.51106440],[56.80743901,-3.50912654],[56.80720618,-3.50905985],[56.80664712,-3.50884901],[56.80595891,-3.50854289],[56.80541890,-3.50824274],[56.80514655,-3.50810076],[56.80528918,-3.50745129],[56.80544080,-3.50680218],[56.80552558,-3.50647798],[56.80574046,-3.50579864],[56.80609967,-3.50469919],[56.80626697,-3.50423905],[56.80667951,-3.50281409],[56.80683284,-3.50231145],[56.80685726,-3.50223150],[56.80682441,-3.50136169],[56.80676525,-3.49979531],[56.80704037,-3.49858594],[56.80716068,-3.49679706],[56.80658719,-3.49591423],[56.80630663,-3.49570649],[56.80589711,-3.49538714],[56.80543000,-3.49499999],[56.80519054,-3.49473657],[56.80463694,-3.49406754],[56.80412316,-3.49344926],[56.80392860,-3.49318764],[56.80321871,-3.49206203],[56.80276976,-3.49128258],[56.80160930,-3.49026199],[56.80143195,-3.48939445],[56.80118904,-3.48820625],[56.80114217,-3.48648470],[56.80084672,-3.48488435],[56.79977673,-3.48418695],[56.79951342,-3.48403734],[56.79945104,-3.48399393],[56.79880874,-3.48360810],[56.79859006,-3.48347680],[56.79800099,-3.48311846],[56.79796602,-3.48309727],[56.79795665,-3.48309149],[56.79712502,-3.48199420],[56.79598658,-3.48138433],[56.79511466,-3.48103062],[56.79483759,-3.48091293],[56.79401049,-3.48056135],[56.79333978,-3.48028930],[56.79332659,-3.47874956],[56.79333755,-3.47782483],[56.79335225,-3.47734236],[56.79339476,-3.47678729],[56.79339629,-3.47678015],[56.79347566,-3.47640567],[56.79370626,-3.47552230],[56.79395960,-3.47461526],[56.79403474,-3.47433984],[56.79407642,-3.47423504],[56.79414755,-3.47391852],[56.79422747,-3.47361871],[56.79466111,-3.47189995],[56.79473813,-3.47184566],[56.79474711,-3.47184601],[56.79480148,-3.47180720],[56.79482413,-3.47179171],[56.79487860,-3.47174472],[56.79488309,-3.47174490],[56.79495141,-3.47166570],[56.79499231,-3.47162636],[56.79503331,-3.47157884],[56.79504239,-3.47157101],[56.79507889,-3.47152332],[56.79514828,-3.47135409],[56.79522723,-3.47113612],[56.79528822,-3.47091744],[56.79531222,-3.47078737],[56.79495356,-3.46957793],[56.79489301,-3.46935532],[56.79465211,-3.46846901],[56.79431005,-3.46622864],[56.79384762,-3.46357490],[56.79346529,-3.46133552],[56.79332663,-3.45962438],[56.79230042,-3.45790584],[56.79050299,-3.45611379],[56.78988565,-3.45626997],[56.78933576,-3.45642058],[56.78836484,-3.45685922],[56.78835148,-3.45686525],[56.78648777,-3.45863856],[56.78465350,-3.45656326],[56.78461329,-3.45651243],[56.78254738,-3.45274376],[56.78133463,-3.45125671],[56.77981553,-3.45058980],[56.77982029,-3.45058180],[56.77687037,-3.44672755],[56.77604527,-3.44370571],[56.77572280,-3.44344733],[56.77310208,-3.44136697],[56.76991900,-3.43937157],[56.76873953,-3.43584814],[56.76872830,-3.42968447],[56.76872543,-3.42738623],[56.76855436,-3.42692908],[56.76718243,-3.42376674],[56.76682616,-3.42294721],[56.76583144,-3.42065303],[56.76481998,-3.41811307],[56.76445550,-3.41719779],[56.76431400,-3.41684019],[56.76271719,-3.41280479],[56.76246019,-3.40889026],[56.76182058,-3.40905724],[56.76136469,-3.40924467],[56.76077883,-3.40940268],[56.75960721,-3.40971052],[56.75896012,-3.40892556],[56.75706759,-3.40880422],[56.75680337,-3.40839995],[56.75608416,-3.40710902],[56.75594020,-3.40588273],[56.75590962,-3.40579541],[56.75559334,-3.40585540],[56.75532454,-3.40590281],[56.75497642,-3.40577255],[56.75460466,-3.40518741],[56.75416700,-3.40499779],[56.75381324,-3.40484320],[56.75375129,-3.40478255],[56.75374684,-3.40477911],[56.75373969,-3.40477557],[56.75370091,-3.40477232],[56.75368090,-3.40476961],[56.75367588,-3.40476877],[56.75366062,-3.40476722],[56.75365550,-3.40476654],[56.75365039,-3.40476569],[56.75364537,-3.40476452],[56.75364036,-3.40476286],[56.75363589,-3.40476090],[56.75363151,-3.40475877],[56.75362276,-3.40475387],[56.75360962,-3.40474749],[56.75360533,-3.40474553],[56.75359540,-3.40474156],[56.75359057,-3.40473958],[56.75358556,-3.40473743],[56.75358064,-3.40473561],[56.75357582,-3.40473330],[56.75357099,-3.40473050],[56.75356618,-3.40472689],[56.75356165,-3.40472263],[56.75355711,-3.40471854],[56.75355284,-3.40471445],[56.75354858,-3.40471053],[56.75354431,-3.40470628],[56.75354013,-3.40470220],[56.75354056,-3.40466459],[56.75354702,-3.40460906],[56.75354729,-3.40459337],[56.75354521,-3.40453031],[56.75354254,-3.40451271],[56.75353087,-3.40444750],[56.75352557,-3.40441590],[56.75352300,-3.40440435],[56.75351512,-3.40438607],[56.75350982,-3.40437769],[56.75348414,-3.40434402],[56.75344237,-3.40430320],[56.75343348,-3.40429469],[56.75342818,-3.40428631],[56.75342114,-3.40427297],[56.75341862,-3.40425815],[56.75341884,-3.40423853],[56.75342482,-3.40418641],[56.75342766,-3.40417343],[56.75343329,-3.40415238],[56.75344170,-3.40412325],[56.75344194,-3.40410199],[56.75343963,-3.40406756],[56.75343833,-3.40402335],[56.75344026,-3.40401197],[56.75344871,-3.40397957],[56.75346450,-3.40393436],[56.75348118,-3.40388918],[56.75350523,-3.40382792],[56.75350545,-3.40380830],[56.75350556,-3.40379849],[56.75350850,-3.40377734],[56.75351917,-3.40370740],[56.75352599,-3.40366022],[56.75352984,-3.40363746],[56.75352779,-3.40358014],[56.75352445,-3.40355711],[56.75351590,-3.40351917],[56.75350981,-3.40350095],[56.75350286,-3.40347943],[56.75349049,-3.40346097],[56.75341504,-3.40336296],[56.75343098,-3.40331972],[56.75343147,-3.40327574],[56.75343100,-3.40323008],[56.75342882,-3.40318437],[56.75342287,-3.40309827],[56.75341817,-3.40305246],[56.75341246,-3.40300874],[56.75340661,-3.40297024],[56.75339617,-3.40292307],[56.75339333,-3.40291233],[56.75338415,-3.40288942],[56.75336445,-3.40285172],[56.75333819,-3.40281361],[56.75331835,-3.40277983],[56.75331226,-3.40277060],[56.75328848,-3.40272719],[56.75326038,-3.40266889],[56.75324202,-3.40262404],[56.75323423,-3.40259758],[56.75322397,-3.40255140],[56.75321731,-3.40250372],[56.75321325,-3.40246595],[56.75321343,-3.40244960],[56.75321673,-3.40239574],[56.75322372,-3.40233384],[56.75323050,-3.40228993],[56.75324005,-3.40223958],[56.75325903,-3.40215033],[56.75326765,-3.40210321],[56.75327445,-3.40205767],[56.75328037,-3.40201045],[56.75328253,-3.40197782],[56.75328305,-3.40193220],[56.75328142,-3.40191742],[56.75320225,-3.40126984],[56.75319679,-3.40120389],[56.75319091,-3.40115934],[56.75318276,-3.40110948],[56.75316458,-3.40101589],[56.75314642,-3.40092901],[56.75314115,-3.40090968],[56.75312609,-3.40076305],[56.75311066,-3.40051222],[56.75309610,-3.40024931],[56.75308709,-3.40007510],[56.75305430,-3.40001843],[56.75305422,-3.40001778],[56.75303605,-3.39982720],[56.75302015,-3.39976232],[56.75300069,-3.39975866],[56.75297169,-3.39976494],[56.75293773,-3.39978003],[56.75293647,-3.39978047],[56.75290617,-3.39979031],[56.75288196,-3.39980167],[56.75281297,-3.39982397],[56.75279373,-3.39968030],[56.75281099,-3.39967178],[56.75283607,-3.39966355],[56.75284256,-3.39966150],[56.75286873,-3.39965103],[56.75294283,-3.39961453],[56.75296904,-3.39960078],[56.75299529,-3.39958376],[56.75304223,-3.39956425],[56.75307028,-3.39954730],[56.75309565,-3.39952861],[56.75314643,-3.39948797],[56.75317093,-3.39946598],[56.75320083,-3.39944420],[56.75324618,-3.39940663],[56.75325438,-3.39939712],[56.75326534,-3.39938117],[56.75329298,-3.39932004],[56.75330030,-3.39930886],[56.75332497,-3.39927216],[56.75333232,-3.39925771],[56.75335177,-3.39920609],[56.75336279,-3.39918524],[56.75339939,-3.39912608],[56.75341772,-3.39909404],[56.75343616,-3.39905220],[56.75346097,-3.39900405],[56.75348861,-3.39894292],[56.75349777,-3.39892691],[56.75352688,-3.39889528],[56.75355148,-3.39886511],[56.75358070,-3.39882367],[56.75359892,-3.39880145],[56.75360901,-3.39878383],[56.75362292,-3.39874509],[56.75362847,-3.39873057],[56.75363762,-3.39871619],[56.75371102,-3.39858152],[56.75376234,-3.39849183],[56.75386219,-3.39832215],[56.75388965,-3.39827737],[56.75391262,-3.39823243],[56.75395852,-3.39814580],[56.75399054,-3.39809465],[56.75401622,-3.39804817],[56.75409220,-3.39792341],[56.75411777,-3.39788673],[56.75417090,-3.39779711],[56.75419194,-3.39776354],[56.75422110,-3.39772700],[56.75425399,-3.39767915],[56.75428761,-3.39764605],[56.75431309,-3.39761755],[56.75433862,-3.39758415],[56.75434595,-3.39757133],[56.75435334,-3.39755362],[56.75435996,-3.39752442],[56.75436083,-3.39751840],[56.75436287,-3.39750490],[56.75429598,-3.39729958],[56.75425615,-3.39724576],[56.75424733,-3.39723071],[56.75423679,-3.39720905],[56.75422627,-3.39718576],[56.75418955,-3.39709443],[56.75418613,-3.39708744],[56.75421278,-3.39702660],[56.75421905,-3.39702846],[56.75422623,-3.39702873],[56.75423166,-3.39702566],[56.75423800,-3.39702099],[56.75424256,-3.39701462],[56.75424438,-3.39701305],[56.75424988,-3.39700344],[56.75425450,-3.39699216],[56.75426194,-3.39696953],[56.75428322,-3.39691471],[56.75430260,-3.39686963],[56.75430738,-3.39685934],[56.75431475,-3.39684391],[56.75433711,-3.39680483],[56.75435474,-3.39677931],[56.75437424,-3.39675500],[56.75441298,-3.39671359],[56.75442134,-3.39670588],[56.75447399,-3.39665009],[56.75452748,-3.39659925],[56.75453675,-3.39658977],[56.75461149,-3.39652008],[56.75469914,-3.39643615],[56.75476922,-3.39636433],[56.75480081,-3.39632771],[56.75494872,-3.39616750],[56.75504654,-3.39606562],[56.75510954,-3.39599239],[56.75520121,-3.39588717],[56.75526863,-3.39580429],[56.75528664,-3.39578516],[56.75529483,-3.39577565],[56.75529850,-3.39576924],[56.75530123,-3.39576607],[56.75530218,-3.39576120],[56.75530403,-3.39575636],[56.75531442,-3.39571094],[56.75532375,-3.39568021],[56.75533592,-3.39563650],[56.75534146,-3.39562362],[56.75534877,-3.39561244],[56.75535607,-3.39560289],[56.75537062,-3.39558707],[56.75538245,-3.39557443],[56.75540336,-3.39555230],[56.75541421,-3.39554616],[56.75543227,-3.39553865],[56.75546480,-3.39552186],[56.75547476,-3.39551569],[56.75549109,-3.39550157],[56.75550656,-3.39548415],[56.75551109,-3.39548105],[56.75553114,-3.39545562],[56.75555031,-3.39542852],[56.75555578,-3.39542218],[56.75560690,-3.39535047],[56.75562151,-3.39532975],[56.75569636,-3.39521769],[56.75575870,-3.39513085],[56.75582183,-3.39503766],[56.75590286,-3.39492730],[56.75594365,-3.39488007],[56.75594711,-3.39487545],[56.75599338,-3.39481222],[56.75602282,-3.39477438],[56.75605008,-3.39474759],[56.75607822,-3.39472246],[56.75610722,-3.39470063],[56.75612622,-3.39468825],[56.75615696,-3.39467139],[56.75618857,-3.39465784],[56.75620393,-3.39465023],[56.75623556,-3.39463341],[56.75624735,-3.39462403],[56.75625285,-3.39461442],[56.75625474,-3.39460631],[56.75625573,-3.39459817],[56.75625494,-3.39458833],[56.75625325,-3.39457845],[56.75625088,-3.39457090],[56.75625376,-3.39455687],[56.75626688,-3.39449307],[56.75627088,-3.39447361],[56.75628118,-3.39447545],[56.75634440,-3.39448695],[56.75637659,-3.39449305],[56.75645552,-3.39450628],[56.75645442,-3.39452423],[56.75652665,-3.39453345],[56.75657818,-3.39450592],[56.75660261,-3.39449047],[56.75663165,-3.39446537],[56.75664731,-3.39444681],[56.75665732,-3.39443557],[56.75668340,-3.39440153],[56.75676676,-3.39428340],[56.75677325,-3.39427350],[56.75684308,-3.39416027],[56.75696750,-3.39396203],[56.75713818,-3.39370138],[56.75717062,-3.39365253],[56.75722965,-3.39356458],[56.75724341,-3.39354791],[56.75725697,-3.39354024],[56.75726958,-3.39353743],[56.75727435,-3.39353728],[56.75729270,-3.39353551],[56.75732426,-3.39354158],[56.75733954,-3.39354935],[56.75735231,-3.39355620],[56.75754466,-3.39366409],[56.75755020,-3.39366708],[56.75759397,-3.39368964],[56.75759505,-3.39369017],[56.75762481,-3.39369635],[56.75766095,-3.39370292],[56.75768538,-3.39370415],[56.75774882,-3.39369570],[56.75784673,-3.39368215],[56.75789322,-3.39367177],[56.75801806,-3.39363681],[56.75808918,-3.39360885],[56.75814127,-3.39357872],[56.75816771,-3.39356121],[56.75821900,-3.39352270],[56.75826935,-3.39347925],[56.75833222,-3.39342580],[56.75835417,-3.39340731],[56.75848361,-3.39329873],[56.75848851,-3.39329466],[56.75868807,-3.39312701],[56.75876243,-3.39306596],[56.75894692,-3.39292016],[56.75899343,-3.39288294],[56.75908827,-3.39280760],[56.75914075,-3.39276668],[56.75919250,-3.39271887],[56.75920450,-3.39270688],[56.75921176,-3.39270011],[56.75923948,-3.39266400],[56.75926506,-3.39262650],[56.75928796,-3.39258727],[56.75931093,-3.39254231],[56.75931377,-3.39253702],[56.75935189,-3.39244698],[56.75941008,-3.39231401],[56.75947556,-3.39217934],[56.75953054,-3.39206751],[56.75973660,-3.39170393],[56.75991194,-3.39140351],[56.75997064,-3.39129607],[56.75997128,-3.39129494],[56.76009408,-3.39108893],[56.76011045,-3.39106353],[56.76035081,-3.39072607],[56.76041659,-3.39062871],[56.76069744,-3.39050363],[56.76082721,-3.39043742],[56.76097859,-3.39037611],[56.76115995,-3.39028465],[56.76140489,-3.39014057],[56.76145271,-3.39011436],[56.76149283,-3.39008688],[56.76154326,-3.39005226],[56.76155728,-3.39000370],[56.76162638,-3.38985083],[56.76166422,-3.38968044],[56.76169445,-3.38938706],[56.76171596,-3.38906883],[56.76172977,-3.38863578],[56.76173560,-3.38811246],[56.76173677,-3.38746626],[56.76174610,-3.38691852],[56.76174480,-3.38655854],[56.76170477,-3.38648933],[56.76170286,-3.38541683],[56.76176445,-3.38466847],[56.76176826,-3.38464162],[56.76179519,-3.38444988],[56.76180816,-3.38409042],[56.76181221,-3.38404934],[56.76182839,-3.38388666],[56.76190519,-3.38391403],[56.76191794,-3.38391450],[56.76195378,-3.38392399],[56.76196671,-3.38397355],[56.76200676,-3.38400775],[56.76227978,-3.38434534],[56.76244996,-3.38455578],[56.76251238,-3.38459898],[56.76272210,-3.38472941],[56.76316353,-3.38503198],[56.76365427,-3.38534456],[56.76406005,-3.38562129],[56.76496096,-3.38621897],[56.76509432,-3.38634660],[56.76526784,-3.38650025],[56.76547251,-3.38667960],[56.76562642,-3.38697980],[56.76627498,-3.38724097],[56.76679366,-3.38746464],[56.76724094,-3.38764477],[56.76770591,-3.38785010],[56.76825594,-3.38808312],[56.76846629,-3.38815634],[56.76899064,-3.38827388],[56.76940300,-3.38836274],[56.76977797,-3.38782119],[56.77021049,-3.38719633],[56.77077286,-3.38638412],[56.77237078,-3.38409463],[56.77410067,-3.38205528],[56.77454307,-3.38146845],[56.77585720,-3.37972524],[56.77599754,-3.37953906],[56.77727176,-3.37807184],[56.78067802,-3.37800847],[56.78155687,-3.37857269],[56.78161612,-3.37852903],[56.78462348,-3.37631145],[56.78724678,-3.37432013],[56.78840181,-3.37347009],[56.78943036,-3.37268087],[56.79041169,-3.36882812],[56.79093940,-3.36819946],[56.79238682,-3.36647544],[56.79336609,-3.36530885],[56.79550914,-3.36572914],[56.79551802,-3.36573094],[56.80022699,-3.36116092],[56.80055754,-3.35886369],[56.80070226,-3.35868599],[56.80106300,-3.35824324],[56.80157529,-3.35781957],[56.80233223,-3.35803528],[56.80275057,-3.35757544],[56.80319523,-3.35717386],[56.80349907,-3.35691459],[56.80379743,-3.35674520],[56.80422306,-3.35644119],[56.80460756,-3.35620120],[56.80494096,-3.35611496],[56.80530976,-3.35607914],[56.80556557,-3.35610476],[56.80581618,-3.35619570],[56.80586594,-3.35616474],[56.80660735,-3.35656826],[56.80683884,-3.35676499],[56.80731759,-3.35777330],[56.80749570,-3.35874619],[56.80775014,-3.35972185],[56.80800107,-3.36060730],[56.80838816,-3.36136665],[56.80884933,-3.36192395],[56.80936986,-3.36239331],[56.80961895,-3.36262350],[56.80991187,-3.36295357],[56.81002316,-3.36304771],[56.81042295,-3.36305403],[56.81119980,-3.36309043],[56.81157238,-3.36312033],[56.81188603,-3.36319725],[56.81208265,-3.36329449],[56.81233245,-3.36345920],[56.81259456,-3.36373084],[56.81287858,-3.36405243],[56.81310880,-3.36436388],[56.81361084,-3.36529139],[56.81418027,-3.36457485],[56.81499875,-3.36326932],[56.81571591,-3.36218944],[56.81792256,-3.35882867],[56.81805556,-3.35857952],[56.81847095,-3.35715265],[56.81956328,-3.35337428],[56.82007259,-3.35156562],[56.82043695,-3.35024674],[56.82012988,-3.34986211],[56.82005220,-3.34975643],[56.81867110,-3.34915426],[56.81602487,-3.34762862],[56.81569589,-3.34727001],[56.81404496,-3.34604037],[56.81287165,-3.34461124],[56.81198304,-3.34323570],[56.81073747,-3.34189084],[56.80915311,-3.34109741],[56.80731058,-3.34131318],[56.80564533,-3.34125370],[56.80579075,-3.31642269],[56.80593484,-3.31404172],[56.80599284,-3.31186137],[56.80668739,-3.30911196],[56.80761771,-3.30654401],[56.80891829,-3.30494229],[56.81033540,-3.30356122],[56.81129778,-3.30246769],[56.81285803,-3.30061614],[56.81369978,-3.29782623],[56.81397596,-3.29609879],[56.81438003,-3.29155660],[56.81464484,-3.28896219],[56.81478169,-3.28723121],[56.81492974,-3.28464757],[56.81558238,-3.28128870],[56.81705477,-3.27912808],[56.81787701,-3.27776885],[56.81856932,-3.27748896],[56.82071312,-3.27708500],[56.82194894,-3.27712705],[56.82333187,-3.27732499],[56.82337536,-3.27728361],[56.82466611,-3.27609799],[56.82583877,-3.27505239],[56.82654877,-3.27213012],[56.82749165,-3.26859533],[56.82815321,-3.26484411],[56.82813732,-3.26081153],[56.82728565,-3.25814664],[56.82621297,-3.25490589],[56.82558937,-3.25209380],[56.82325343,-3.25046528],[56.82076699,-3.24971056],[56.82039044,-3.24921690],[56.81969838,-3.24834188],[56.81889390,-3.24549434],[56.81725669,-3.24261936],[56.81513820,-3.24027116],[56.81419951,-3.23893840],[56.81246679,-3.23367452],[56.81035134,-3.23100183],[56.80893888,-3.22943703],[56.80764962,-3.22744259],[56.80648140,-3.22523528],[56.80424894,-3.22234277],[56.80176578,-3.22074379],[56.80021571,-3.21989457],[56.79951118,-3.21950862],[56.79797835,-3.21866895],[56.79536138,-3.21858406],[56.79320539,-3.22003199],[56.79320329,-3.22003174],[56.79251221,-3.21995889],[56.79163758,-3.21986668],[56.79084740,-3.21947592],[56.79007775,-3.21908004],[56.78893528,-3.21933969],[56.78795998,-3.21915970],[56.78701629,-3.21990793],[56.78601120,-3.22069120],[56.78502863,-3.22125265],[56.78373208,-3.22061718],[56.78368770,-3.21890987],[56.78398009,-3.21606383],[56.78499599,-3.21416825],[56.78633385,-3.21265382],[56.78836824,-3.21067958],[56.78953571,-3.20993830],[56.79024384,-3.20909049],[56.79082023,-3.20835468],[56.79250446,-3.20645736],[56.79370447,-3.20541170],[56.79573506,-3.20460947],[56.79739394,-3.20259200],[56.79934364,-3.20009798],[56.79954461,-3.19897782],[56.79827826,-3.19716095],[56.79641948,-3.19530680],[56.79601922,-3.19419280],[56.79465876,-3.19153384],[56.79415520,-3.19070610],[56.79316258,-3.18926159],[56.79168227,-3.18705016],[56.79049481,-3.18526902],[56.78872723,-3.18028324],[56.78680990,-3.17541348],[56.78658323,-3.17495550],[56.78675810,-3.17266954],[56.78773213,-3.17031514],[56.78835128,-3.16773276],[56.78884939,-3.16536337],[56.78970231,-3.16322170],[56.79069832,-3.15848253],[56.79144020,-3.15546991],[56.79169817,-3.15330960],[56.79183714,-3.15114565],[56.79244592,-3.14964650],[56.79340754,-3.14859175],[56.79557866,-3.14540544],[56.79739083,-3.14242472],[56.79968667,-3.13859089],[56.80148683,-3.13691043],[56.80214504,-3.13693962],[56.80468019,-3.13912804],[56.80604435,-3.14031411],[56.80783857,-3.14182914],[56.81114197,-3.14169273],[56.81293944,-3.14166843],[56.81579456,-3.14201189],[56.81894228,-3.14232483],[56.81989225,-3.14144554],[56.82133252,-3.14022572],[56.82281194,-3.13946112],[56.82643007,-3.13910098],[56.82921437,-3.13879523],[56.83149402,-3.13908127],[56.83425217,-3.13903490],[56.83598715,-3.13908758],[56.83799498,-3.13934235],[56.83911592,-3.13919069],[56.83897309,-3.13699518],[56.83771098,-3.13476584],[56.83646750,-3.13272287],[56.83412913,-3.13020143],[56.83340793,-3.12895370],[56.83286193,-3.12798480],[56.83169000,-3.12599610],[56.83088134,-3.12298572],[56.83022946,-3.12130958],[56.82888073,-3.11821499],[56.82829190,-3.11423729],[56.82889488,-3.11026908],[56.82900097,-3.10735869],[56.82854822,-3.10474090],[56.82773278,-3.10276363],[56.82656809,-3.09990811],[56.82598286,-3.09880586],[56.82540143,-3.09726970],[56.82400059,-3.09419065],[56.82292681,-3.09187324],[56.82210246,-3.09040003],[56.82129249,-3.08890144],[56.82152738,-3.08637214],[56.82162758,-3.08464116],[56.82186372,-3.08182536],[56.82212577,-3.07863084],[56.82222548,-3.07783773],[56.82267124,-3.07568274],[56.82395971,-3.07163800],[56.82610285,-3.06536462],[56.83000184,-3.05897072],[56.82989785,-3.05846240],[56.82951583,-3.05730951],[56.82845457,-3.05535043],[56.82830797,-3.05505112],[56.82759408,-3.05281889],[56.82732532,-3.05153928],[56.82706688,-3.05074357],[56.82701051,-3.04956456],[56.82678387,-3.04807067],[56.82597957,-3.04569340],[56.82540952,-3.04393943],[56.82503550,-3.04278868],[56.82576375,-3.04107279],[56.82865130,-3.03724629],[56.83116207,-3.03579638],[56.83271215,-3.03540506],[56.83414687,-3.03457640],[56.83748404,-3.03390863],[56.83978521,-3.03287858],[56.84205211,-3.03185657],[56.84419873,-3.03100464],[56.84560335,-3.03044184],[56.84665576,-3.02998761],[56.84827911,-3.02916451],[56.85042214,-3.02874608],[56.85206068,-3.02896459],[56.85367546,-3.02918248],[56.85505113,-3.02956739],[56.85654814,-3.02965191],[56.85759713,-3.02929015],[56.85881883,-3.02769449],[56.85991724,-3.02850441],[56.86025412,-3.03044626],[56.86058167,-3.03158674],[56.86151210,-3.03478866],[56.86197355,-3.03653922],[56.86302432,-3.03895783],[56.86452762,-3.03926774],[56.86550448,-3.03898342],[56.86590359,-3.03895101],[56.86592310,-3.03894830],[56.86805151,-3.03855082],[56.86881276,-3.03720238],[56.86933348,-3.03470593],[56.87047906,-3.03222661],[56.87087282,-3.02995475],[56.87191395,-3.02496130],[56.87305371,-3.02316623],[56.87405914,-3.02250882],[56.87495079,-3.02047851],[56.87546002,-3.01935090],[56.87684967,-3.01756226],[56.87773938,-3.01575992],[56.87838651,-3.01303769],[56.87841607,-3.00938545],[56.87838728,-3.00845697],[56.87844071,-3.00257099],[56.87771674,-2.99788744],[56.87709004,-2.99612383],[56.87682990,-2.99216521],[56.87487187,-2.98840351],[56.87378299,-2.98296918],[56.87248101,-2.97877497],[56.87043842,-2.97464129],[56.86943142,-2.97352879],[56.86871823,-2.97194710],[56.86852007,-2.97161895],[56.86822430,-2.97113731],[56.86777081,-2.96924487],[56.86768515,-2.96821683],[56.86807946,-2.96566243],[56.86846054,-2.96481736],[56.86874931,-2.96379894],[56.86894577,-2.96260715],[56.86850398,-2.95917631],[56.86796979,-2.95557222],[56.86798808,-2.95317906],[56.86857842,-2.94943263],[56.86850297,-2.94703707],[56.86786835,-2.94428548],[56.86723109,-2.94187586],[56.86621932,-2.93945692],[56.86548706,-2.93721609],[56.86512796,-2.93515559],[56.86457264,-2.93428696],[56.86384029,-2.93204629],[56.86254748,-2.92962088],[56.86199720,-2.92806873],[56.86182265,-2.92635497],[56.86221104,-2.92448418],[56.86250959,-2.92209828],[56.86280557,-2.92005419],[56.86358216,-2.91631231],[56.86453589,-2.91394225],[56.86519746,-2.91310360],[56.86548706,-2.91191393],[56.86560310,-2.90883946],[56.86553678,-2.90507672],[56.86566499,-2.90029292],[56.86540750,-2.89703850],[56.86505142,-2.89446560],[56.86507585,-2.89104701],[56.86540503,-2.89007422],[56.86551948,-2.88907657],[56.86617601,-2.88448249],[56.86686760,-2.88312117],[56.86735045,-2.88254971],[56.86932549,-2.88230479],[56.87183132,-2.88292024],[56.87381739,-2.88521936],[56.87834160,-2.88969894],[56.88018332,-2.89390353],[56.88168620,-2.89476103],[56.88263798,-2.89557888],[56.88390661,-2.89672244],[56.88594813,-2.89732797],[56.88618313,-2.89895050],[56.88614630,-2.90003637],[56.88619496,-2.90133637],[56.88634901,-2.90210877],[56.88676645,-2.90256944],[56.88688059,-2.90283727],[56.88663053,-2.90330836],[56.88654003,-2.90378330],[56.88672498,-2.90429140],[56.88777555,-2.90548312],[56.88842665,-2.90573742],[56.88865684,-2.90600808],[56.88858046,-2.90653640],[56.88851589,-2.90743612],[56.88855344,-2.90825878],[56.88861051,-2.90839270],[56.88872156,-2.90908461],[56.88901478,-2.90866761],[56.88926333,-2.90840854],[56.88939641,-2.90806716],[56.88938786,-2.90724517],[56.88952361,-2.90653272],[56.88977409,-2.90600860],[56.89012379,-2.90580500],[56.89032613,-2.90591594],[56.89077738,-2.90571478],[56.89110326,-2.90479480],[56.89151540,-2.90398295],[56.89205543,-2.90354530],[56.89224612,-2.90325829],[56.89230663,-2.90291511],[56.89229903,-2.90196053],[56.89266572,-2.90141265],[56.89286920,-2.90136452],[56.89375758,-2.90090870],[56.89409086,-2.90096973],[56.89438253,-2.90076466],[56.89456253,-2.89994709],[56.89471219,-2.89931440],[56.89502007,-2.89887108],[56.89523921,-2.89866424],[56.89532625,-2.89866633],[56.89560646,-2.89803673],[56.89574064,-2.89753621],[56.89597523,-2.89719716],[56.89604796,-2.89717239],[56.89631289,-2.89664846],[56.89663775,-2.89586084],[56.89693322,-2.89512551],[56.89693891,-2.89433020],[56.89703183,-2.89351049],[56.89703713,-2.89276822],[56.89718940,-2.89176431],[56.89725008,-2.89139456],[56.89718150,-2.89083612],[56.89693923,-2.89022054],[56.89694149,-2.88990242],[56.89704851,-2.88913605],[56.89722769,-2.88842442],[56.89730250,-2.88810802],[56.89944427,-2.88890129],[56.89968939,-2.88911924],[56.90095036,-2.88930831],[56.90160225,-2.88945638],[56.90199263,-2.88965130],[56.90241031,-2.89008550],[56.90268141,-2.89072838],[56.90296532,-2.89161027],[56.90314653,-2.89264880],[56.90338558,-2.89371525],[56.90355415,-2.89448831],[56.90378343,-2.89489159],[56.90430491,-2.89501015],[56.90449332,-2.89504116],[56.90466570,-2.89528397],[56.90510839,-2.89627579],[56.90539721,-2.89646834],[56.90657669,-2.89790223],[56.90801577,-2.89955460],[56.90821715,-2.89979816],[56.90922310,-2.90114849],[56.91013992,-2.90262124],[56.91061985,-2.90340438],[56.91085505,-2.90372210],[56.91111937,-2.90416162],[56.91126847,-2.90468216],[56.91142358,-2.90542643],[56.91152201,-2.90555455],[56.91199517,-2.90564984],[56.91267418,-2.90581997],[56.91318536,-2.90594414],[56.91392518,-2.90615768],[56.91407270,-2.90583988],[56.91428217,-2.90541179],[56.91454931,-2.90546018],[56.91481146,-2.90514514],[56.91515655,-2.90498581],[56.91531884,-2.90473823],[56.91569931,-2.90497100],[56.91602126,-2.90483905],[56.91665805,-2.90450512],[56.91690951,-2.90460901],[56.91734530,-2.90459160],[56.91788775,-2.90461870],[56.91951212,-2.90405708],[56.92047086,-2.90359112],[56.92073239,-2.90335986],[56.92138405,-2.90308213],[56.92199690,-2.90288729],[56.92266334,-2.90267977],[56.92300761,-2.90263217],[56.92333620,-2.90264011],[56.92388449,-2.90291889],[56.92420442,-2.90306639],[56.92500377,-2.90350500],[56.92545311,-2.90372552],[56.92571233,-2.90381565],[56.92628463,-2.90394130],[56.92708680,-2.90398865],[56.92774691,-2.90359925],[56.92800744,-2.90350769],[56.92838167,-2.90354471],[56.92874225,-2.90335773],[56.92891006,-2.90340372],[56.92951051,-2.90386555],[56.92976128,-2.90406731],[56.93013460,-2.90423011],[56.93058425,-2.90440873],[56.93097629,-2.90409670],[56.93116916,-2.90384973],[56.93101052,-2.90253186],[56.93103829,-2.90186153],[56.93140862,-2.90138119],[56.93165506,-2.90112151],[56.93226047,-2.90089847],[56.93275174,-2.90060274],[56.93296581,-2.90059393],[56.93355954,-2.90092978],[56.93391608,-2.90130187],[56.93454379,-2.90222573],[56.93528651,-2.90309648],[56.93580301,-2.90354238],[56.93645947,-2.90365613],[56.93687213,-2.90366611],[56.93737206,-2.90323079],[56.93788820,-2.90266999],[56.93887827,-2.90315532],[56.93904579,-2.90324327],[56.94041714,-2.90384971],[56.94053859,-2.90396451],[56.94099846,-2.90484257],[56.94142153,-2.90552402],[56.94159587,-2.90572401],[56.94246399,-2.90616455],[56.94279246,-2.90618650],[56.94297627,-2.90613502],[56.94550911,-2.91073659],[56.94622597,-2.91215299],[56.94735254,-2.91413798],[56.94916678,-2.91635746],[56.95098130,-2.91853366],[56.95392820,-2.92043554],[56.95612057,-2.92171906],[56.95823200,-2.92132718],[56.96211549,-2.92101312],[56.96543377,-2.92143660],[56.96750510,-2.92141940],[56.96927617,-2.92163396],[56.97257175,-2.92260368],[56.97255468,-2.92257954],[56.97282046,-2.92199846],[56.97449086,-2.91790428],[56.97584561,-2.91469442],[56.97599554,-2.90879938],[56.97843590,-2.90992546],[56.98085249,-2.91105110],[56.98165283,-2.91147674],[56.98190256,-2.91142911],[56.98199335,-2.91107896],[56.98267058,-2.90948449],[56.98320376,-2.90808240],[56.98335026,-2.90590889],[56.98345996,-2.90388688],[56.98457182,-2.90134481],[56.98561551,-2.89908598],[56.98595914,-2.89822146],[56.98613708,-2.89689752],[56.98664458,-2.89407930],[56.98683356,-2.89258150],[56.98700031,-2.89086545],[56.98640418,-2.88724829],[56.98595021,-2.88474415],[56.98587869,-2.88272412],[56.98381897,-2.87851066],[56.98292722,-2.87685688],[56.98255181,-2.87615141],[56.98179598,-2.87497463],[56.98056408,-2.87314415],[56.98053434,-2.87229446],[56.98049189,-2.86985534],[56.98064272,-2.86524382],[56.98025617,-2.86433236],[56.97975038,-2.86321976],[56.97902727,-2.85991670],[56.97868941,-2.85963762],[56.97694026,-2.85798639],[56.97568633,-2.85685681],[56.97453381,-2.85652657],[56.97416559,-2.85518764],[56.97388654,-2.85402345],[56.97331499,-2.85178215],[56.97278603,-2.84963067],[56.97312048,-2.84763593],[56.97320945,-2.84502620],[56.97367756,-2.84156202],[56.97385480,-2.83920778],[56.97536942,-2.83667348],[56.97599496,-2.83555567],[56.97628672,-2.83458270],[56.97717364,-2.83166467],[56.97821520,-2.82957494],[56.97925886,-2.82901213],[56.98071226,-2.82818003],[56.98196443,-2.82995132],[56.98247889,-2.83198467],[56.98300970,-2.83395983],[56.98374275,-2.83678937],[56.98517047,-2.83860901],[56.98523039,-2.84159945],[56.98712735,-2.84262403],[56.98914432,-2.84407211],[56.99064256,-2.84433502],[56.99214080,-2.84459796],[56.99313602,-2.84530752],[56.99500456,-2.84626599],[56.99625439,-2.84629435],[56.99787915,-2.84633123],[56.99950856,-2.84568107],[57.00076147,-2.84525138],[57.00176751,-2.84435792],[57.00299698,-2.84226176],[57.00364078,-2.84162520],[57.00557156,-2.83631141],[57.00759722,-2.83246213],[57.00848122,-2.83110724],[57.00924328,-2.82929133],[57.00995039,-2.82512912],[57.01051534,-2.82025744],[57.01172731,-2.81693020],[57.01332853,-2.81632145],[57.01432988,-2.81611425],[57.01770590,-2.81595904],[57.02057602,-2.81670945],[57.02270221,-2.81652687],[57.02468772,-2.81635783],[57.02795668,-2.81812961],[57.02867798,-2.81688123],[57.02988825,-2.81355091],[57.03065903,-2.81199831],[57.03174215,-2.80992923],[57.03331672,-2.80854200],[57.03449261,-2.80801706],[57.03670989,-2.80923752],[57.03865778,-2.80945428],[57.04029752,-2.80953355],[57.04147816,-2.80933609],[57.04263313,-2.80790606],[57.04415063,-2.80518708],[57.04455444,-2.80451126],[57.04507161,-2.80351326],[57.04675344,-2.80102652],[57.04713278,-2.80068868],[57.04773580,-2.79977893],[57.04789329,-2.79972465],[57.04797990,-2.79969766],[57.04872461,-2.79972699],[57.04880533,-2.79964331],[57.04905961,-2.79920181],[57.04933699,-2.79883290],[57.04952633,-2.79874469],[57.04982414,-2.79899227],[57.04987499,-2.79903357],[57.04990129,-2.79948967],[57.04999338,-2.79993382],[57.05027213,-2.80087772],[57.05052399,-2.80145929],[57.05069613,-2.80194537],[57.05075790,-2.80256304],[57.05086724,-2.80373110],[57.05102288,-2.80451163],[57.05122781,-2.80557459],[57.05127676,-2.80591062],[57.05124454,-2.80637889],[57.05108008,-2.80810381],[57.05100448,-2.80850415],[57.05084794,-2.80899652],[57.05093297,-2.80940032],[57.05119861,-2.81010285],[57.05136246,-2.81073620],[57.05142296,-2.81154147],[57.05143244,-2.81233223],[57.05148468,-2.81328471],[57.05162757,-2.81377022],[57.05208240,-2.81457072],[57.05256643,-2.81537191],[57.05305046,-2.81617309],[57.05320829,-2.81660536],[57.05346146,-2.81697270],[57.05378634,-2.81754264],[57.05406168,-2.81787029],[57.05444506,-2.81842813],[57.05495035,-2.81932370],[57.05513816,-2.81963605],[57.05556013,-2.81987315],[57.05599072,-2.81990945],[57.05620341,-2.81976671],[57.05664948,-2.81966935],[57.05680342,-2.81957892],[57.05729505,-2.81921451],[57.05748707,-2.81888371],[57.05783538,-2.81810068],[57.05827218,-2.81718559],[57.05877856,-2.81679464],[57.05899839,-2.81667886],[57.05910774,-2.81670806],[57.05928843,-2.81699348],[57.05946032,-2.81750653],[57.05953045,-2.81795034],[57.05970113,-2.81865102],[57.05978126,-2.81867958],[57.06013849,-2.81876785],[57.06024722,-2.81889087],[57.06060120,-2.81947497],[57.06079059,-2.81954615],[57.06089299,-2.81952161],[57.06137088,-2.81902283],[57.06146869,-2.81858268],[57.06157221,-2.81838394],[57.06191016,-2.81806968],[57.06273147,-2.81753823],[57.06301770,-2.81731666],[57.06317277,-2.81705198],[57.06330724,-2.81658582],[57.06340268,-2.81650750],[57.06346839,-2.81650895],[57.06372685,-2.81718481],[57.06439405,-2.81677055],[57.06480572,-2.81635064],[57.06510575,-2.81624999],[57.06532382,-2.81640224],[57.06657558,-2.81704632],[57.06711394,-2.81735306],[57.06831057,-2.81861267],[57.06931806,-2.81976092],[57.06954792,-2.82034244],[57.06961161,-2.82065216],[57.06992151,-2.82350108],[57.07027207,-2.82682012],[57.07034716,-2.82761274],[57.07037264,-2.82817636],[57.07045523,-2.83004166],[57.07058204,-2.83184091],[57.07068388,-2.83409543],[57.07066944,-2.83516760],[57.07067493,-2.83872036],[57.07072822,-2.83948570],[57.07061828,-2.84063616],[57.07038295,-2.84305733],[57.07010367,-2.84549089],[57.06977035,-2.84835219],[57.07003061,-2.85089184],[57.07043501,-2.85477546],[57.07070153,-2.85744943],[57.07086689,-2.85864990],[57.07107019,-2.86012580],[57.07164748,-2.86430860],[57.07212089,-2.86765787],[57.07192836,-2.87225188],[57.07222884,-2.87628098],[57.07248944,-2.87973268],[57.07252845,-2.88041735],[57.07250212,-2.88104687],[57.07240602,-2.88225120],[57.07247818,-2.88237358],[57.07251468,-2.88237445],[57.07255176,-2.88229488],[57.07276962,-2.88142860],[57.07311327,-2.88032396],[57.07373440,-2.87818008],[57.07385290,-2.87794154],[57.07395119,-2.87746122],[57.07408392,-2.87727663],[57.07444954,-2.87615902],[57.07485906,-2.87502901],[57.07504523,-2.87451049],[57.07539511,-2.87355335],[57.07559476,-2.87319602],[57.07604413,-2.87263003],[57.07646140,-2.87247892],[57.07698949,-2.87214270],[57.07737711,-2.87205793],[57.07753322,-2.87165934],[57.07804351,-2.87073268],[57.07847892,-2.87007244],[57.07877322,-2.86965883],[57.07878862,-2.86963718],[57.07923570,-2.86834693],[57.07951484,-2.86705275],[57.07981487,-2.86707819],[57.07981392,-2.86721503],[57.07994362,-2.86732072],[57.08009711,-2.86802573],[57.08008786,-2.86935998],[57.08005529,-2.87002645],[57.07992945,-2.87070785],[57.07964465,-2.87147102],[57.07998838,-2.87295042],[57.07993405,-2.87607376],[57.07999161,-2.87619581],[57.08029393,-2.87681978],[57.08070118,-2.87810331],[57.08108819,-2.87914502],[57.08166101,-2.87972180],[57.08218937,-2.88039143],[57.08262346,-2.88096496],[57.08292737,-2.88136107],[57.08323231,-2.88160971],[57.08360144,-2.88207443],[57.08419625,-2.88263840],[57.08469017,-2.88301224],[57.08480387,-2.88301494],[57.08500944,-2.88301983],[57.08502601,-2.88302022],[57.08540424,-2.88323038],[57.08575507,-2.88318508],[57.08593787,-2.88314919],[57.08638286,-2.88337801],[57.08640658,-2.88339020],[57.08673092,-2.88355698],[57.08722047,-2.88351497],[57.08774887,-2.88313859],[57.08794637,-2.88296701],[57.08804417,-2.88288205],[57.08807937,-2.88297679],[57.08810176,-2.88291400],[57.08811868,-2.88286653],[57.08815283,-2.88284478],[57.08824718,-2.88279073],[57.08838021,-2.88271455],[57.08896847,-2.88249018],[57.08948377,-2.88221229],[57.08956070,-2.88211363],[57.08996764,-2.88159169],[57.09062012,-2.88105797],[57.09097465,-2.88118035],[57.09147270,-2.88175177],[57.09212595,-2.88191235],[57.09251694,-2.88166255],[57.09362818,-2.88087023],[57.09392271,-2.88070103],[57.09575425,-2.87935571],[57.09743853,-2.87808969],[57.09796562,-2.87773941],[57.09912880,-2.87758033],[57.09927046,-2.87749039],[57.09976804,-2.87732596],[57.10018129,-2.87711806],[57.10048623,-2.87707342],[57.10075270,-2.87688279],[57.10125620,-2.87667699],[57.10203428,-2.87592832],[57.10252418,-2.87524538],[57.10261696,-2.87488477],[57.10280988,-2.87472345],[57.10295124,-2.87467495],[57.10313658,-2.87479333],[57.10335546,-2.87495398],[57.10365598,-2.87554156],[57.10401276,-2.87615122],[57.10419180,-2.87636276],[57.10464092,-2.87586540],[57.10497023,-2.87556218],[57.10508896,-2.87552353],[57.10533648,-2.87562266],[57.10559390,-2.87591899],[57.10592501,-2.87616524],[57.10603622,-2.87639592],[57.10614281,-2.87648137],[57.10626637,-2.87736546],[57.10637402,-2.87810405],[57.10622403,-2.87857736],[57.10621563,-2.87897111],[57.10628944,-2.87970890],[57.10633372,-2.88063258],[57.10641497,-2.88111138],[57.10648963,-2.88172479],[57.10641831,-2.88224144],[57.10637120,-2.88274599],[57.10638528,-2.88359408],[57.10643361,-2.88527236],[57.10637944,-2.88584240],[57.10634794,-2.88604437],[57.10654834,-2.88606758],[57.10739127,-2.88599555],[57.10896249,-2.88787615],[57.11022600,-2.88930720],[57.11011387,-2.88956255],[57.10955802,-2.89157670],[57.10836701,-2.89405469],[57.10760697,-2.89516063],[57.10722253,-2.89563055],[57.10682437,-2.89661616],[57.10656551,-2.89775256],[57.10652539,-2.89915228],[57.10650416,-2.90350120],[57.10650303,-2.90504931],[57.10650933,-2.90556550],[57.10649507,-2.90753716],[57.10639656,-2.90867740],[57.10625230,-2.90920833],[57.10642254,-2.90947459],[57.10661611,-2.90989930],[57.10683917,-2.91022901],[57.10716144,-2.91072167],[57.10716041,-2.91086422],[57.10727028,-2.91149804],[57.10731358,-2.91157872],[57.10732547,-2.91163820],[57.10756788,-2.91244261],[57.10791308,-2.91404801],[57.10835258,-2.91548466],[57.10853666,-2.91577436],[57.10910651,-2.91635877],[57.11041498,-2.91778847],[57.11100130,-2.91844969],[57.11102403,-2.91849206],[57.11113828,-2.91860486],[57.11187939,-2.91910804],[57.11405660,-2.92055948],[57.11410210,-2.92070321],[57.11434361,-2.92162190],[57.11424340,-2.92258913],[57.11428554,-2.92318911],[57.11449811,-2.92382186],[57.11440697,-2.92479700],[57.11443082,-2.92484147],[57.11443227,-2.92487143],[57.11443376,-2.92489934],[57.11442359,-2.92490735],[57.11441878,-2.92533146],[57.11441863,-2.92550486],[57.11441498,-2.92561880],[57.11440538,-2.92608254],[57.11439741,-2.92685543],[57.11439378,-2.92704370],[57.11438897,-2.92739041],[57.11438453,-2.92753529],[57.11437443,-2.92813991],[57.11437628,-2.92826999],[57.11436850,-2.92871416],[57.11436579,-2.92885291],[57.11436762,-2.92898507],[57.11436767,-2.92920493],[57.11436916,-2.92923130],[57.11437276,-2.92927731],[57.11437479,-2.92930574],[57.11437637,-2.92931920],[57.11438116,-2.92935546],[57.11438434,-2.92938031],[57.11438813,-2.92940156],[57.11439298,-2.92942852],[57.11440781,-2.92947173],[57.11442484,-2.92952323],[57.11444020,-2.92957318],[57.11446458,-2.92961661],[57.11450506,-2.92968522],[57.11453169,-2.92972925],[57.11459059,-2.92981484],[57.11460836,-2.92984006],[57.11467233,-2.92992166],[57.11471679,-2.92998317],[57.11482078,-2.93012096],[57.11500155,-2.93035517],[57.11517340,-2.93057932],[57.11528962,-2.93073398],[57.11533962,-2.93080646],[57.11539194,-2.93086711],[57.11553380,-2.93104718],[57.11568116,-2.93124234],[57.11581739,-2.93142434],[57.11587901,-2.93151982],[57.11598559,-2.93168610],[57.11620943,-2.93201737],[57.11635442,-2.93222746],[57.11653445,-2.93248436],[57.11663007,-2.93261424],[57.11670789,-2.93272150],[57.11676076,-2.93278579],[57.11686821,-2.93291081],[57.11702680,-2.93310472],[57.11717318,-2.93328027],[57.11718711,-2.93329509],[57.11721387,-2.93332053],[57.11725512,-2.93336131],[57.11734698,-2.93346942],[57.11759081,-2.93375479],[57.11781066,-2.93401632],[57.11798427,-2.93423024],[57.11801815,-2.93428064],[57.11808593,-2.93437835],[57.11815865,-2.93449063],[57.11823022,-2.93460805],[57.11838765,-2.93488298],[57.11841155,-2.93483971],[57.11845973,-2.93492970],[57.11849721,-2.93502407],[57.11864290,-2.93551859],[57.11868104,-2.93559852],[57.11877315,-2.93582226],[57.11883454,-2.93594769],[57.11884730,-2.93596970],[57.11889003,-2.93603839],[57.11892892,-2.93609252],[57.11897288,-2.93614784],[57.11899346,-2.93617312],[57.11899990,-2.93621406],[57.11901372,-2.93624331],[57.11904010,-2.93624398],[57.11913189,-2.93628604],[57.11927736,-2.93635733],[57.11942954,-2.93643189],[57.11961758,-2.93651612],[57.11978713,-2.93659627],[57.11995545,-2.93669137],[57.11995061,-2.93673616],[57.11994647,-2.93676547],[57.11994185,-2.93678187],[57.11993078,-2.93683631],[57.11992432,-2.93687381],[57.11991546,-2.93693139],[57.11991168,-2.93698757],[57.11991125,-2.93704537],[57.11991807,-2.93710851],[57.11993115,-2.93716149],[57.11995633,-2.93724832],[57.12001060,-2.93742469],[57.12009499,-2.93770606],[57.12019031,-2.93802538],[57.12024073,-2.93819029],[57.12028239,-2.93832658],[57.12032902,-2.93847330],[57.12036079,-2.93857992],[57.12037694,-2.93867274],[57.12038983,-2.93875204],[57.12040263,-2.93884165],[57.12041087,-2.93894097],[57.12042483,-2.93910185],[57.12042842,-2.93914788],[57.12043964,-2.93929837],[57.12048452,-2.93990444],[57.12053475,-2.94062062],[57.12056950,-2.94107728],[57.12060385,-2.94151276],[57.12060652,-2.94153245],[57.12061129,-2.94156921],[57.12063023,-2.94166364],[57.12066260,-2.94183945],[57.12071778,-2.94212009],[57.12076424,-2.94236440],[57.12081606,-2.94264134],[57.12086740,-2.94290848],[57.12091660,-2.94316111],[57.12093398,-2.94324052],[57.12093991,-2.94327217],[57.12094809,-2.94330540],[57.12095572,-2.94333501],[57.12096176,-2.94335530],[57.12097163,-2.94338548],[57.12098208,-2.94341518],[57.12099365,-2.94344385],[57.12100137,-2.94346212],[57.12102790,-2.94351907],[57.12104288,-2.94354423],[57.12104953,-2.94355421],[57.12106176,-2.94357257],[57.12107398,-2.94358940],[57.12108734,-2.94360470],[57.12110295,-2.94362007],[57.12120254,-2.94374288],[57.12129663,-2.94385109],[57.12146422,-2.94404013],[57.12157836,-2.94417054],[57.12166192,-2.94425991],[57.12174487,-2.94435494],[57.12182506,-2.94444421],[57.12191860,-2.94455087],[57.12203101,-2.94468586],[57.12212950,-2.94480555],[57.12222070,-2.94492350],[57.12224905,-2.94496243],[57.12231404,-2.94505648],[57.12234120,-2.94510311],[57.12236335,-2.94514497],[57.12238548,-2.94519043],[57.12239873,-2.94521865],[57.12240257,-2.94523218],[57.12240309,-2.94523682],[57.12240416,-2.94524357],[57.12240470,-2.94524667],[57.12243077,-2.94528916],[57.12244126,-2.94531214],[57.12246056,-2.94536063],[57.12247927,-2.94541067],[57.12249134,-2.94544761],[57.12250837,-2.94549917],[57.12252312,-2.94555374],[57.12253457,-2.94559738],[57.12256238,-2.94570856],[57.12256945,-2.94573869],[57.12259280,-2.94584459],[57.12260626,-2.94592131],[57.12262345,-2.94602397],[57.12263896,-2.94612656],[57.12265168,-2.94622808],[57.12267649,-2.94643673],[57.12268642,-2.94653455],[57.12270554,-2.94675442],[57.12271117,-2.94682735],[57.12272757,-2.94710858],[57.12272854,-2.94713027],[57.12274146,-2.94742587],[57.12274625,-2.94753543],[57.12275346,-2.94776997],[57.12275473,-2.94782629],[57.12275266,-2.94787577],[57.12273935,-2.94807676],[57.12272566,-2.94825501],[57.12271363,-2.94836051],[57.12271118,-2.94838678],[57.12269095,-2.94853648],[57.12269036,-2.94854111],[57.12267320,-2.94873116],[57.12265664,-2.94891553],[57.12263898,-2.94909678],[57.12262238,-2.94928632],[57.12259602,-2.94957988],[57.12257033,-2.94985642],[57.12256364,-2.94992594],[57.12253827,-2.95008686],[57.12247732,-2.95064692],[57.12227963,-2.95146468],[57.12222909,-2.95213081],[57.12221447,-2.95316900],[57.12223948,-2.95342414],[57.12225973,-2.95364094],[57.12228098,-2.95387274],[57.12230090,-2.95391301],[57.12230821,-2.95398598],[57.12232601,-2.95415472],[57.12235003,-2.95439330],[57.12238200,-2.95469299],[57.12239619,-2.95482086],[57.12239616,-2.95482552],[57.12239716,-2.95484051],[57.12240030,-2.95487054],[57.12240301,-2.95488351],[57.12240353,-2.95488867],[57.12240735,-2.95490375],[57.12241062,-2.95491674],[57.12243848,-2.95502018],[57.12245878,-2.95508161],[57.12247584,-2.95512696],[57.12249784,-2.95518688],[57.12250116,-2.95519573],[57.12251710,-2.95524003],[57.12253091,-2.95527032],[57.12253752,-2.95528546],[57.12254797,-2.95531516],[57.12255508,-2.95534166],[57.12255831,-2.95535828],[57.12256156,-2.95537486],[57.12256424,-2.95539147],[57.12256531,-2.95539820],[57.12257122,-2.95543293],[57.12257438,-2.95545985],[57.12257699,-2.95548626],[57.12257848,-2.95551262],[57.12258051,-2.95554055],[57.12258429,-2.95563356],[57.12258574,-2.95566457],[57.12258839,-2.95575911],[57.12258806,-2.95580193],[57.12258717,-2.95584476],[57.12258445,-2.95590767],[57.12258039,-2.95599840],[57.12257858,-2.95601488],[57.12257371,-2.95613865],[57.12256965,-2.95622783],[57.12256638,-2.95628867],[57.12256546,-2.95633511],[57.12256288,-2.95637944],[57.12256193,-2.95643051],[57.12255980,-2.95648981],[57.12255994,-2.95654454],[57.12255491,-2.95661565],[57.12254509,-2.95672432],[57.12253551,-2.95680305],[57.12252588,-2.95688745],[57.12251055,-2.95705688],[57.12250625,-2.95710477],[57.12250308,-2.95715270],[57.12250302,-2.95716097],[57.12250096,-2.95720892],[57.12250080,-2.95723007],[57.12250168,-2.95726160],[57.12250313,-2.95729310],[57.12250413,-2.95730966],[57.12250826,-2.95735777],[57.12250977,-2.95737897],[57.12251281,-2.95742190],[57.12251526,-2.95746996],[57.12252104,-2.95752120],[57.12252891,-2.95759420],[57.12253624,-2.95766407],[57.12254305,-2.95772825],[57.12254766,-2.95778618],[57.12255453,-2.95784264],[57.12255607,-2.95786075],[57.12255695,-2.95789224],[57.12255796,-2.95790880],[57.12255658,-2.95794025],[57.12255641,-2.95796347],[57.12255487,-2.95801763],[57.12255551,-2.95808063],[57.12255498,-2.95814979],[57.12254671,-2.95827709],[57.12253635,-2.95838417],[57.12253505,-2.95840736],[57.12253300,-2.95845480],[57.12253292,-2.95846512],[57.12251377,-2.95861950],[57.12251192,-2.95864114],[57.12250169,-2.95880451],[57.12248874,-2.95895593],[57.12250479,-2.95906061],[57.12252572,-2.95918814],[57.12258325,-2.95952153],[57.12265233,-2.95988674],[57.12261261,-2.95994093],[57.12264515,-2.96009148],[57.12270700,-2.96037390],[57.12273794,-2.96051200],[57.12275638,-2.96059816],[57.12301129,-2.96177449],[57.12303079,-2.96186740],[57.12305140,-2.96196187],[57.12307148,-2.96205324],[57.12308010,-2.96210149],[57.12316670,-2.96259774],[57.12318394,-2.96269214],[57.12324799,-2.96305411],[57.12326526,-2.96314541],[57.12328939,-2.96329420],[57.12334680,-2.96364155],[57.12336067,-2.96381019],[57.12338125,-2.96405542],[57.12338227,-2.96406679],[57.12339745,-2.96428451],[57.12341226,-2.96447588],[57.12341643,-2.96451884],[57.12342757,-2.96460328],[57.12343752,-2.96469593],[57.12344569,-2.96480197],[57.12344957,-2.96488156],[57.12345638,-2.96501855],[57.12345734,-2.96504025],[57.12345675,-2.96511612],[57.12345554,-2.96512745],[57.12345376,-2.96514082],[57.12345258,-2.96514698],[57.12345199,-2.96515058],[57.12345022,-2.96516242],[57.12344560,-2.96517984],[57.12343630,-2.96521987],[57.12344670,-2.96525471],[57.12346308,-2.96531606],[57.12347777,-2.96537788],[57.12348860,-2.96542771],[57.12350207,-2.96550238],[57.12351440,-2.96557859],[57.12351648,-2.96559982],[57.12352762,-2.96568475],[57.12353594,-2.96577067],[57.12353755,-2.96578208],[57.12354560,-2.96590152],[57.12355031,-2.96602036],[57.12355288,-2.96612471],[57.12355308,-2.96624346],[57.12355100,-2.96629449],[57.12354685,-2.96632434],[57.12354497,-2.96634906],[57.12353400,-2.96638852],[57.12351741,-2.96642785],[57.12350377,-2.96644866],[57.12347938,-2.96647951],[57.12345667,-2.96651351],[57.12343791,-2.96654141],[57.12347752,-2.96664878],[57.12337740,-2.96688879],[57.12330702,-2.96705833],[57.12329202,-2.96711060],[57.12327757,-2.96716288],[57.12327530,-2.96716798],[57.12324126,-2.96728427],[57.12322103,-2.96735963],[57.12321788,-2.96740446],[57.12321697,-2.96744883],[57.12321664,-2.96749165],[57.12321855,-2.96753661],[57.12322056,-2.96756610],[57.12322502,-2.96764260],[57.12323068,-2.96770884],[57.12324581,-2.96785944],[57.12324684,-2.96787237],[57.12325352,-2.96795205],[57.12325833,-2.96798367],[57.12326258,-2.96801527],[57.12326409,-2.96803802],[57.12326608,-2.96807111],[57.12326638,-2.96810416],[57.12326565,-2.96812734],[57.12326259,-2.96815877],[57.12325843,-2.96818861],[57.12325778,-2.96819994],[57.12324708,-2.96827710],[57.12324064,-2.96830995],[57.12323255,-2.96834124],[57.12322389,-2.96837096],[57.12320364,-2.96844941],[57.12319325,-2.96848424],[57.12317239,-2.96856938],[57.12316197,-2.96860887],[57.12314333,-2.96869560],[57.12313514,-2.96873876],[57.12311056,-2.96886665],[57.12310294,-2.96890930],[57.12309165,-2.96898850],[57.12309044,-2.96899983],[57.12307743,-2.96908415],[57.12307537,-2.96913363],[57.12306886,-2.96924909],[57.12305814,-2.96940059],[57.12304686,-2.96955413],[57.12303990,-2.96965461],[57.12303367,-2.96973342],[57.12306222,-2.96989108],[57.12309851,-2.96984609],[57.12313311,-2.96994611],[57.12320286,-2.97014926],[57.12319832,-2.97015430],[57.12321693,-2.97021726],[57.12324628,-2.97019840],[57.12335111,-2.97029355],[57.12343305,-2.97037156],[57.12371062,-2.97064003],[57.12373291,-2.97066230],[57.12380255,-2.97073329],[57.12391386,-2.97086320],[57.12404286,-2.97102711],[57.12428055,-2.97137042],[57.12456941,-2.97177446],[57.12465216,-2.97189380],[57.12465606,-2.97189856],[57.12470108,-2.97195756],[57.12474668,-2.97201502],[57.12476338,-2.97203353],[57.12482967,-2.97210341],[57.12485975,-2.97213360],[57.12492778,-2.97219684],[57.12499641,-2.97225283],[57.12524902,-2.97247938],[57.12525405,-2.97248362],[57.12528106,-2.97247609],[57.12608064,-2.97306231],[57.12610800,-2.97308216],[57.12611637,-2.97308857],[57.12627577,-2.97324505],[57.12631032,-2.97327847],[57.12654976,-2.97411694],[57.12659234,-2.97420274],[57.12684781,-2.97471177],[57.12687487,-2.97477030],[57.12721762,-2.97539469],[57.12725670,-2.97542412],[57.12748160,-2.97596437],[57.12749042,-2.97598473],[57.12748357,-2.97600056],[57.12746627,-2.97605792],[57.12747388,-2.97608963],[57.12748911,-2.97615248],[57.12750554,-2.97620764],[57.12752755,-2.97626604],[57.12755076,-2.97631313],[57.12756717,-2.97636931],[57.12757909,-2.97642590],[57.12759055,-2.97646748],[57.12760324,-2.97649623],[57.12761660,-2.97651102],[57.12764225,-2.97653494],[57.12766278,-2.97656697],[57.12768764,-2.97662028],[57.12769970,-2.97665727],[57.12771393,-2.97670359],[57.12773489,-2.97675371],[57.12775416,-2.97680222],[57.12777912,-2.97684263],[57.12780464,-2.97688151],[57.12783343,-2.97693337],[57.12786604,-2.97700186],[57.12788994,-2.97703400],[57.12789814,-2.97706157],[57.12791349,-2.97718227],[57.12794962,-2.97730093],[57.12799188,-2.97735522],[57.12802373,-2.97737516],[57.12803176,-2.97742597],[57.12804282,-2.97744639],[57.12807964,-2.97747833],[57.12811193,-2.97758657],[57.12818660,-2.97780433],[57.12823020,-2.97797431],[57.12823782,-2.97800498],[57.12827817,-2.97808660],[57.12828147,-2.97809648],[57.12828478,-2.97810483],[57.12828865,-2.97811164],[57.12829813,-2.97812015],[57.12830804,-2.97814521],[57.12831245,-2.97815667],[57.12833012,-2.97819534],[57.12835508,-2.97823419],[57.12838069,-2.97826275],[57.12841028,-2.97828521],[57.12843537,-2.97830703],[57.12845314,-2.97833228],[57.12847532,-2.97836955],[57.12849761,-2.97839130],[57.12852776,-2.97841377],[57.12853780,-2.97842229],[57.12854672,-2.97843079],[57.12855618,-2.97844085],[57.12856508,-2.97845245],[57.12856897,-2.97845771],[57.12857675,-2.97846773],[57.12858396,-2.97847980],[57.12859724,-2.97850491],[57.12860607,-2.97852477],[57.12861375,-2.97854821],[57.12862197,-2.97857320],[57.12863127,-2.97860649],[57.12863942,-2.97863975],[57.12864701,-2.97867454],[57.12865292,-2.97870930],[57.12865938,-2.97874613],[57.12866360,-2.97878082],[57.12866667,-2.97881860],[57.12866774,-2.97882533],[57.12866826,-2.97883050],[57.12866989,-2.97883727],[57.12867096,-2.97884349],[57.12867261,-2.97884869],[57.12867537,-2.97885549],[57.12867701,-2.97886017],[57.12868089,-2.97886697],[57.12868255,-2.97887065],[57.12868587,-2.97887693],[57.12868753,-2.97888059],[57.12869032,-2.97888220],[57.12869199,-2.97888380],[57.12869477,-2.97888747],[57.12869645,-2.97888752],[57.12869925,-2.97888914],[57.12870992,-2.97888943],[57.12871218,-2.97888793],[57.12871725,-2.97888446],[57.12871895,-2.97888296],[57.12872177,-2.97888149],[57.12872347,-2.97887997],[57.12872629,-2.97887800],[57.12873921,-2.97887834],[57.12874144,-2.97888044],[57.12874368,-2.97888050],[57.12874591,-2.97888213],[57.12874814,-2.97888373],[57.12874980,-2.97888686],[57.12875147,-2.97888897],[57.12875313,-2.97889214],[57.12875481,-2.97889372],[57.12875590,-2.97889736],[57.12875755,-2.97890205],[57.12875864,-2.97890570],[57.12875918,-2.97890880],[57.12876027,-2.97891398],[57.12876136,-2.97891712],[57.12877606,-2.97897688],[57.12878648,-2.97900866],[57.12882031,-2.97906219],[57.12884135,-2.97910098],[57.12887394,-2.97916946],[57.12890433,-2.97923326],[57.12892648,-2.97927358],[57.12894919,-2.97931343],[57.12897355,-2.97935899],[57.12899607,-2.97942204],[57.12902431,-2.97947443],[57.12904485,-2.97950440],[57.12908151,-2.97955493],[57.12910703,-2.97959535],[57.12914543,-2.97963922],[57.12916875,-2.97967444],[57.12919516,-2.97974328],[57.12922378,-2.97981839],[57.12924530,-2.97986644],[57.12927179,-2.97992703],[57.12928327,-2.97996503],[57.12929189,-2.98001276],[57.12930213,-2.98006828],[57.12932370,-2.98018086],[57.12932962,-2.98021305],[57.12934743,-2.98030748],[57.12938302,-2.98049482],[57.12948667,-2.98102778],[57.12958281,-2.98151462],[57.12961475,-2.98166725],[57.12967988,-2.98195499],[57.12975221,-2.98232864],[57.12987409,-2.98296951],[57.12989135,-2.98306084],[57.12989131,-2.98306601],[57.12989236,-2.98307532],[57.12989283,-2.98308566],[57.12989437,-2.98310376],[57.12989531,-2.98312807],[57.12989388,-2.98316674],[57.12989375,-2.98318326],[57.12989178,-2.98321936],[57.12988810,-2.98325901],[57.12988372,-2.98331672],[57.12988276,-2.98336936],[57.12988397,-2.98342929],[57.12988181,-2.98349015],[57.12988031,-2.98353658],[57.12987555,-2.98357104],[57.12987252,-2.98360040],[57.12987226,-2.98363343],[57.12987417,-2.98367477],[57.12987907,-2.98369506],[57.12988184,-2.98369976],[57.12988344,-2.98371014],[57.12988511,-2.98371328],[57.12988507,-2.98371845],[57.12988615,-2.98372312],[57.12988597,-2.98374634],[57.12988482,-2.98374942],[57.12988305,-2.98375968],[57.12988134,-2.98376429],[57.12988019,-2.98376788],[57.12986759,-2.98379853],[57.12985731,-2.98381993],[57.12985488,-2.98384465],[57.12985617,-2.98389425],[57.12986096,-2.98392742],[57.12986295,-2.98396051],[57.12985857,-2.98401822],[57.12986386,-2.98405967],[57.12988442,-2.98415779],[57.12989734,-2.98422886],[57.12986939,-2.98435565],[57.12984718,-2.98446710],[57.12982568,-2.98455948],[57.12981344,-2.98461698],[57.12979752,-2.98471362],[57.12978816,-2.98475983],[57.12977147,-2.98481204],[57.12975935,-2.98485510],[57.12976304,-2.98488463],[57.12976467,-2.98489291],[57.12976572,-2.98490122],[57.12976620,-2.98491105],[57.12976615,-2.98491775],[57.12976722,-2.98492449],[57.12976712,-2.98493790],[57.12976594,-2.98494408],[57.12976588,-2.98495234],[57.12976527,-2.98495903],[57.12976412,-2.98496260],[57.12975835,-2.98498208],[57.12975662,-2.98498719],[57.12975376,-2.98499331],[57.12975147,-2.98499843],[57.12974863,-2.98500351],[57.12973672,-2.98501970],[57.12972482,-2.98503231],[57.12971684,-2.98504706],[57.12971055,-2.98506186],[57.12970657,-2.98506848],[57.12970371,-2.98507459],[57.12970141,-2.98508279],[57.12969569,-2.98509607],[57.12969218,-2.98511250],[57.12968980,-2.98512895],[57.12968799,-2.98514543],[57.12968782,-2.98516710],[57.12968416,-2.98520470],[57.12968297,-2.98521292],[57.12968235,-2.98522118],[57.12968228,-2.98522944],[57.12967997,-2.98523762],[57.12967935,-2.98524433],[57.12967817,-2.98525256],[57.12967641,-2.98526077],[57.12967468,-2.98526743],[57.12967182,-2.98527408],[57.12967009,-2.98528021],[57.12966612,-2.98528528],[57.12966382,-2.98529193],[57.12965984,-2.98529648],[57.12965644,-2.98530154],[57.12965247,-2.98530661],[57.12964908,-2.98530961],[57.12962919,-2.98534059],[57.12962747,-2.98534363],[57.12962349,-2.98535023],[57.12962062,-2.98535842],[57.12961831,-2.98536662],[57.12961545,-2.98537325],[57.12961257,-2.98538299],[57.12961082,-2.98539120],[57.12960904,-2.98540250],[57.12960669,-2.98541587],[57.12960604,-2.98542721],[57.12960481,-2.98544061],[57.12960453,-2.98547675],[57.12960556,-2.98548865],[57.12960601,-2.98550157],[57.12960817,-2.98551351],[57.12960861,-2.98552849],[57.12960962,-2.98554295],[57.12960945,-2.98556464],[57.12960827,-2.98557287],[57.12960814,-2.98558939],[57.12960751,-2.98559763],[57.12960633,-2.98560433],[57.12960458,-2.98561252],[57.12960341,-2.98561922],[57.12960054,-2.98562740],[57.12959822,-2.98563714],[57.12959423,-2.98564375],[57.12959080,-2.98565192],[57.12958624,-2.98566005],[57.12958227,-2.98566614],[57.12957317,-2.98567933],[57.12956808,-2.98568436],[57.12954714,-2.98570652],[57.12953518,-2.98572633],[57.12952713,-2.98575091],[57.12952128,-2.98578017],[57.12952734,-2.98579531],[57.12954768,-2.98585213],[57.12955800,-2.98589526],[57.12954829,-2.98591668],[57.12953295,-2.98593951],[57.12953068,-2.98594254],[57.12952443,-2.98595064],[57.12951819,-2.98596029],[57.12951363,-2.98596843],[57.12951019,-2.98597659],[57.12950621,-2.98598320],[57.12950333,-2.98599140],[57.12950160,-2.98599804],[57.12949873,-2.98600624],[57.12949641,-2.98601598],[57.12949408,-2.98602571],[57.12949232,-2.98603550],[57.12949055,-2.98604576],[57.12948938,-2.98605194],[57.12948921,-2.98607361],[57.12948858,-2.98608341],[57.12948213,-2.98611783],[57.12947455,-2.98615274],[57.12946978,-2.98618875],[57.12947402,-2.98622037],[57.12947446,-2.98623535],[57.12947637,-2.98627825],[57.12947509,-2.98629781],[57.12947492,-2.98631950],[57.12947370,-2.98633237],[57.12947186,-2.98635246],[57.12946889,-2.98637201],[57.12946650,-2.98639207],[57.12946242,-2.98641004],[57.12945891,-2.98642802],[57.12945776,-2.98643109],[57.12944849,-2.98646749],[57.12944218,-2.98648386],[57.12943644,-2.98650022],[57.12942958,-2.98651655],[57.12940677,-2.98656034],[57.12939930,-2.98658184],[57.12939448,-2.98662456],[57.12938554,-2.98669041],[57.12937079,-2.98677933],[57.12935681,-2.98684351],[57.12933544,-2.98692038],[57.12932428,-2.98698100],[57.12932315,-2.98698305],[57.12932254,-2.98698923],[57.12932024,-2.98699432],[57.12931965,-2.98699948],[57.12931960,-2.98700565],[57.12931843,-2.98701079],[57.12931835,-2.98702216],[57.12931942,-2.98702890],[57.12931937,-2.98703407],[57.12931990,-2.98703871],[57.12932097,-2.98704546],[57.12932260,-2.98705221],[57.12932424,-2.98705741],[57.12932811,-2.98706734],[57.12933527,-2.98708250],[57.12933956,-2.98710893],[57.12934539,-2.98715350],[57.12935565,-2.98720489],[57.12936279,-2.98722520],[57.12936441,-2.98723506],[57.12936713,-2.98724494],[57.12937034,-2.98726517],[57.12937136,-2.98727810],[57.12937183,-2.98728999],[57.12937286,-2.98730292],[57.12937150,-2.98733127],[57.12936958,-2.98736220],[57.12936652,-2.98739362],[57.12935816,-2.98745793],[57.12935457,-2.98748417],[57.12934397,-2.98754842],[57.12933013,-2.98759451],[57.12932725,-2.98760271],[57.12932551,-2.98761093],[57.12932262,-2.98762066],[57.12931910,-2.98764018],[57.12931790,-2.98764994],[57.12931726,-2.98766027],[57.12931607,-2.98766850],[57.12931585,-2.98769637],[57.12931692,-2.98770310],[57.12931740,-2.98771293],[57.12931900,-2.98772278],[57.12932006,-2.98773106],[57.12932282,-2.98773941],[57.12932443,-2.98774771],[57.12932496,-2.98775288],[57.12933030,-2.98778606],[57.12933411,-2.98780113],[57.12933892,-2.98783224],[57.12934429,-2.98786389],[57.12934853,-2.98789551],[57.12935268,-2.98794001],[57.12935552,-2.98800616],[57.12935701,-2.98803098],[57.12935795,-2.98805423],[57.12935765,-2.98809246],[57.12935643,-2.98810533],[57.12935632,-2.98811874],[57.12935565,-2.98813215],[57.12935388,-2.98814346],[57.12935153,-2.98815681],[57.12935094,-2.98816145],[57.12934915,-2.98817328],[57.12934625,-2.98818456],[57.12933878,-2.98820759],[57.12933410,-2.98823071],[57.12933224,-2.98825338],[57.12933523,-2.98830147],[57.12934108,-2.98834137],[57.12935188,-2.98839793],[57.12935240,-2.98840261],[57.12935348,-2.98840779],[57.12935324,-2.98843774],[57.12935207,-2.98844388],[57.12934859,-2.98845878],[57.12934104,-2.98849007],[57.12932713,-2.98854443],[57.12931511,-2.98857353],[57.12931043,-2.98859819],[57.12930252,-2.98867593],[57.12929720,-2.98870883],[57.12927929,-2.98877237],[57.12926544,-2.98882003],[57.12924641,-2.98888252],[57.12924052,-2.98891850],[57.12923933,-2.98899797],[57.12923984,-2.98900469],[57.12923967,-2.98902586],[57.12923765,-2.98906866],[57.12923579,-2.98909029],[57.12923574,-2.98909700],[57.12923396,-2.98910987],[57.12923273,-2.98912325],[57.12923094,-2.98913664],[57.12922802,-2.98914946],[57.12922512,-2.98916126],[57.12922340,-2.98916741],[57.12922049,-2.98917921],[57.12921591,-2.98919043],[57.12921245,-2.98920221],[57.12920788,-2.98921190],[57.12919581,-2.98924618],[57.12920142,-2.98931914],[57.12920136,-2.98932583],[57.12920235,-2.98934393],[57.12920220,-2.98936200],[57.12920094,-2.98938004],[57.12920088,-2.98938675],[57.12920022,-2.98940016],[57.12919901,-2.98941148],[57.12919722,-2.98942486],[57.12919544,-2.98943616],[57.12919311,-2.98944592],[57.12918788,-2.98946901],[57.12918387,-2.98948027],[57.12918042,-2.98949050],[57.12916326,-2.98952926],[57.12914262,-2.98958191],[57.12913619,-2.98961478],[57.12913577,-2.98966898],[57.12913095,-2.98971014],[57.12911644,-2.98976966],[57.12910250,-2.98982864],[57.12909300,-2.98989294],[57.12908697,-2.98994699],[57.12907396,-2.99002924],[57.12907075,-2.99008026],[57.12907636,-2.99015167],[57.12907908,-2.99016154],[57.12908038,-2.99021270],[57.12902817,-2.99085045],[57.12902757,-2.99085460],[57.12901197,-2.99091148],[57.12900846,-2.99092791],[57.12900442,-2.99094277],[57.12899520,-2.99097247],[57.12899004,-2.99098524],[57.12898602,-2.99099699],[57.12898145,-2.99100669],[57.12897631,-2.99101636],[57.12895530,-2.99104731],[57.12894053,-2.99106808],[57.12893768,-2.99107316],[57.12892855,-2.99109254],[57.12892623,-2.99110074],[57.12892221,-2.99111249],[57.12891875,-2.99112377],[57.12891586,-2.99113555],[57.12891694,-2.99121148],[57.12892195,-2.99128751],[57.12891824,-2.99140306],[57.12890846,-2.99150193],[57.12888984,-2.99158405],[57.12881623,-2.99180510],[57.12862789,-2.99232875],[57.12857744,-2.99245956],[57.12854998,-2.99252491],[57.12853168,-2.99256573],[57.12851175,-2.99281301],[57.12850642,-2.99292025],[57.12849671,-2.99301086],[57.12848265,-2.99308483],[57.12843637,-2.99325706],[57.12841775,-2.99333917],[57.12841292,-2.99338034],[57.12841663,-2.99347958],[57.12841174,-2.99352900],[57.12840237,-2.99357831],[57.12838408,-2.99361912],[57.12836142,-2.99364330],[57.12834768,-2.99367597],[57.12834294,-2.99370889],[57.12834657,-2.99381637],[57.12835465,-2.99393223],[57.12834904,-2.99407251],[57.12833941,-2.99415488],[57.12832092,-2.99422045],[57.12828420,-2.99431859],[57.12827475,-2.99437616],[57.12827429,-2.99443397],[57.12827814,-2.99451668],[57.12826388,-2.99461542],[57.12824526,-2.99469753],[57.12823568,-2.99477162],[57.12824316,-2.99496181],[57.12824667,-2.99508581],[57.12824641,-2.99511884],[57.12823202,-2.99523410],[57.12822680,-2.99532483],[57.12822198,-2.99536600],[57.12818540,-2.99544763],[57.12816665,-2.99554625],[57.12815739,-2.99557904],[57.12810239,-2.99571799],[57.12804307,-2.99583205],[57.12800649,-2.99591367],[57.12795571,-2.99608578],[57.12792362,-2.99616752],[57.12789165,-2.99623274],[57.12785029,-2.99628015],[57.12782818,-2.99630538],[57.12780996,-2.99633793],[57.12777753,-2.99646097],[57.12772278,-2.99656688],[57.12770416,-2.99664899],[57.12768091,-2.99674749],[57.12763958,-2.99686202],[57.12760298,-2.99694364],[57.12750279,-2.99711441],[57.12743893,-2.99723660],[57.12738445,-2.99730948],[57.12737071,-2.99734215],[57.12735690,-2.99738308],[57.12735216,-2.99741600],[57.12735143,-2.99750684],[57.12734642,-2.99757279],[57.12733710,-2.99761384],[57.12733248,-2.99763024],[57.12730052,-2.99769546],[57.12730046,-2.99769565],[57.12729120,-2.99773651],[57.12727714,-2.99781047],[57.12727635,-2.99790957],[57.12727139,-2.99796726],[57.12725284,-2.99804111],[57.12722529,-2.99811471],[57.12718872,-2.99819633],[57.12712504,-2.99829374],[57.12710246,-2.99830965],[57.12707082,-2.99833358],[57.12704368,-2.99835763],[57.12700266,-2.99843087],[57.12697050,-2.99852086],[57.12695227,-2.99855341],[57.12691159,-2.99858536],[57.12686667,-2.99858415],[57.12682162,-2.99859946],[57.12661350,-2.99878384],[57.12652739,-2.99888064],[57.12649957,-2.99898727],[57.12648023,-2.99916021],[57.12645640,-2.99933303],[57.12642358,-2.99950561],[57.12640971,-2.99955480],[57.12638679,-2.99961200],[57.12619911,-2.99997865],[57.12619057,-2.99999494],[57.12614010,-3.00012574],[57.12602076,-3.00044466],[57.12595175,-3.00064930],[57.12589686,-3.00077172],[57.12586939,-3.00083705],[57.12585374,-3.00086498],[57.12594565,-3.00092409],[57.12754080,-3.00230641],[57.12767725,-3.00259587],[57.12788819,-3.00297313],[57.12821725,-3.00344099],[57.12841297,-3.00423310],[57.12875287,-3.00483243],[57.12908297,-3.00516922],[57.12953174,-3.00553109],[57.12992092,-3.00591320],[57.13006230,-3.00607004],[57.13027019,-3.00594511],[57.13101471,-3.00542585],[57.13206742,-3.00467782],[57.13312924,-3.00391347],[57.13425862,-3.00312612],[57.13471060,-3.00278308],[57.13471276,-3.00278294],[57.13493760,-3.00276899],[57.13573087,-3.00271978],[57.13655187,-3.00267671],[57.13667386,-3.00257376],[57.13733164,-3.00196987],[57.13767166,-3.00158245],[57.13789878,-3.00126783],[57.13801744,-3.00110335],[57.13829924,-3.00062440],[57.13844025,-3.00040511],[57.13843659,-3.00037408],[57.13888311,-2.99994745],[57.13971983,-2.99935787],[57.14030595,-2.99889267],[57.14099797,-2.99856151],[57.14197432,-2.99834730],[57.14306163,-2.99763317],[57.14416185,-2.99678816],[57.14474024,-2.99579790],[57.14557563,-2.99387425],[57.14676441,-2.99084478],[57.14709079,-2.99015375],[57.14778090,-2.98855399],[57.14896088,-2.98691067],[57.14898267,-2.98688033],[57.15019077,-2.98439759],[57.15097296,-2.98317181],[57.15173207,-2.98185789],[57.15261101,-2.98041588],[57.15357706,-2.97847306],[57.15433389,-2.97744323],[57.15466087,-2.97666448],[57.15532993,-2.97622279],[57.15574653,-2.97614629],[57.15652236,-2.97572927],[57.15685492,-2.97575990],[57.15809420,-2.97535507],[57.16006924,-2.97510082],[57.16136030,-2.97415041],[57.16144889,-2.97192144],[57.16156381,-2.97089631],[57.16172540,-2.96998176],[57.16191992,-2.96941809],[57.16218964,-2.96835323],[57.16277168,-2.96685899],[57.16333862,-2.96577996],[57.16374922,-2.96493747],[57.16413610,-2.96429531],[57.16418101,-2.96417864],[57.16419420,-2.96402435],[57.16417606,-2.96378085],[57.16414672,-2.96343397],[57.16413996,-2.96327178],[57.16419919,-2.96285354],[57.16424579,-2.96251600],[57.16425993,-2.96223653],[57.16427065,-2.96188333],[57.16430513,-2.96156020],[57.16437223,-2.96115690],[57.16447884,-2.96082090],[57.16459343,-2.96048511],[57.16468679,-2.96031078],[57.16485216,-2.96013834],[57.16508113,-2.96001907],[57.16535005,-2.95990821],[57.16564285,-2.95981268],[57.16585570,-2.95970773],[57.16597470,-2.95961282],[57.16605115,-2.95948224],[57.16610383,-2.95931948],[57.16620134,-2.95912631],[57.16631589,-2.95894621],[57.16643382,-2.95877250],[57.16654499,-2.95858600],[57.16670131,-2.95832491],[57.16681257,-2.95812578],[57.16690356,-2.95788824],[57.16695349,-2.95763703],[57.16703500,-2.95729192],[57.16710975,-2.95693403],[57.16717083,-2.95656945],[57.16720328,-2.95636197],[57.16723354,-2.95599029],[57.16724633,-2.95566236],[57.16727568,-2.95541061],[57.16730513,-2.95514622],[57.16730986,-2.95497588],[57.16767487,-2.95361885],[57.16791129,-2.95222467],[57.16804836,-2.94982147],[57.16815385,-2.94687047],[57.16841875,-2.94484244],[57.16869713,-2.94259595],[57.16901112,-2.94035032],[57.16919837,-2.93915169],[57.16946276,-2.93876454],[57.16964807,-2.93890397],[57.16980150,-2.93907481],[57.16992935,-2.93909770],[57.17000988,-2.93903098],[57.17022359,-2.93898731],[57.17040501,-2.93898209],[57.17066118,-2.93896893],[57.17090119,-2.93897502],[57.17106646,-2.93898903],[57.17128002,-2.93896499],[57.17155197,-2.93898171],[57.17177585,-2.93900702],[57.17195134,-2.93908021],[57.17210616,-2.93906450],[57.17223358,-2.93914630],[57.17243523,-2.93928892],[57.17260474,-2.93945035],[57.17275334,-2.93955234],[57.17295500,-2.93969494],[57.17312005,-2.93973842],[57.17326413,-2.93973226],[57.17337066,-2.93975460],[57.17354637,-2.93979835],[57.17377543,-2.93984344],[57.17393507,-2.93989661],[57.17412708,-2.93990148],[57.17443674,-2.93987005],[57.17451674,-2.93987208],[57.17470808,-2.93996534],[57.17483580,-2.94000787],[57.17502175,-2.94011081],[57.17532554,-2.94014799],[57.17557082,-2.94016404],[57.17585285,-2.94025959],[57.17607715,-2.94022601],[57.17619968,-2.94024876],[57.17627347,-2.94036849],[57.17650786,-2.94041373],[57.17672098,-2.94044863],[57.17699826,-2.94046548],[57.17738096,-2.94065201],[57.17918856,-2.94076669],[57.18018100,-2.94074280],[57.18084734,-2.94080884],[57.18114554,-2.94159249],[57.18148011,-2.94250476],[57.18203057,-2.94450317],[57.18290347,-2.94760034],[57.18404315,-2.94927018],[57.18615302,-2.95243876],[57.18627947,-2.95263358],[57.18720792,-2.95456671],[57.18726391,-2.95452845],[57.18755171,-2.95439671],[57.18864541,-2.95388711],[57.18864947,-2.95388523],[57.18871222,-2.95385571],[57.18893215,-2.95375219],[57.19153731,-2.95547226],[57.19159642,-2.95549576],[57.19187793,-2.95555751],[57.19293715,-2.95580001],[57.19304250,-2.95591105],[57.19392014,-2.95683622],[57.19440954,-2.95696574],[57.19460285,-2.95655474],[57.19494492,-2.95533745],[57.19554742,-2.95425823],[57.19561800,-2.95408034],[57.19636396,-2.95295017],[57.19712777,-2.95112763],[57.19776484,-2.94953203],[57.19876730,-2.94841321],[57.19886588,-2.94833621],[57.19965337,-2.94773816],[57.20064969,-2.94822428],[57.20126934,-2.94893107],[57.20188725,-2.94986816],[57.20299109,-2.95266027],[57.20384748,-2.95405153],[57.20368452,-2.95414923],[57.20425837,-2.95517466],[57.20429071,-2.95526127],[57.20544751,-2.96020800],[57.20545010,-2.96035096],[57.20548255,-2.96071430],[57.20552357,-2.96111033],[57.20555605,-2.96146826],[57.20559773,-2.96177773],[57.20565350,-2.96216334],[57.20572424,-2.96251144],[57.20577827,-2.96274008],[57.20578889,-2.96288644],[57.20578641,-2.96321102],[57.20584494,-2.96361832],[57.20587466,-2.96395454],[57.20587821,-2.96425762],[57.20587676,-2.96444696],[57.20589410,-2.96486402],[57.20593431,-2.96536284],[57.20594071,-2.96567680],[57.20595306,-2.96598011],[57.20596424,-2.96643489],[57.20598590,-2.96667352],[57.20604743,-2.96707010],[57.20608041,-2.96736314],[57.20612295,-2.96755903],[57.20627518,-2.96838000],[57.20687619,-2.97153932],[57.20696808,-2.97180686],[57.20706275,-2.97278379],[57.20771940,-2.97394001],[57.20862047,-2.97575981],[57.20923906,-2.97722178],[57.20974357,-2.97806747],[57.21015471,-2.97869165],[57.21071589,-2.97988935],[57.21107145,-2.98154164],[57.21126815,-2.98222590],[57.21242522,-2.98017561],[57.21506147,-2.97781380],[57.21570658,-2.97739272],[57.21724798,-2.97558220],[57.21813424,-2.97471828],[57.21816659,-2.97437953],[57.21828074,-2.97421824],[57.21879029,-2.97365106],[57.21969368,-2.97364199],[57.22138216,-2.97327504],[57.22140217,-2.97327068],[57.22195407,-2.97337286],[57.22276188,-2.97419392],[57.22293961,-2.97426433],[57.22301216,-2.97428787],[57.22456946,-2.97499380],[57.22655828,-2.97642904],[57.22677283,-2.97656723],[57.22683137,-2.97660492],[57.22877565,-2.97785726],[57.22891757,-2.97794868],[57.22917017,-2.97811141],[57.23111384,-2.98019572],[57.23165020,-2.98135402],[57.23233552,-2.98263248],[57.23238462,-2.98270347],[57.23244487,-2.98279796],[57.23292418,-2.98354632],[57.23321889,-2.98400315],[57.23342391,-2.98432506],[57.23370975,-2.98476676],[57.23394406,-2.98513419],[57.23409489,-2.98537680],[57.23409677,-2.98537726],[57.23413841,-2.98538744],[57.23442220,-2.98545677],[57.23456661,-2.98548713],[57.23456979,-2.98549113],[57.23463652,-2.98557494],[57.23470274,-2.98565811],[57.23491090,-2.98592213],[57.23510571,-2.98617089],[57.23529696,-2.98641459],[57.23548642,-2.98665824],[57.23568123,-2.98690700],[57.23586179,-2.98713882],[57.23603523,-2.98736217],[57.23621316,-2.98758730],[57.23636175,-2.98777187],[57.23674166,-2.98824598],[57.23694009,-2.98848989],[57.23713490,-2.98873867],[57.23731104,-2.98896045],[57.23740886,-2.98908900],[57.23752274,-2.98923124],[57.23779758,-2.98958491],[57.23795857,-2.98979137],[57.23812935,-2.99000970],[57.23822351,-2.99012729],[57.23888383,-2.99180536],[57.23924034,-2.99284864],[57.23959829,-2.99389615],[57.24046806,-2.99588161],[57.24170106,-2.99926907],[57.24273527,-3.00223482],[57.24277232,-3.00238593],[57.24290410,-3.00278292],[57.24311394,-3.00321414],[57.24337926,-3.00378337],[57.24361060,-3.00424731],[57.24369603,-3.00445036],[57.24407502,-3.00495847],[57.24447133,-3.00547509],[57.24475112,-3.00586810],[57.24499641,-3.00622005],[57.24529692,-3.00674211],[57.24551584,-3.00712545],[57.24576886,-3.00759805],[57.24596940,-3.00810137],[57.24663913,-3.00925985],[57.24688473,-3.00957169],[57.24741401,-3.01195494],[57.24766521,-3.01265240],[57.24796992,-3.01319073],[57.24831937,-3.01357772],[57.24856267,-3.01363258],[57.24876507,-3.01390312],[57.24892408,-3.01415643],[57.24909237,-3.01433773],[57.24932420,-3.01473757],[57.24954328,-3.01509693],[57.24987045,-3.01554759],[57.25008745,-3.01562583],[57.25087357,-3.01637823],[57.25108986,-3.01654479],[57.25175406,-3.01730190],[57.25235896,-3.01785664],[57.25560776,-3.01748310],[57.25672722,-3.01757975],[57.25753492,-3.01764589],[57.25865264,-3.01758897],[57.26007032,-3.01755129],[57.26147783,-3.01738655],[57.26149214,-3.01737756],[57.26161644,-3.01739629],[57.26166399,-3.01743071],[57.26190060,-3.01756884],[57.26243325,-3.02043077],[57.26245869,-3.02056744],[57.26294781,-3.02326810],[57.26308037,-3.02377629],[57.26314677,-3.02389551],[57.26315891,-3.02392170],[57.26329169,-3.02416582],[57.26337084,-3.02437528],[57.26341515,-3.02445113],[57.26346408,-3.02451052],[57.26349947,-3.02457783],[57.26352138,-3.02464477],[57.26356045,-3.02481167],[57.26357352,-3.02486177],[57.26360449,-3.02492067],[57.26363994,-3.02497969],[57.26367996,-3.02503055],[57.26379136,-3.02514142],[57.26380463,-3.02516666],[57.26382226,-3.02520861],[57.26384826,-3.02532540],[57.26387473,-3.02538417],[57.26390134,-3.02542637],[57.26393251,-3.02546040],[57.26396817,-3.02549455],[57.26398238,-3.02550247],[57.26399947,-3.02551200],[57.26407583,-3.02551412],[57.26409815,-3.02553133],[57.26413837,-3.02555732],[57.26416953,-3.02559135],[57.26419607,-3.02564183],[57.26426651,-3.02581790],[57.26432416,-3.02591070],[57.26434641,-3.02593619],[57.26442705,-3.02596331],[57.26445379,-3.02598892],[57.26449374,-3.02604807],[57.26453396,-3.02607406],[57.26459657,-3.02610897],[57.26471327,-3.02612050],[57.26474457,-3.02613795],[57.26478030,-3.02616382],[57.26481140,-3.02620614],[57.26483801,-3.02624834],[57.26485564,-3.02629028],[57.26486421,-3.02634027],[57.26486830,-3.02639013],[57.26487708,-3.02641524],[57.26489021,-3.02645707],[57.26490348,-3.02648231],[57.26492138,-3.02649110],[57.26493485,-3.02649147],[57.26497099,-3.02646760],[57.26502039,-3.02646898],[57.26506074,-3.02647839],[57.26509654,-3.02649597],[57.26512771,-3.02653000],[57.26513655,-3.02654683],[57.26519345,-3.02673082],[57.26521121,-3.02675619],[57.26522911,-3.02676497],[57.26525157,-3.02676560],[57.26528763,-3.02675002],[57.26534642,-3.02670191],[57.26536446,-3.02669412],[57.26538684,-3.02670303],[57.26541366,-3.02672036],[57.26544925,-3.02676281],[57.26547136,-3.02680488],[57.26552397,-3.02696388],[57.26554609,-3.02700595],[57.26557726,-3.02703998],[57.26561292,-3.02707414],[57.26563973,-3.02709147],[57.26568451,-3.02710930],[57.26581924,-3.02711305],[57.26595820,-3.02715008],[57.26599862,-3.02715121],[57.26611117,-3.02712117],[57.26615602,-3.02713071],[57.26618739,-3.02713988],[57.26620964,-3.02716537],[57.26624489,-3.02724927],[57.26626259,-3.02728292],[57.26628049,-3.02729171],[57.26630737,-3.02730075],[57.26633887,-3.02729334],[57.26636153,-3.02726910],[57.26638426,-3.02723656],[57.26641141,-3.02721244],[57.26644285,-3.02721332],[57.26646517,-3.02723052],[57.26649178,-3.02727272],[57.26650947,-3.02730638],[57.26652261,-3.02734820],[57.26654010,-3.02740673],[57.26654371,-3.02751462],[57.26656140,-3.02754828],[57.26657474,-3.02756523],[57.26665082,-3.02760052],[57.26667777,-3.02760127],[57.26670907,-3.02761872],[57.26675351,-3.02767800],[57.26679828,-3.02769583],[57.26682530,-3.02768829],[57.26686143,-3.02766442],[57.26690634,-3.02766567],[57.26693772,-3.02767484],[57.26695561,-3.02768363],[57.26696895,-3.02770058],[57.26697331,-3.02771729],[57.26699059,-3.02780069],[57.26701686,-3.02788433],[57.26708730,-3.02806042],[57.26711384,-3.02811091],[57.26715372,-3.02817835],[57.26718040,-3.02821226],[57.26720721,-3.02822959],[57.26722960,-3.02823851],[57.26727002,-3.02823963],[57.26731071,-3.02820760],[57.26739175,-3.02818498],[57.26740979,-3.02817720],[57.26744612,-3.02812846],[57.26747783,-3.02809618],[57.26750934,-3.02808876],[57.26754527,-3.02808976],[57.26757664,-3.02809893],[57.26759447,-3.02811601],[57.26763911,-3.02815042],[57.26769695,-3.02821836],[57.26773717,-3.02824436],[57.26777303,-3.02825365],[57.26783605,-3.02823882],[57.26788981,-3.02825691],[57.26791682,-3.02824937],[57.26793036,-3.02824145],[57.26795758,-3.02820904],[57.26796663,-3.02820100],[57.26800705,-3.02820213],[57.26806081,-3.02822021],[57.26810994,-3.02825475],[57.26814111,-3.02828878],[57.26815452,-3.02829745],[57.26816799,-3.02829783],[57.26820412,-3.02827396],[57.26834457,-3.02812862],[57.26841684,-3.02808088],[57.26846175,-3.02808213],[57.26848863,-3.02809117],[57.26851538,-3.02811679],[57.26855097,-3.02815925],[57.26858663,-3.02819341],[57.26861806,-3.02819428],[57.26865896,-3.02813738],[57.26868169,-3.02810484],[57.26869523,-3.02809693],[57.26870870,-3.02809731],[57.26872660,-3.02810610],[57.26873551,-3.02811464],[57.26874802,-3.02813843],[57.26875023,-3.02824375],[57.26875668,-3.02827277],[57.26877860,-3.02833972],[57.26879636,-3.02836509],[57.26885440,-3.02840817],[57.26886774,-3.02842512],[57.26889884,-3.02846745],[57.26891647,-3.02850940],[57.26892974,-3.02853465],[57.26893865,-3.02854319],[57.26896104,-3.02855210],[57.26898350,-3.02855273],[57.26900609,-3.02853678],[57.26905603,-3.02847183],[57.26908312,-3.02845600],[57.26910571,-3.02844005],[57.26912810,-3.02844897],[57.26915498,-3.02845801],[57.26917737,-3.02846692],[57.26920894,-3.02845122],[57.26923153,-3.02843526],[57.26925882,-3.02839456],[57.26927250,-3.02837007],[57.26930407,-3.02835437],[57.26932197,-3.02836316],[57.26933537,-3.02837182],[57.26934864,-3.02839707],[57.26936185,-3.02843060],[57.26937927,-3.02849743],[57.26939567,-3.02868860],[57.26940432,-3.02873030],[57.26942636,-3.02878067],[57.26944413,-3.02880604],[57.26946645,-3.02882325],[57.26958329,-3.02881822],[57.26966392,-3.02884534],[57.26973558,-3.02887222],[57.26981636,-3.02888276],[57.26988332,-3.02893438],[57.26992816,-3.02894392],[57.26995069,-3.02893626],[57.26998240,-3.02890398],[57.27002336,-3.02883878],[57.27005956,-3.02880662],[57.27007753,-3.02880712],[57.27013550,-3.02885849],[57.27018001,-3.02890949],[57.27019341,-3.02891815],[57.27021594,-3.02891049],[57.27023860,-3.02888624],[57.27025234,-3.02885346],[57.27028895,-3.02877156],[57.27031161,-3.02874731],[57.27033876,-3.02872319],[57.27035230,-3.02871528],[57.27035197,-3.02875673],[57.27035383,-3.02876273],[57.27038897,-3.02884942],[57.27041825,-3.02889125],[57.27046731,-3.02893408],[57.27053849,-3.02901899],[57.27060518,-3.02910378],[57.27063642,-3.02912952],[57.27067228,-3.02913882],[57.27072631,-3.02912374],[57.27074897,-3.02909949],[57.27079885,-3.02904284],[57.27087629,-3.02891232],[57.27090813,-3.02886345],[57.27093072,-3.02884750],[57.27103422,-3.02882551],[57.27105682,-3.02880955],[57.27106144,-3.02879310],[57.27107519,-3.02876031],[57.27108887,-3.02873581],[57.27111602,-3.02871169],[57.27112956,-3.02870378],[57.27114718,-3.02874573],[57.27119115,-3.02886305],[57.27120877,-3.02890501],[57.27123096,-3.02893880],[57.27125770,-3.02896442],[57.27128894,-3.02899017],[57.27130683,-3.02899896],[57.27136066,-3.02900875],[57.27146797,-3.02906980],[57.27150819,-3.02909580],[57.27153051,-3.02911300],[57.27163857,-3.02908285],[57.27166096,-3.02909176],[57.27168328,-3.02910897],[57.27170111,-3.02912605],[57.27172724,-3.02922630],[57.27174494,-3.02925996],[57.27176719,-3.02928546],[57.27179393,-3.02931108],[57.27191492,-3.02934763],[57.27195514,-3.02937363],[57.27199087,-3.02939950],[57.27201754,-3.02943342],[57.27202639,-3.02945025],[57.27205729,-3.02951745],[57.27209227,-3.02963453],[57.27212323,-3.02969344],[57.27214548,-3.02971894],[57.27227103,-3.02974732],[57.27235616,-3.02977458],[57.27238304,-3.02978362],[57.27246300,-3.02989366],[57.27248532,-3.02991087],[57.27253030,-3.02990383],[57.27256637,-3.02988825],[57.27259345,-3.02987242],[57.27262516,-3.02984014],[57.27267041,-3.02979994],[57.27269294,-3.02979227],[57.27270185,-3.02980081],[57.27271070,-3.02981765],[57.27271022,-3.02987568],[57.27265524,-3.03000683],[57.27264599,-3.03003975],[57.27264122,-3.03007279],[57.27264966,-3.03013936],[57.27265402,-3.03015607],[57.27266729,-3.03018132],[57.27268069,-3.03018999],[57.27279304,-3.03018483],[57.27283809,-3.03016950],[57.27286973,-3.03014551],[57.27288321,-3.03014589],[57.27289212,-3.03015443],[57.27289647,-3.03017113],[57.27289627,-3.03019601],[57.27289144,-3.03023734],[57.27289974,-3.03032050],[57.27289927,-3.03037853],[57.27286082,-3.03053121],[57.27285448,-3.03060817],[57.27285225,-3.03063430],[57.27285654,-3.03065930],[57.27286981,-3.03068455],[57.27289662,-3.03070188],[57.27291458,-3.03070239],[57.27293268,-3.03068630],[57.27294629,-3.03067010],[57.27296004,-3.03063731],[57.27297372,-3.03061282],[57.27307279,-3.03058241],[57.27309974,-3.03058316],[57.27310367,-3.03058445],[57.27316020,-3.03063176],[57.27317984,-3.03067662],[57.27319277,-3.03074333],[57.27320998,-3.03083503],[57.27322666,-3.03099307],[57.27326538,-3.03120147],[57.27328280,-3.03126830],[57.27332717,-3.03133589],[57.27334928,-3.03137797],[57.27337990,-3.03147834],[57.27339270,-3.03156163],[57.27342672,-3.03179479],[57.27343550,-3.03181991],[57.27344441,-3.03182845],[57.27347123,-3.03184579],[57.27350266,-3.03184667],[57.27356112,-3.03184001],[57.27359249,-3.03184918],[57.27361937,-3.03185823],[57.27364162,-3.03188373],[57.27371239,-3.03201840],[57.27373886,-3.03207719],[57.27376071,-3.03215244],[57.27376935,-3.03219414],[57.27377350,-3.03223573],[57.27373587,-3.03244200],[57.27366176,-3.03271360],[57.27362964,-3.03279563],[57.27362032,-3.03283683],[57.27361535,-3.03289474],[57.27361514,-3.03291962],[57.27361950,-3.03293633],[57.27362835,-3.03295316],[57.27365522,-3.03296221],[57.27370014,-3.03296346],[57.27374069,-3.03294801],[57.27379894,-3.03296623],[57.27383923,-3.03298394],[57.27387938,-3.03301824],[57.27389721,-3.03303533],[57.27391490,-3.03306899],[57.27394089,-3.03318583],[57.27394491,-3.03324399],[57.27393980,-3.03331849],[57.27393960,-3.03334336],[57.27394361,-3.03340152],[57.27395246,-3.03341836],[57.27397491,-3.03341899],[57.27401581,-3.03336208],[57.27406120,-3.03330530],[57.27408828,-3.03328947],[57.27411986,-3.03327377],[57.27413326,-3.03328244],[57.27413776,-3.03328256],[57.27415103,-3.03330782],[57.27415524,-3.03334111],[57.27415497,-3.03337427],[57.27414993,-3.03344048],[57.27411264,-3.03360529],[57.27411203,-3.03367992],[57.27415109,-3.03384687],[57.27417735,-3.03393054],[57.27420368,-3.03400592],[57.27423907,-3.03407326],[57.27427010,-3.03412389],[57.27431453,-3.03418318],[57.27437693,-3.03424299],[57.27440803,-3.03428532],[57.27442130,-3.03431058],[57.27442559,-3.03433558],[57.27442497,-3.03441020],[57.27441987,-3.03448469],[57.27441497,-3.03453432],[57.27442354,-3.03458431],[57.27444967,-3.03468457],[57.27446184,-3.03484248],[57.27447388,-3.03501698],[57.27449103,-3.03511698],[57.27449940,-3.03519185],[57.27449844,-3.03530793],[57.27450667,-3.03539939],[57.27451525,-3.03544939],[57.27454614,-3.03551660],[57.27455457,-3.03558318],[57.27455831,-3.03567451],[57.27457981,-3.03579122],[57.27458390,-3.03584110],[57.27458349,-3.03589084],[57.27454612,-3.03606395],[57.27454585,-3.03609712],[57.27455013,-3.03612212],[57.27456769,-3.03617237],[57.27458538,-3.03620604],[57.27466533,-3.03631610],[57.27473202,-3.03640091],[57.27477223,-3.03642692],[57.27490677,-3.03645558],[57.27495617,-3.03645697],[57.27497856,-3.03646589],[57.27500081,-3.03649139],[57.27501414,-3.03650836],[57.27502292,-3.03653348],[57.27502272,-3.03655836],[57.27501795,-3.03659140],[57.27501312,-3.03663273],[57.27510552,-3.03686754],[57.27511893,-3.03687621],[57.27515465,-3.03690209],[57.27519500,-3.03691152],[57.27520841,-3.03692019],[57.27522168,-3.03694544],[57.27523923,-3.03699570],[57.27524787,-3.03703741],[57.27526052,-3.03713729],[57.27527290,-3.03727033],[57.27528583,-3.03733704],[57.27530332,-3.03739559],[57.27530958,-3.03740936],[57.27535615,-3.03748790],[57.27535646,-3.03748831],[57.27538320,-3.03751394],[57.27545935,-3.03754096],[57.27557584,-3.03757741],[57.27572351,-3.03764792],[57.27582646,-3.03769228],[57.27588008,-3.03772696],[57.27591132,-3.03775272],[57.27596895,-3.03784557],[57.27601311,-3.03793804],[57.27603094,-3.03795513],[57.27604883,-3.03796393],[57.27608020,-3.03797311],[57.27609823,-3.03796532],[57.27618826,-3.03794297],[57.27620167,-3.03795164],[57.27621501,-3.03796861],[57.27622385,-3.03798544],[57.27622814,-3.03801044],[57.27622786,-3.03804361],[57.27619104,-3.03815039],[57.27618179,-3.03818331],[57.27618587,-3.03823318],[57.27619458,-3.03826660],[57.27620778,-3.03830015],[57.27622996,-3.03833395],[57.27627895,-3.03838509],[57.27631025,-3.03840256],[57.27633713,-3.03841161],[57.27639565,-3.03839667],[57.27649909,-3.03838299],[57.27652168,-3.03836704],[57.27658075,-3.03828577],[57.27659429,-3.03827785],[57.27660756,-3.03830311],[57.27661178,-3.03833640],[57.27661572,-3.03840286],[57.27662443,-3.03843628],[57.27663321,-3.03846141],[57.27664648,-3.03848667],[57.27667764,-3.03852072],[57.27671786,-3.03854673],[57.27676263,-3.03856458],[57.27682544,-3.03857464],[57.27686566,-3.03860066],[57.27690138,-3.03862654],[57.27695922,-3.03869452],[57.27700358,-3.03876212],[57.27702107,-3.03882067],[57.27703114,-3.03885264],[57.27708955,-3.03892576],[57.27718594,-3.03898290],[57.27720819,-3.03900841],[57.27723915,-3.03906734],[57.27726555,-3.03913443],[57.27729610,-3.03924311],[57.27731828,-3.03927691],[57.27734488,-3.03931913],[57.27737169,-3.03933648],[57.27739857,-3.03934553],[57.27747043,-3.03934755],[57.27749275,-3.03936477],[57.27750602,-3.03939003],[57.27752364,-3.03943199],[57.27752793,-3.03945699],[57.27752779,-3.03947358],[57.27749124,-3.03954719],[57.27748185,-3.03959669],[57.27748600,-3.03963828],[57.27749021,-3.03967157],[57.27749899,-3.03969670],[57.27751675,-3.03972208],[57.27753458,-3.03973918],[57.27764264,-3.03970905],[57.27766510,-3.03970968],[57.27769184,-3.03973531],[57.27770061,-3.03976044],[57.27771326,-3.03986033],[57.27772190,-3.03990204],[57.27773524,-3.03991901],[57.27775735,-3.03996110],[57.27778852,-3.03999515],[57.27784207,-3.04003813],[57.27798544,-3.04008365],[57.27801225,-3.04010099],[57.27803001,-3.04012637],[57.27805641,-3.04019347],[57.27809118,-3.04033545],[57.27811253,-3.04046876],[57.27818744,-3.04064505],[57.27832413,-3.04095579],[57.27835053,-3.04102288],[57.27837244,-3.04108986],[57.27838543,-3.04114828],[57.27839393,-3.04120658],[57.27839815,-3.04123988],[57.27839760,-3.04130621],[57.27839249,-3.04138072],[57.27836880,-3.04152934],[57.27835913,-3.04161201],[57.27835865,-3.04167006],[57.27836279,-3.04171164],[57.27838892,-3.04181191],[57.27840647,-3.04186217],[57.27842423,-3.04188756],[57.27845104,-3.04190490],[57.27848247,-3.04190579],[57.27854991,-3.04189940],[57.27860387,-3.04189263],[57.27865321,-3.04190232],[57.27869805,-3.04191188],[57.27877406,-3.04195550],[57.27881863,-3.04199823],[57.27885871,-3.04204083],[57.27897410,-3.04220998],[57.27897821,-3.04222577],[57.27899123,-3.04231180],[57.27899121,-3.04231361],[57.27894101,-3.04242572],[57.27891821,-3.04244893],[57.27888201,-3.04248109],[57.27884594,-3.04249665],[57.27878735,-3.04251988],[57.27874223,-3.04254349],[57.27872413,-3.04255957],[57.27871038,-3.04259235],[57.27869649,-3.04264173],[57.27869581,-3.04272465],[57.27869104,-3.04275769],[57.27865456,-3.04282301],[57.27855908,-3.04296131],[57.27841371,-3.04315626],[57.27834579,-3.04322069],[57.27833211,-3.04324519],[57.27832285,-3.04327810],[57.27831788,-3.04333602],[57.27831767,-3.04336090],[57.27832652,-3.04337774],[57.27833543,-3.04338628],[57.27837143,-3.04337901],[57.27843458,-3.04334762],[57.27847072,-3.04332376],[57.27849324,-3.04331610],[57.27852454,-3.04333357],[57.27853788,-3.04335054],[57.27856828,-3.04347581],[57.27857678,-3.04353411],[57.27857603,-3.04362533],[57.27857119,-3.04366666],[57.27855737,-3.04370774],[57.27853444,-3.04376515],[57.27848890,-3.04383851],[57.27840288,-3.04391902],[57.27831693,-3.04399123],[57.27826255,-3.04404775],[57.27823077,-3.04408832],[57.27820783,-3.04414573],[57.27818946,-3.04419498],[57.27818020,-3.04422789],[57.27817080,-3.04427739],[57.27817046,-3.04431885],[57.27817454,-3.04436873],[57.27818704,-3.04448520],[57.27818235,-3.04450995],[57.27817309,-3.04454286],[57.27815948,-3.04455907],[57.27814144,-3.04456685],[57.27809660,-3.04455729],[57.27805190,-3.04453114],[57.27793588,-3.04443662],[57.27783763,-3.04436748],[57.27781075,-3.04435843],[57.27778822,-3.04436608],[57.27777468,-3.04437399],[57.27775209,-3.04438994],[57.27773385,-3.04442260],[57.27766856,-3.04471104],[57.27764977,-3.04481004],[57.27762939,-3.04509975],[57.27761896,-3.04527363],[57.27760874,-3.04542263],[57.27758939,-3.04558796],[57.27757530,-3.04566221],[57.27754310,-3.04575253],[57.27751104,-3.04582626],[57.27747007,-3.04589145],[57.27743366,-3.04594848],[57.27739282,-3.04599708],[57.27735655,-3.04603752],[57.27730238,-3.04606916],[57.27725284,-3.04608435],[57.27720336,-3.04609124],[57.27715945,-3.04608322],[57.27710266,-3.04609291],[57.27709551,-3.04609647],[57.27708189,-3.04611267],[57.27707277,-3.04612900],[57.27706808,-3.04615375],[57.27706331,-3.04618679],[57.27708494,-3.04628693],[57.27711907,-3.04650354],[57.27714492,-3.04663697],[57.27714892,-3.04669515],[57.27714381,-3.04676964],[57.27713421,-3.04684402],[57.27711548,-3.04693472],[57.27709241,-3.04700871],[57.27706953,-3.04705782],[57.27704660,-3.04711523],[57.27702373,-3.04716434],[57.27700500,-3.04725504],[57.27699547,-3.04732112],[57.27699692,-3.04768609],[57.27699167,-3.04777717],[57.27698199,-3.04785984],[57.27696797,-3.04792579],[57.27695415,-3.04796687],[57.27693577,-3.04801611],[57.27692209,-3.04804060],[57.27684042,-3.04813780],[57.27681761,-3.04817863],[57.27674430,-3.04835071],[57.27672585,-3.04840824],[57.27671176,-3.04848249],[57.27670685,-3.04853211],[57.27670644,-3.04858186],[57.27671936,-3.04864858],[57.27673242,-3.04869871],[57.27675003,-3.04874068],[57.27684338,-3.04885945],[57.27690121,-3.04892744],[57.27692788,-3.04896138],[57.27694550,-3.04900335],[57.27695421,-3.04903677],[57.27695828,-3.04908665],[57.27695345,-3.04912798],[57.27694875,-3.04915273],[57.27692560,-3.04923501],[57.27689347,-3.04931703],[57.27686148,-3.04938247],[57.27682956,-3.04943962],[57.27678865,-3.04949651],[57.27676150,-3.04952062],[57.27670311,-3.04951896],[57.27659546,-3.04949931],[57.27654170,-3.04948119],[57.27651925,-3.04948055],[57.27650564,-3.04949675],[57.27646487,-3.04953706],[57.27641477,-3.04961857],[57.27636454,-3.04971667],[57.27632363,-3.04977356],[57.27629606,-3.04984742],[57.27627754,-3.04991324],[57.27625820,-3.05007856],[57.27624783,-3.05024414],[57.27623338,-3.05035984],[57.27620021,-3.05056624],[57.27618183,-3.05061548],[57.27616373,-3.05063155],[57.27612780,-3.05063053],[57.27611889,-3.05062198],[57.27610555,-3.05060501],[57.27608773,-3.05058792],[57.27606078,-3.05058715],[57.27604274,-3.05059493],[57.27603362,-3.05061126],[57.27601524,-3.05066049],[57.27600115,-3.05073474],[57.27599610,-3.05080094],[57.27599562,-3.05085898],[57.27599955,-3.05092544],[57.27602090,-3.05105875],[57.27602919,-3.05114192],[57.27602435,-3.05118325],[57.27601502,-3.05122445],[57.27600120,-3.05126553],[57.27595117,-3.05133874],[57.27594205,-3.05135507],[57.27592360,-3.05141260],[57.27590957,-3.05147855],[57.27588663,-3.05153595],[57.27583647,-3.05162575],[57.27581836,-3.05164182],[57.27578243,-3.05164080],[57.27576461,-3.05162370],[57.27569821,-3.05150570],[57.27567603,-3.05147189],[57.27565821,-3.05145480],[57.27563589,-3.05143757],[57.27560901,-3.05142851],[57.27557750,-3.05143591],[57.27556389,-3.05145211],[57.27555470,-3.05147673],[57.27554496,-3.05156768],[57.27554250,-3.05159257],[57.27558194,-3.05166734],[57.27558890,-3.05168504],[57.27560216,-3.05171030],[57.27561003,-3.05184322],[57.27562087,-3.05215868],[57.27562951,-3.05220040],[57.27563386,-3.05221711],[57.27565597,-3.05225921],[57.27566025,-3.05228421],[57.27566004,-3.05230908],[57.27564622,-3.05235016],[57.27562798,-3.05238281],[57.27560525,-3.05241534],[57.27557816,-3.05243115],[57.27551957,-3.05245436],[57.27544764,-3.05246060],[57.27539374,-3.05245906],[57.27537115,-3.05247500],[57.27534842,-3.05250753],[57.27534372,-3.05253228],[57.27534358,-3.05254886],[57.27535663,-3.05259899],[57.27539608,-3.05271623],[57.27547491,-3.05295899],[57.27549688,-3.05301767],[57.27556662,-3.05312250],[57.27567386,-3.05328729],[57.27569641,-3.05333023],[57.27571417,-3.05335561],[57.27575901,-3.05336519],[57.27585740,-3.05341776],[57.27593804,-3.05344494],[57.27611291,-3.05348311],[57.27613523,-3.05350034],[57.27616183,-3.05354256],[57.27617496,-3.05358441],[57.27618780,-3.05365942],[57.27619195,-3.05370100],[57.27618234,-3.05377537],[57.27618227,-3.05378366],[57.27620818,-3.05390881],[57.27627346,-3.05415949],[57.27628568,-3.05430912],[57.27629735,-3.05452509],[57.27630086,-3.05464130],[57.27630487,-3.05469947],[57.27633098,-3.05479974],[57.27635605,-3.05502439],[57.27635521,-3.05512389],[57.27634574,-3.05518167],[57.27634547,-3.05521484],[57.27636266,-3.05530656],[57.27638408,-3.05543158],[57.27638808,-3.05548975],[57.27638310,-3.05554767],[57.27638282,-3.05558083],[57.27641357,-3.05566465],[57.27649274,-3.05586597],[57.27650586,-3.05590781],[57.27651450,-3.05594953],[57.27651829,-3.05603257],[57.27651766,-3.05610720],[57.27650757,-3.05623961],[57.27648420,-3.05634676],[57.27647473,-3.05640454],[57.27647446,-3.05643771],[57.27650036,-3.05656286],[57.27652163,-3.05670446],[57.27652556,-3.05677092],[57.27652058,-3.05682884],[57.27651567,-3.05687846],[57.27650178,-3.05692782],[57.27646972,-3.05700155],[57.27645119,-3.05706737],[57.27644642,-3.05710040],[57.27645064,-3.05713370],[57.27646362,-3.05719213],[57.27649436,-3.05727595],[57.27652960,-3.05735989],[57.27656455,-3.05747701],[57.27657753,-3.05753544],[57.27658147,-3.05760190],[57.27658105,-3.05765165],[57.27657158,-3.05770943],[57.27655306,-3.05777525],[57.27645714,-3.05796326],[57.27642065,-3.05802856],[57.27640690,-3.05806134],[57.27639756,-3.05810254],[57.27639687,-3.05818546],[57.27641876,-3.05825244],[57.27645856,-3.05832822],[57.27655611,-3.05848031],[57.27659611,-3.05853122],[57.27663618,-3.05857384],[57.27669871,-3.05861710],[57.27673007,-3.05862629],[57.27677057,-3.05861916],[57.27681113,-3.05860374],[57.27685611,-3.05859674],[57.27687400,-3.05860554],[57.27689176,-3.05863094],[57.27690053,-3.05865607],[57.27690467,-3.05869766],[57.27690425,-3.05874741],[57.27689029,-3.05880506],[57.27683486,-3.05898594],[57.27682076,-3.05906017],[57.27681129,-3.05911796],[57.27681087,-3.05916771],[57.27682343,-3.05927589],[57.27682862,-3.05932793],[57.27683873,-3.05950456],[57.27683930,-3.05952516],[57.27684802,-3.05960513],[57.27685842,-3.05974163],[57.27685503,-3.05979101],[57.27685370,-3.05994856],[57.27686185,-3.06004832],[57.27687055,-3.06008174],[57.27690157,-3.06013240],[57.27695048,-3.06019186],[57.27697252,-3.06024226],[57.27698557,-3.06029240],[57.27699420,-3.06033411],[57.27699336,-3.06043361],[57.27698417,-3.06045823],[57.27697049,-3.06048272],[57.27694789,-3.06049866],[57.27690726,-3.06052237],[57.27688011,-3.06054647],[57.27687540,-3.06057122],[57.27687519,-3.06059609],[57.27689232,-3.06069611],[57.27693183,-3.06080507],[57.27696271,-3.06087231],[57.27697141,-3.06090573],[57.27697906,-3.06106354],[57.27697879,-3.06109670],[57.27696054,-3.06112935],[57.27694244,-3.06114542],[57.27688826,-3.06117704],[57.27686110,-3.06120114],[57.27683381,-3.06124182],[57.27681549,-3.06128276],[57.27679711,-3.06133200],[57.27678771,-3.06138149],[57.27676371,-3.06156326],[57.27676315,-3.06162960],[57.27677910,-3.06172797],[57.27681100,-3.06201123],[57.27682604,-3.06216221],[57.27683460,-3.06221222],[57.27684330,-3.06224564],[57.27687425,-3.06230459],[57.27692751,-3.06238077],[57.27694520,-3.06241446],[57.27696716,-3.06247315],[57.27697565,-3.06253145],[57.27697369,-3.06276362],[57.27696878,-3.06281324],[57.27695032,-3.06287076],[57.27692288,-3.06292803],[57.27686836,-3.06300110],[57.27684541,-3.06305850],[57.27684064,-3.06309154],[57.27684892,-3.06317471],[57.27687987,-3.06323366],[57.27689769,-3.06325076],[57.27692457,-3.06325983],[57.27695608,-3.06325245],[57.27696969,-3.06323625],[57.27700134,-3.06321228],[57.27701938,-3.06320451],[57.27704176,-3.06321345],[57.27706401,-3.06323897],[57.27709053,-3.06328950],[57.27710808,-3.06333977],[57.27711664,-3.06338978],[57.27711622,-3.06343953],[57.27711124,-3.06349744],[57.27705138,-3.06366989],[57.27703285,-3.06373570],[57.27703257,-3.06376887],[57.27704134,-3.06379401],[57.27705461,-3.06381927],[57.27707243,-3.06383637],[57.27710366,-3.06386215],[57.27714373,-3.06390478],[57.27716583,-3.06394689],[57.27719194,-3.06404717],[57.27724759,-3.06437223],[57.27727390,-3.06444764],[57.27732218,-3.06458173],[57.27733109,-3.06459029],[57.27734450,-3.06459897],[57.27736260,-3.06458290],[57.27738078,-3.06455854],[57.27743151,-3.06440242],[57.27744513,-3.06438623],[57.27745881,-3.06436174],[57.27747678,-3.06436226],[57.27749930,-3.06435462],[57.27752618,-3.06436369],[57.27755292,-3.06438934],[57.27757523,-3.06440657],[57.27758849,-3.06443184],[57.27760169,-3.06446539],[57.27761839,-3.06461517],[57.27762239,-3.06467334],[57.27774133,-3.06495048],[57.27778540,-3.06505128],[57.27782049,-3.06515182],[57.27785122,-3.06523565],[57.27789108,-3.06530315],[57.27791775,-3.06533710],[57.27794455,-3.06535446],[57.27797592,-3.06536366],[57.27798940,-3.06536405],[57.27800743,-3.06535627],[57.27803480,-3.06530730],[57.27804413,-3.06526610],[57.27804876,-3.06524965],[57.27805789,-3.06523332],[57.27807136,-3.06523371],[57.27809810,-3.06525936],[57.27824869,-3.06551254],[57.27825739,-3.06554597],[57.27825704,-3.06558743],[57.27827030,-3.06561269],[57.27828820,-3.06562150],[57.27830616,-3.06562202],[57.27833318,-3.06561451],[57.27835577,-3.06559857],[57.27838307,-3.06555789],[57.27841949,-3.06550088],[57.27848357,-3.06536173],[57.27851550,-3.06530460],[57.27859255,-3.06522388],[57.27861079,-3.06519123],[57.27863823,-3.06513396],[57.27866560,-3.06508499],[57.27869739,-3.06504444],[57.27872904,-3.06502047],[57.27875613,-3.06500466],[57.27882820,-3.06498186],[57.27890904,-3.06498419],[57.27894953,-3.06497707],[57.27899009,-3.06496165],[57.27902181,-3.06492939],[57.27904904,-3.06489700],[57.27908546,-3.06483999],[57.27911297,-3.06477443],[57.27913605,-3.06470045],[57.27915444,-3.06465121],[57.27918637,-3.06459407],[57.27920904,-3.06456984],[57.27921809,-3.06456181],[57.27924960,-3.06455443],[57.27930349,-3.06455598],[57.27933928,-3.06457360],[57.27940159,-3.06464176],[57.27947717,-3.06473518],[57.27953464,-3.06484466],[57.27956587,-3.06487045],[57.27958826,-3.06487939],[57.27960615,-3.06488820],[57.27963324,-3.06487239],[57.27965591,-3.06484817],[57.27966952,-3.06483197],[57.27968334,-3.06479090],[57.27969780,-3.06467519],[57.27970720,-3.06462570],[57.27972559,-3.06457646],[57.27976187,-3.06453604],[57.27977998,-3.06451997],[57.27980699,-3.06451245],[57.27984278,-3.06453008],[57.27986931,-3.06458061],[57.27988208,-3.06466392],[57.27988622,-3.06470551],[57.27989050,-3.06473052],[57.27989492,-3.06473894],[57.27992166,-3.06476460],[57.28000215,-3.06480840],[57.28017660,-3.06489638],[57.28021049,-3.06490305],[57.28026866,-3.06495892],[57.28027470,-3.06498216],[57.28028762,-3.06504889],[57.28034944,-3.06517509],[57.28037603,-3.06521733],[57.28039386,-3.06523444],[57.28042066,-3.06525180],[57.28044291,-3.06527733],[57.28047814,-3.06536129],[57.28058887,-3.06554697],[57.28060220,-3.06556395],[57.28062010,-3.06557276],[57.28064262,-3.06556511],[57.28067427,-3.06554114],[57.28070157,-3.06550046],[57.28071511,-3.06549256],[57.28073301,-3.06550137],[57.28074192,-3.06550992],[57.28075076,-3.06552677],[57.28075069,-3.06553506],[57.28076422,-3.06564510],[57.28077651,-3.06566852],[57.28079427,-3.06569392],[57.28083434,-3.06573655],[57.28084753,-3.06577011],[57.28086058,-3.06582025],[57.28086030,-3.06585342],[57.28085546,-3.06589476],[57.28084584,-3.06596913],[57.28080872,-3.06610907],[57.28078970,-3.06623294],[57.28074745,-3.06644738],[57.28073377,-3.06647187],[57.28068387,-3.06652849],[57.28065201,-3.06657734],[57.28064282,-3.06660195],[57.28063348,-3.06664316],[57.28062850,-3.06670108],[57.28063264,-3.06674267],[57.28064134,-3.06677610],[57.28065881,-3.06683467],[57.28068084,-3.06688507],[57.28073867,-3.06695310],[57.28076077,-3.06699522],[57.28079607,-3.06707089],[57.28082231,-3.06715460],[57.28083508,-3.06723791],[57.28083445,-3.06731255],[57.28082055,-3.06736191],[57.28080680,-3.06739469],[57.28078855,-3.06742734],[57.28075683,-3.06745960],[57.28075227,-3.06746777],[57.28074749,-3.06750081],[57.28075100,-3.06761703],[57.28075963,-3.06765876],[57.28076398,-3.06767547],[57.28076010,-3.06770862],[57.28082267,-3.06773432],[57.28082636,-3.06773534],[57.28086657,-3.06776139],[57.28092439,-3.06782942],[57.28095092,-3.06787996],[57.28099042,-3.06798894],[57.28105210,-3.06813173],[57.28108305,-3.06819069],[57.28111870,-3.06822490],[57.28117666,-3.06827635],[57.28129279,-3.06835437],[57.28132844,-3.06838858],[57.28138619,-3.06846491],[57.28145307,-3.06852491],[57.28149285,-3.06860072],[57.28151474,-3.06866771],[57.28153657,-3.06874300],[57.28156260,-3.06885158],[57.28156659,-3.06890976],[57.28157529,-3.06894320],[57.28158407,-3.06896833],[57.28159726,-3.06900190],[57.28162848,-3.06902769],[57.28165508,-3.06906993],[57.28167255,-3.06912850],[57.28170806,-3.06917930],[57.28175612,-3.06933830],[57.28175839,-3.06934828],[57.28177771,-3.06943347],[57.28178643,-3.06947190],[57.28179485,-3.06953850],[57.28179372,-3.06967119],[57.28179736,-3.06977083],[57.28180599,-3.06981256],[57.28185448,-3.06992180],[57.28187644,-3.06998050],[57.28190733,-3.07016103],[57.28190424,-3.07027581],[57.28186835,-3.07040331],[57.28185852,-3.07050256],[57.28186672,-3.07059404],[57.28187535,-3.07063577],[57.28188854,-3.07066933],[57.28192868,-3.07070368],[57.28194294,-3.07071736],[57.28194495,-3.07072099],[57.28200008,-3.07083737],[57.28201239,-3.07089689],[57.28203884,-3.07095572],[57.28204305,-3.07098903],[57.28204256,-3.07104708],[57.28207300,-3.07116409],[57.28210374,-3.07124793],[57.28211244,-3.07128137],[57.28212941,-3.07139799],[57.28214561,-3.07160584],[57.28219865,-3.07170692],[57.28220286,-3.07174022],[57.28220258,-3.07177339],[57.28219788,-3.07179814],[57.28219324,-3.07181460],[57.28217514,-3.07183066],[57.28216159,-3.07183856],[57.28215240,-3.07186318],[57.28215212,-3.07189635],[57.28218677,-3.07204667],[57.28220361,-3.07217988],[57.28220332,-3.07221305],[57.28218023,-3.07228703],[57.28217075,-3.07234482],[57.28216541,-3.07244421],[57.28216421,-3.07258519],[57.28215010,-3.07265943],[57.28214084,-3.07269234],[57.28209536,-3.07275738],[57.28209058,-3.07279042],[57.28207647,-3.07286467],[57.28206721,-3.07289758],[57.28204454,-3.07292180],[57.28202194,-3.07293774],[57.28193654,-3.07294355],[57.28190952,-3.07295105],[57.28187338,-3.07297489],[57.28185520,-3.07299924],[57.28185029,-3.07304887],[57.28183218,-3.07306493],[57.28181436,-3.07304782],[57.28178342,-3.07298886],[57.28176552,-3.07298004],[57.28175205,-3.07297965],[57.28173394,-3.07299572],[57.28172931,-3.07301217],[57.28172917,-3.07302876],[57.28173352,-3.07304547],[57.28174229,-3.07307061],[57.28174650,-3.07310391],[57.28174621,-3.07313709],[57.28170979,-3.07319409],[57.28169617,-3.07321028],[57.28167365,-3.07321792],[57.28166431,-3.07325913],[57.28164101,-3.07335799],[57.28160401,-3.07348133],[57.28157622,-3.07358006],[57.28155277,-3.07369551],[57.28154315,-3.07376988],[57.28154258,-3.07383622],[57.28154644,-3.07391099],[57.28155058,-3.07395259],[57.28153183,-3.07404328],[57.28151772,-3.07411753],[57.28150838,-3.07415873],[57.28150789,-3.07421678],[57.28151623,-3.07429168],[57.28152907,-3.07436670],[57.28152843,-3.07444134],[57.28151453,-3.07449070],[57.28149621,-3.07453164],[57.28147726,-3.07464722],[57.28144960,-3.07472936],[57.28143128,-3.07477030],[57.28140847,-3.07481111],[57.28138117,-3.07485179],[57.28137197,-3.07487641],[57.28135772,-3.07496723],[57.28133470,-3.07503292],[57.28129350,-3.07512296],[57.28125679,-3.07521314],[57.28121488,-3.07538611],[57.28121374,-3.07551879],[57.28123934,-3.07567714],[57.28125589,-3.07584352],[57.28127286,-3.07596014],[57.28129004,-3.07605188],[57.28133346,-3.07622734],[57.28135977,-3.07630276],[57.28138622,-3.07636160],[57.28141723,-3.07641227],[57.28142526,-3.07642250],[57.28146891,-3.07649295],[57.28147042,-3.07649678],[57.28148325,-3.07657180],[57.28148696,-3.07666316],[57.28148625,-3.07674608],[57.28146701,-3.07689483],[57.28146644,-3.07696117],[57.28146145,-3.07701909],[57.28140585,-3.07721654],[57.28139167,-3.07729908],[57.28139310,-3.07734197],[57.28139101,-3.07747430],[57.28139004,-3.07748981],[57.28137143,-3.07756392],[57.28134841,-3.07762961],[57.28133422,-3.07771214],[57.28133351,-3.07779507],[57.28135497,-3.07791182],[57.28137615,-3.07806175],[57.28138834,-3.07821141],[57.28138777,-3.07827776],[57.28138678,-3.07839385],[57.28140795,-3.07854378],[57.28141601,-3.07865185],[57.28140924,-3.07891709],[57.28139456,-3.07905767],[57.28137524,-3.07921471],[57.28134295,-3.07931330],[57.28136027,-3.07938846],[57.28136833,-3.07949653],[57.28137197,-3.07959617],[57.28136662,-3.07969556],[57.28138395,-3.07977072],[57.28140155,-3.07981271],[57.28144183,-3.07983048],[57.28148125,-3.07994776],[57.28154306,-3.08007399],[57.28163232,-3.08014297],[57.28164522,-3.08020970],[57.28163110,-3.08028394],[57.28163524,-3.08032554],[57.28165741,-3.08035937],[57.28169776,-3.08036884],[57.28172891,-3.08040294],[57.28175044,-3.08051140],[57.28172699,-3.08062684],[57.28171259,-3.08073426],[57.28172820,-3.08100845],[57.28172285,-3.08110783],[57.28168008,-3.08138031],[57.28164807,-3.08144573],[57.28164251,-3.08156999],[57.28162804,-3.08168569],[57.28160038,-3.08176783],[57.28153672,-3.08185721],[57.28147291,-3.08196317],[57.28139442,-3.08220971],[57.28134887,-3.08228303],[57.28134772,-3.08228567],[57.28132093,-3.08241962],[57.28128117,-3.08292309],[57.28148522,-3.08407033],[57.28145116,-3.08457410],[57.28131288,-3.08544791],[57.28130520,-3.08633653],[57.28141426,-3.08747002],[57.28162736,-3.08825541],[57.28176211,-3.08847885],[57.28220781,-3.08848104],[57.28228836,-3.08854552],[57.28269178,-3.08886845],[57.28348655,-3.08973691],[57.28429320,-3.09060578],[57.28452244,-3.09089788],[57.28386914,-3.09221740],[57.28327706,-3.09333020],[57.28314387,-3.09361157],[57.28306602,-3.09386913],[57.28292359,-3.09434029],[57.28263297,-3.09563754],[57.28236276,-3.09663911],[57.28206933,-3.09825448],[57.28174236,-3.09962740],[57.28143560,-3.10072658],[57.28135730,-3.10084495],[57.28080724,-3.10122357],[57.28012569,-3.10168603],[57.27911008,-3.10229210],[57.27869656,-3.10268575],[57.27853775,-3.10317476],[57.27835114,-3.10412379],[57.27828671,-3.10469243],[57.27825992,-3.10571208],[57.27825930,-3.10645819],[57.27820109,-3.10699409],[57.27812728,-3.10727717],[57.27785519,-3.10780665],[57.27765536,-3.10822857],[57.27736571,-3.10872458],[57.27774006,-3.10940515],[57.27864964,-3.11071632],[57.27929973,-3.11180027],[57.27986896,-3.11261845],[57.28052068,-3.11351597],[57.28074324,-3.11388481],[57.28118146,-3.11540140],[57.28152178,-3.11656391],[57.28179303,-3.11747197],[57.28188585,-3.11772718],[57.28148689,-3.11848323],[57.28115991,-3.11916464],[57.28077205,-3.12000877],[57.28052979,-3.12051716],[57.28030955,-3.12122373],[57.27982531,-3.12287691],[57.27927975,-3.12473666],[57.27911453,-3.12526928],[57.27895809,-3.12548396],[57.27849162,-3.12580987],[57.27754302,-3.12621982],[57.27636589,-3.12692997],[57.27679112,-3.12921419],[57.27705288,-3.13050596],[57.27729662,-3.13181913],[57.27741586,-3.13243723],[57.27770502,-3.13398226],[57.27793278,-3.13508651],[57.27807189,-3.13613317],[57.27815555,-3.13739759],[57.27824998,-3.13878305],[57.27832590,-3.13958640],[57.27830042,-3.14043049],[57.27825227,-3.14115319],[57.27820180,-3.14212819],[57.28033459,-3.14122861],[57.28216551,-3.14117553],[57.28397106,-3.14129725],[57.28558052,-3.14207140],[57.28695932,-3.14468231],[57.28700262,-3.14483061],[57.28711579,-3.14521834],[57.28775462,-3.14740695],[57.28821589,-3.14895788],[57.28891902,-3.15005544],[57.28973574,-3.15172730],[57.28997964,-3.15493995],[57.29023758,-3.15791160],[57.29039194,-3.15875350],[57.29051726,-3.15943177],[57.29091670,-3.16152690],[57.29128384,-3.16349660],[57.29150336,-3.16464113],[57.29209064,-3.16703658],[57.29252709,-3.16867499],[57.29424712,-3.17060926],[57.29431505,-3.17068565],[57.29530173,-3.17194650],[57.29554820,-3.17355709],[57.29575204,-3.17463941],[57.29607673,-3.17677948],[57.29607693,-3.17680523],[57.29607920,-3.17709891],[57.29609285,-3.17886580],[57.29599484,-3.18044350],[57.29591469,-3.18138502],[57.29591457,-3.18139748],[57.29595496,-3.18136534],[57.29644219,-3.18109346],[57.29672432,-3.18088074],[57.29713752,-3.18044221],[57.29742317,-3.18032816],[57.29754296,-3.18035664],[57.29766030,-3.18017147],[57.29787308,-3.17976757],[57.29797516,-3.17978727],[57.29815550,-3.17999840],[57.29870617,-3.18007353],[57.29891416,-3.18017875],[57.29903624,-3.18043732],[57.29917119,-3.18074556],[57.29933980,-3.18078383],[57.29947393,-3.18070598],[57.29971842,-3.18071382],[57.29991729,-3.18084342],[57.29997745,-3.18106713],[57.30022383,-3.18134611],[57.30032061,-3.18145599],[57.30052610,-3.18135580],[57.30064628,-3.18134321],[57.30081473,-3.18139790],[57.30093513,-3.18136070],[57.30107410,-3.18124193],[57.30121627,-3.18125470],[57.30133888,-3.18145579],[57.30135957,-3.18162075],[57.30126007,-3.18179829],[57.30129869,-3.18194739],[57.30144400,-3.18209993],[57.30184074,-3.18246591],[57.30202323,-3.18244711],[57.30213007,-3.18243411],[57.30231484,-3.18264542],[57.30242539,-3.18318296],[57.30258990,-3.18365649],[57.30268217,-3.18377446],[57.30292542,-3.18391371],[57.30298165,-3.18407984],[57.30296217,-3.18425995],[57.30288826,-3.18455331],[57.30290903,-3.18471008],[57.30294795,-3.18482634],[57.30331292,-3.18478879],[57.30346819,-3.18482663],[57.30359026,-3.18508525],[57.30362420,-3.18525885],[57.30356893,-3.18546246],[57.30334325,-3.18581666],[57.30334623,-3.18597286],[57.30346361,-3.18625595],[57.30362093,-3.18654856],[57.30399870,-3.18656895],[57.30405563,-3.18666115],[57.30408295,-3.18706460],[57.30414846,-3.18718994],[57.30435989,-3.18740214],[57.30446793,-3.18773425],[57.30450038,-3.18806391],[57.30456512,-3.18827140],[57.30469762,-3.18836603],[57.30493283,-3.18841470],[57.30500263,-3.18855661],[57.30500115,-3.18871268],[57.30487888,-3.18894698],[57.30476769,-3.18941990],[57.30473215,-3.18988705],[57.30468420,-3.19025519],[57.30470955,-3.19039567],[57.30484228,-3.19046570],[57.30504348,-3.19034895],[57.30507889,-3.19036653],[57.30508654,-3.19049824],[57.30494337,-3.19106049],[57.30480005,-3.19163917],[57.30477142,-3.19184364],[57.30477386,-3.19252562],[57.30464113,-3.19292388],[57.30448930,-3.19346118],[57.30449179,-3.19366666],[57.30457992,-3.19375167],[57.30471562,-3.19397790],[57.30469261,-3.19405931],[57.30447652,-3.19433986],[57.30438472,-3.19464085],[57.30437404,-3.19482945],[57.30439924,-3.19498638],[57.30447393,-3.19554747],[57.30439493,-3.19590638],[57.30425900,-3.19617308],[57.30393005,-3.19663069],[57.30378530,-3.19688887],[57.30366450,-3.19696711],[57.30342344,-3.19706607],[57.30335200,-3.19709662],[57.30328385,-3.19725049],[57.30310182,-3.19768821],[57.30290294,-3.19802678],[57.30267468,-3.19818366],[57.30249467,-3.19840783],[57.30245256,-3.19862828],[57.30251555,-3.19901643],[57.30254400,-3.19929668],[57.30243654,-3.19937533],[57.30231752,-3.19973292],[57.30211614,-3.20033427],[57.30216189,-3.20066438],[57.30215977,-3.20088612],[57.30207749,-3.20112168],[57.30200386,-3.20138214],[57.30186315,-3.20168152],[57.30185706,-3.20185384],[57.30190562,-3.20235655],[57.30186168,-3.20276585],[57.30187282,-3.20299623],[57.30200862,-3.20367429],[57.30200563,-3.20398638],[57.30193239,-3.20420578],[57.30169069,-3.20437042],[57.30161403,-3.20448291],[57.30153095,-3.20480059],[57.30153406,-3.20494034],[57.30157296,-3.20505661],[57.30163165,-3.20542821],[57.30170041,-3.20567690],[57.30174911,-3.20616319],[57.30174151,-3.20649154],[57.30165009,-3.20675143],[57.30151397,-3.20703450],[57.30150217,-3.20733806],[57.30153981,-3.20758574],[57.30159912,-3.20789163],[57.30166462,-3.20801701],[57.30155962,-3.20830110],[57.30153176,-3.20842340],[57.30139557,-3.20871468],[57.30128809,-3.20879330],[57.30113038,-3.20900992],[57.30091027,-3.20924092],[57.30063923,-3.20968385],[57.30043096,-3.21007132],[57.30028682,-3.21026373],[57.30009528,-3.21029851],[57.29996962,-3.21041760],[57.29983081,-3.21051984],[57.29964450,-3.21047264],[57.29939049,-3.21053002],[57.29922857,-3.21072184],[57.29915207,-3.21127792],[57.29906111,-3.21148849],[57.29901452,-3.21170876],[57.29901946,-3.21211964],[57.29899168,-3.21223373],[57.29880206,-3.21253142],[57.29857242,-3.21282778],[57.29844304,-3.21333283],[57.29833724,-3.21369899],[57.29816975,-3.21400559],[57.29799068,-3.21413113],[57.29778025,-3.21428026],[57.29773922,-3.21438569],[57.29773454,-3.21487017],[57.29766254,-3.21541815],[57.29755403,-3.21560348],[57.29720509,-3.21582197],[57.29709507,-3.21616333],[57.29702489,-3.21652241],[57.29719206,-3.21716863],[57.29718920,-3.21746425],[57.29712688,-3.21793038],[57.29695359,-3.21837642],[57.29669672,-3.21872935],[57.29658607,-3.21867641],[57.29654726,-3.21855191],[57.29645129,-3.21835982],[57.29619252,-3.21798987],[57.29613442,-3.21802080],[57.29611505,-3.21818443],[57.29613966,-3.21839881],[57.29612543,-3.21894865],[57.29607771,-3.21974381],[57.29596395,-3.22001110],[57.29584781,-3.22006475],[57.29566969,-3.22009170],[57.29562897,-3.22016429],[57.29555442,-3.22051501],[57.29551495,-3.22091616],[57.29563940,-3.22138026],[57.29577939,-3.22207485],[57.29582197,-3.22272513],[57.29577694,-3.22324110],[57.29571215,-3.22350179],[57.29555702,-3.22390732],[57.29547737,-3.22432357],[57.29547242,-3.22483265],[57.29546474,-3.22562090],[57.29547940,-3.22594173],[57.29560359,-3.22643046],[57.29568724,-3.22651538],[57.29583401,-3.22651204],[57.29592576,-3.22667936],[57.29599416,-3.22696093],[57.29600245,-3.22747867],[57.29592940,-3.22767336],[57.29592635,-3.22798539],[57.29595507,-3.22823275],[57.29593520,-3.22844564],[57.29594629,-3.22867599],[57.29609276,-3.22915728],[57.29612124,-3.22942929],[57.29614769,-3.22990656],[57.29604655,-3.23069993],[57.29587729,-3.23163885],[57.29584408,-3.23185129],[57.29583746,-3.23207285],[57.29592202,-3.23251922],[57.29584753,-3.23331347],[57.29588933,-3.23358590],[57.29585920,-3.23438985],[57.29585388,-3.23493178],[57.29589616,-3.23515496],[57.29595345,-3.23520617],[57.29606895,-3.23521824],[57.29615389,-3.23517181],[57.29629290,-3.23505327],[57.29660229,-3.23524433],[57.29674648,-3.23550380],[57.29679254,-3.23579283],[57.29678285,-3.23587465],[57.29676176,-3.23621071],[57.29685624,-3.23655065],[57.29700496,-3.23680206],[57.29733470,-3.23673098],[57.29748567,-3.23675248],[57.29758645,-3.23690371],[57.29753457,-3.23720590],[57.29750022,-3.23753331],[57.29745319,-3.23779457],[57.29750160,-3.23784549],[57.29751388,-3.23795269],[57.29766784,-3.23812214],[57.29803169,-3.23865186],[57.29822315,-3.23907722],[57.29826348,-3.23949750],[57.29825765,-3.24008873],[57.29823412,-3.24021938],[57.29832520,-3.24045245],[57.29834121,-3.24063369],[57.29868209,-3.24123660],[57.29873947,-3.24127961],[57.29887501,-3.24151418],[57.29895444,-3.24157435],[57.29909176,-3.24162825],[57.29927554,-3.24147837],[57.29940890,-3.24148287],[57.29956803,-3.24157859],[57.29963139,-3.24191752],[57.29967606,-3.24234618],[57.29971025,-3.24248699],[57.29986103,-3.24297674],[57.29996407,-3.24334988],[57.29998377,-3.24360518],[57.30002433,-3.24400086],[57.30003748,-3.24446953],[57.30010906,-3.24487448],[57.30024247,-3.24532258],[57.30034582,-3.24566288],[57.30040561,-3.24591134],[57.30040244,-3.24623161],[57.30037479,-3.24632925],[57.30033679,-3.24657440],[57.30020923,-3.24688226],[57.30007034,-3.24743615],[57.30003413,-3.24750064],[57.29999119,-3.24779492],[57.30000799,-3.24789407],[57.30000677,-3.24801724],[57.30001954,-3.24807517],[57.30029359,-3.24824054],[57.30041592,-3.24845826],[57.30054451,-3.24849548],[57.30075869,-3.24842059],[57.30090819,-3.24858995],[57.30113607,-3.24892627],[57.30112959,-3.24913143],[57.30117233,-3.24930537],[57.30117098,-3.24988860],[57.30117363,-3.25006942],[57.30116767,-3.25066891],[57.30110571,-3.25108576],[57.30099173,-3.25136941],[57.30088590,-3.25172729],[57.30085563,-3.25208770],[57.30086495,-3.25249055],[57.30087502,-3.25281947],[57.30076738,-3.25335800],[57.30057347,-3.25363071],[57.30021687,-3.25371716],[57.30005999,-3.25384325],[57.29951334,-3.25426002],[57.29932921,-3.25444269],[57.29924665,-3.25469453],[57.29906609,-3.25541126],[57.29904552,-3.25568984],[57.29909032,-3.25610209],[57.29920846,-3.25629505],[57.29950150,-3.25633791],[57.29970030,-3.25646791],[57.29985554,-3.25650605],[57.29996471,-3.25670693],[57.30011091,-3.25720479],[57.30019759,-3.25742956],[57.30029901,-3.25751517],[57.30046916,-3.25784135],[57.30064945,-3.25848826],[57.30069399,-3.25892516],[57.30078011,-3.25965101],[57.30075533,-3.25990482],[57.30067391,-3.26048529],[57.30069795,-3.26074899],[57.30079369,-3.26095763],[57.30089000,-3.26110880],[57.30105134,-3.26142648],[57.30117514,-3.26149646],[57.30139287,-3.26151211],[57.30149395,-3.26163059],[57.30171628,-3.26207360],[57.30183926,-3.26222568],[57.30223010,-3.26227193],[57.30242881,-3.26241018],[57.30251598,-3.26258568],[57.30273123,-3.26284773],[57.30280161,-3.26292410],[57.30311448,-3.26320592],[57.30332126,-3.26342661],[57.30351782,-3.26377839],[57.30370104,-3.26412974],[57.30388444,-3.26446465],[57.30396346,-3.26456595],[57.30433131,-3.26512904],[57.30461125,-3.26559050],[57.30483373,-3.26601714],[57.30492492,-3.26623390],[57.30495842,-3.26644043],[57.30521801,-3.26715594],[57.30546749,-3.26755066],[57.30562741,-3.26765262],[57.30563198,-3.26765395],[57.30594955,-3.26737006],[57.30634145,-3.26730960],[57.30647259,-3.26709228],[57.30662580,-3.26689214],[57.30670580,-3.26689489],[57.30687134,-3.26679377],[57.30710232,-3.26681815],[57.30715460,-3.26692676],[57.30737000,-3.26717242],[57.30751914,-3.26737476],[57.30766317,-3.26770001],[57.30773130,-3.26799810],[57.30776443,-3.26824023],[57.30776568,-3.26824262],[57.30778427,-3.26828395],[57.30783548,-3.26847310],[57.30785552,-3.26872395],[57.30788277,-3.26881872],[57.30818672,-3.26944419],[57.30830020,-3.26993803],[57.30834897,-3.27013778],[57.30834881,-3.27015270],[57.30834759,-3.27027439],[57.30834718,-3.27031493],[57.30839028,-3.27051449],[57.30837417,-3.27099344],[57.30823941,-3.27148913],[57.30822665,-3.27163462],[57.30827488,-3.27188647],[57.30844559,-3.27229891],[57.30863015,-3.27301412],[57.30879116,-3.27326987],[57.30918159,-3.27371075],[57.30968585,-3.27405135],[57.30977534,-3.27412741],[57.30986504,-3.27418265],[57.31015085,-3.27436976],[57.31045211,-3.27470333],[57.31075461,-3.27491188],[57.31092605,-3.27525141],[57.31105068,-3.27575612],[57.31114296,-3.27611377],[57.31138633,-3.27659132],[57.31198007,-3.27700806],[57.31215363,-3.27713919],[57.31246847,-3.27724392],[57.31254658,-3.27733003],[57.31272672,-3.27736756],[57.31292612,-3.27772893],[57.31311821,-3.27825687],[57.31315302,-3.27871680],[57.31307304,-3.27937083],[57.31300687,-3.27977512],[57.31324811,-3.28046115],[57.31334589,-3.28082945],[57.31346018,-3.28124003],[57.31353521,-3.28162836],[57.31357575,-3.28207808],[57.31356288,-3.28223402],[57.31350692,-3.28274293],[57.31332103,-3.28326817],[57.31317848,-3.28397212],[57.31316858,-3.28438879],[57.31314729,-3.28481550],[57.31314058,-3.28547206],[57.31318974,-3.28618272],[57.31318494,-3.28665170],[57.31319429,-3.28683969],[57.31319727,-3.28710042],[57.31317649,-3.28802756],[57.31309849,-3.28848356],[57.31286713,-3.28959098],[57.31266535,-3.29056390],[57.31243505,-3.29156708],[57.31228307,-3.29208302],[57.31228222,-3.29216640],[57.31242441,-3.29315135],[57.31247947,-3.29383093],[57.31243699,-3.29412136],[57.31229957,-3.29486714],[57.31210489,-3.29569432],[57.31207315,-3.29603722],[57.31211187,-3.29720620],[57.31208545,-3.29758059],[57.31197738,-3.29821271],[57.31197372,-3.29856705],[57.31199403,-3.29878669],[57.31198591,-3.29902618],[57.31201386,-3.30014266],[57.31213114,-3.30080359],[57.31236941,-3.30121859],[57.31261137,-3.30127926],[57.31317961,-3.30088232],[57.31417369,-3.30021891],[57.31446258,-3.30010400],[57.31458525,-3.30024386],[57.31470737,-3.30043585],[57.31488190,-3.30101543],[57.31487823,-3.30136979],[57.31490808,-3.30175660],[57.31513855,-3.30237988],[57.31537770,-3.30271155],[57.31560826,-3.30278228],[57.31578426,-3.30267381],[57.31598110,-3.30273289],[57.31629592,-3.30283789],[57.31662148,-3.30299537],[57.31687482,-3.30304604],[57.31720731,-3.30307866],[57.31747757,-3.30312992],[57.31785887,-3.30335195],[57.31795811,-3.30357444],[57.31802514,-3.30363937],[57.31818587,-3.30391615],[57.31827990,-3.30409674],[57.31835072,-3.30433908],[57.31847760,-3.30461467],[57.31859258,-3.30495241],[57.31865883,-3.30509032],[57.31877966,-3.30540740],[57.31887955,-3.30556736],[57.31900273,-3.30565515],[57.31912159,-3.30561765],[57.31938326,-3.30540796],[57.31949041,-3.30541176],[57.31973725,-3.30554563],[57.31991727,-3.30559371],[57.32015748,-3.30582122],[57.32025866,-3.30585608],[57.32064830,-3.30581777],[57.32083472,-3.30579311],[57.32117927,-3.30575318],[57.32144940,-3.30581491],[57.32170913,-3.30579281],[57.32202059,-3.30567874],[57.32225754,-3.30567670],[57.32264059,-3.30627427],[57.32270632,-3.30646432],[57.32277289,-3.30657095],[57.32279448,-3.30666557],[57.32291367,-3.30713909],[57.32304153,-3.30732090],[57.32321526,-3.30743135],[57.32337001,-3.30773927],[57.32365621,-3.30842730],[57.32403165,-3.30921235],[57.32408599,-3.30941243],[57.32434104,-3.31038094],[57.32450598,-3.31079354],[57.32474347,-3.31128172],[57.32498811,-3.31162416],[57.32525055,-3.31188381],[57.32535759,-3.31189805],[57.32536301,-3.31191909],[57.32528948,-3.31193732],[57.32533958,-3.31200169],[57.32543512,-3.31203639],[57.32557730,-3.31192673],[57.32579821,-3.31184074],[57.32598680,-3.31160759],[57.32631355,-3.31110821],[57.32643296,-3.31101859],[57.32651700,-3.31107373],[57.32657958,-3.31102381],[57.32691576,-3.31124437],[57.32715086,-3.31141962],[57.32733414,-3.31169732],[57.32752998,-3.31185031],[57.32771259,-3.31219057],[57.32794595,-3.31253264],[57.32811674,-3.31292461],[57.32821423,-3.31331401],[57.32829045,-3.31357748],[57.32833404,-3.31372503],[57.32847435,-3.31433498],[57.32870608,-3.31483346],[57.32883068,-3.31500425],[57.32903421,-3.31528325],[57.32928048,-3.31546935],[57.32936725,-3.31526386],[57.32950012,-3.31496613],[57.32967027,-3.31487836],[57.32982719,-3.31497782],[57.32999050,-3.31500450],[57.33018114,-3.31511564],[57.33032776,-3.31512088],[57.33073921,-3.31515643],[57.33106400,-3.31538707],[57.33110206,-3.31552403],[57.33134537,-3.31599168],[57.33143134,-3.31640156],[57.33142622,-3.31689160],[57.33160143,-3.31739857],[57.33191774,-3.31790013],[57.33228374,-3.31796540],[57.33259280,-3.31808077],[57.33284990,-3.31830904],[57.33299631,-3.31833515],[57.33325269,-3.31809397],[57.33349868,-3.31776897],[57.33358101,-3.31744855],[57.33363263,-3.31736696],[57.33362256,-3.31725187],[57.33376463,-3.31715263],[57.33393901,-3.31720059],[57.33415405,-3.31713527],[57.33438646,-3.31702885],[57.33486612,-3.31701470],[57.33504018,-3.31709395],[57.33532060,-3.31725005],[57.33544357,-3.31735877],[57.33558001,-3.31725933],[57.33573834,-3.31722328],[57.33583583,-3.31707029],[57.33599992,-3.31702399],[57.33618187,-3.31742692],[57.33626515,-3.31755510],[57.33622447,-3.31766839],[57.33634882,-3.31818402],[57.33642093,-3.31830136],[57.33661025,-3.31853765],[57.33673103,-3.31885494],[57.33680736,-3.31910804],[57.33695185,-3.31985391],[57.33713500,-3.32121669],[57.33713817,-3.32198880],[57.33724756,-3.32231612],[57.33744936,-3.32243814],[57.33754523,-3.32244158],[57.33774391,-3.32232352],[57.33793088,-3.32224680],[57.33817791,-3.32236001],[57.33857298,-3.32234290],[57.33892305,-3.32231376],[57.33904810,-3.32222434],[57.33914308,-3.32231121],[57.33915502,-3.32224905],[57.33929622,-3.32223325],[57.33937429,-3.32231952],[57.33965159,-3.32223561],[57.33968631,-3.32215339],[57.34046472,-3.32216049],[57.34070612,-3.32227350],[57.34094641,-3.32249080],[57.34111793,-3.32280999],[57.34137640,-3.32344527],[57.34150537,-3.32405507],[57.34156078,-3.32415095],[57.34172600,-3.32453252],[57.34176459,-3.32461738],[57.34200308,-3.32446946],[57.34218651,-3.32419436],[57.34226223,-3.32396753],[57.34231184,-3.32354154],[57.34239796,-3.32339857],[57.34262518,-3.32325022],[57.34287861,-3.32329064],[57.34317375,-3.32365601],[57.34365843,-3.32423689],[57.34392959,-3.32473708],[57.34415055,-3.32518327],[57.34438124,-3.32577591],[57.34470138,-3.32644483],[57.34502295,-3.32697815],[57.34529432,-3.32745749],[57.34550133,-3.32762150],[57.34588965,-3.32770856],[57.34616630,-3.32768723],[57.34652765,-3.32765854],[57.34666544,-3.32796611],[57.34687300,-3.32861015],[57.34713464,-3.32894309],[57.34742843,-3.32943373],[57.34781833,-3.32990699],[57.34829435,-3.33023726],[57.34856569,-3.33018447],[57.34902323,-3.33012797],[57.34925057,-3.32996920],[57.34963909,-3.32950321],[57.34981533,-3.32937391],[57.35020422,-3.32940884],[57.35050066,-3.32964915],[57.35076250,-3.32996126],[57.35096133,-3.33036503],[57.35117440,-3.33048754],[57.35134556,-3.33030587],[57.35150622,-3.33005077],[57.35168423,-3.33028683],[57.35211040,-3.33106411],[57.35240862,-3.33166980],[57.35244644,-3.33182772],[57.35264514,-3.33224195],[57.35295629,-3.33269156],[57.35342611,-3.33307389],[57.35379089,-3.33325409],[57.35415180,-3.33326718],[57.35435436,-3.33331628],[57.35488742,-3.33358612],[57.35498108,-3.33379826],[57.35504178,-3.33445801],[57.35493707,-3.33475691],[57.35471140,-3.33475914],[57.35453658,-3.33475279],[57.35441064,-3.33492568],[57.35420442,-3.33522085],[57.35411961,-3.33523865],[57.35390312,-3.33543954],[57.35380681,-3.33547778],[57.35363089,-3.33557577],[57.35324533,-3.33576007],[57.35284018,-3.33619412],[57.35275459,-3.33628496],[57.35260311,-3.33673865],[57.35257104,-3.33710278],[57.35253819,-3.33753992],[57.35248222,-3.33802843],[57.35249945,-3.33853000],[57.35262482,-3.33894160],[57.35283280,-3.33901181],[57.35296061,-3.33919389],[57.35316694,-3.33942058],[57.35343320,-3.33931546],[57.35376823,-3.33910849],[57.35391408,-3.33918686],[57.35412403,-3.33960156],[57.35418184,-3.34000028],[57.35418270,-3.34044910],[57.35416000,-3.34099100],[57.35405914,-3.34145700],[57.35385872,-3.34226378],[57.35380134,-3.34235564],[57.35380067,-3.34241824],[57.35369768,-3.34308245],[57.35364007,-3.34319515],[57.35354394,-3.34374478],[57.35341773,-3.34447078],[57.35340232,-3.34485638],[57.35329597,-3.34583355],[57.35330972,-3.34665860],[57.35331485,-3.34723280],[57.35338698,-3.34787212],[57.35357190,-3.34851556],[57.35381163,-3.34930711],[57.35391307,-3.34984314],[57.35403863,-3.35023392],[57.35420571,-3.35096024],[57.35446598,-3.35194046],[57.35455959,-3.35215264],[57.35479636,-3.35269366],[57.35506629,-3.35329854],[57.35523829,-3.35356581],[57.35535570,-3.35366406],[57.35544704,-3.35356304],[57.35573487,-3.35355275],[57.35616265,-3.35364156],[57.35631468,-3.35366806],[57.35665529,-3.35399372],[57.35700156,-3.35431963],[57.35710093,-3.35452160],[57.35731273,-3.35475904],[57.35736304,-3.35480265],[57.35749038,-3.35502654],[57.35761828,-3.35519827],[57.35782233,-3.35563377],[57.35792733,-3.35583597],[57.35813643,-3.35632383],[57.35831905,-3.35665416],[57.35852397,-3.35700620],[57.35869056,-3.35725243],[57.35886820,-3.35751996],[57.35893824,-3.35782526],[57.35906445,-3.35815352],[57.35920171,-3.35850305],[57.35929488,-3.35875703],[57.35938442,-3.35882298],[57.35942830,-3.35893942],[57.35954740,-3.35940314],[57.35929714,-3.35959221],[57.35900594,-3.35991546],[57.35884038,-3.36009724],[57.35864662,-3.36027797],[57.35836084,-3.36062231],[57.35829350,-3.36058850],[57.35803726,-3.36080866],[57.35784374,-3.36096852],[57.35753538,-3.36131200],[57.35736237,-3.36166048],[57.35726110,-3.36163587],[57.35718677,-3.36172704],[57.35702572,-3.36201334],[57.35686365,-3.36239355],[57.35667451,-3.36266836],[57.35642233,-3.36303479],[57.35633639,-3.36315687],[57.35608567,-3.36338763],[57.35593905,-3.36338219],[57.35554263,-3.36352407],[57.35535090,-3.36351696],[57.35499913,-3.36370222],[57.35482386,-3.36373746],[57.35460834,-3.36384429],[57.35434804,-3.36391813],[57.35410600,-3.36386740],[57.35399334,-3.36385278],[57.35389218,-3.36381772],[57.35346936,-3.36379160],[57.35316024,-3.36368620],[57.35293039,-3.36355243],[57.35281918,-3.36340219],[57.35271791,-3.36337758],[57.35202420,-3.36284046],[57.35192857,-3.36281603],[57.35131155,-3.36249053],[57.35087926,-3.36229708],[57.35027971,-3.36244185],[57.34890818,-3.36250584],[57.34867664,-3.36252858],[57.34822484,-3.36257445],[57.34762484,-3.36276094],[57.34749954,-3.36287106],[57.34682904,-3.36331582],[57.34650885,-3.36371090],[57.34634880,-3.36390324],[57.34624043,-3.36401401],[57.34605681,-3.36429938],[57.34582209,-3.36461415],[57.34546592,-3.36520617],[57.34529763,-3.36563817],[57.34507281,-3.36660025],[57.34499169,-3.36731721],[57.34498401,-3.36750477],[57.34498625,-3.36781789],[57.34508175,-3.36837448],[57.34508613,-3.36848943],[57.34517183,-3.36890999],[57.34517315,-3.36930658],[57.34522061,-3.36961093],[57.34524169,-3.36974738],[57.34532850,-3.37006365],[57.34552322,-3.37083263],[57.34559540,-3.37093969],[57.34571218,-3.37161185],[57.34574778,-3.37196799],[57.34578642,-3.37256421],[57.34584030,-3.37279578],[57.34585415,-3.37307805],[57.34591333,-3.37334114],[57.34589630,-3.37335092],[57.34582944,-3.37327538],[57.34577761,-3.37388910],[57.34566915,-3.37452159],[57.34549097,-3.37533929],[57.34541539,-3.37554515],[57.34545247,-3.37576566],[57.34548090,-3.37574587],[57.34546859,-3.37583931],[57.34547343,-3.37591253],[57.34540348,-3.37611860],[57.34530523,-3.37633405],[57.34530431,-3.37641751],[57.34528671,-3.37647946],[57.34513286,-3.37661979],[57.34500618,-3.37685504],[57.34497558,-3.37707304],[57.34489527,-3.37719522],[57.34484451,-3.37719332],[57.34484257,-3.37737066],[57.34479689,-3.37742111],[57.34477838,-3.37756650],[57.34470854,-3.37776215],[57.34463848,-3.37797865],[57.34463802,-3.37802038],[57.34461511,-3.37805081],[57.34464216,-3.37815618],[57.34461317,-3.37822813],[57.34461824,-3.37828051],[57.34455382,-3.37849721],[57.34449685,-3.37854725],[57.34448016,-3.37852575],[57.34442941,-3.37852385],[57.34440054,-3.37858537],[57.34432159,-3.37858241],[57.34422367,-3.37876656],[57.34398050,-3.37882005],[57.34365229,-3.37891210],[57.34351086,-3.37894853],[57.34338688,-3.37896266],[57.34338676,-3.37896264],[57.34338258,-3.37896278],[57.34337820,-3.37905092],[57.34337235,-3.37925686],[57.34330950,-3.37941412],[57.34333680,-3.37954814],[57.34335713,-3.37966198],[57.34334092,-3.37982762],[57.34336822,-3.37996166],[57.34340938,-3.38014276],[57.34340382,-3.38032212],[57.34340193,-3.38049496],[57.34345776,-3.38065001],[57.34335786,-3.38090564],[57.34343562,-3.38102826],[57.34349813,-3.38123013],[57.34346007,-3.38142156],[57.34346521,-3.38160796],[57.34350028,-3.38168908],[57.34355742,-3.38172450],[57.34357790,-3.38182501],[57.34350426,-3.38198187],[57.34349972,-3.38206815],[57.34351703,-3.38212866],[57.34358539,-3.38212458],[57.34364569,-3.38220000],[57.34365164,-3.38231328],[57.34361504,-3.38237175],[57.34355695,-3.38242278],[57.34354089,-3.38257513],[57.34349696,-3.38264663],[57.34352718,-3.38284064],[57.34354010,-3.38297414],[57.34358947,-3.38306245],[57.34362381,-3.38321005],[57.34366275,-3.38326473],[57.34376669,-3.38329522],[57.34386213,-3.38344514],[57.34386331,-3.38366465],[57.34391231,-3.38378620],[57.34393161,-3.38399310],[57.34399851,-3.38412196],[57.34401040,-3.38434854],[57.34403374,-3.38451568],[57.34409337,-3.38465094],[57.34416802,-3.38477006],[57.34419055,-3.38483285],[57.34420779,-3.38489997],[57.34421631,-3.38494184],[57.34422869,-3.38504202],[57.34423648,-3.38515033],[57.34423520,-3.38526662],[57.34424272,-3.38539985],[57.34425527,-3.38548342],[57.34432841,-3.38577700],[57.34435032,-3.38582769],[57.34438111,-3.38588701],[57.34439880,-3.38591261],[57.34445259,-3.38592294],[57.34447935,-3.38594057],[57.34450162,-3.38595803],[57.34451931,-3.38598362],[57.34453682,-3.38602583],[57.34454928,-3.38611770],[57.34456193,-3.38619297],[57.34457907,-3.38626840],[57.34460079,-3.38633569],[57.34463580,-3.38642011],[57.34465688,-3.38654554],[57.34466907,-3.38666234],[57.34468594,-3.38676269],[57.34473818,-3.38691423],[57.34478996,-3.38710730],[57.34482937,-3.38720019],[57.34484238,-3.38724223],[57.34485512,-3.38730919],[57.34485393,-3.38741717],[57.34484889,-3.38746683],[57.34484394,-3.38750819],[57.34484816,-3.38753328],[57.34486539,-3.38760041],[57.34488711,-3.38766770],[57.34492230,-3.38773551],[57.34497316,-3.38801164],[57.34499039,-3.38807877],[57.34501660,-3.38814624],[57.34504684,-3.38825540],[57.34510266,-3.38849018],[57.34513656,-3.38867427],[57.34514903,-3.38876615],[57.34515242,-3.38886599],[57.34515636,-3.38891600],[57.34516928,-3.38896634],[57.34518229,-3.38900838],[57.34519989,-3.38904229],[57.34523985,-3.38908534],[57.34525744,-3.38911925],[57.34527935,-3.38916993],[57.34530070,-3.38927045],[57.34533149,-3.38932978],[57.34538923,-3.38939013],[57.34544265,-3.38943370],[57.34547391,-3.38945150],[57.34548729,-3.38946031],[57.34550433,-3.38954405],[57.34552092,-3.38966933],[57.34553384,-3.38971967],[57.34555583,-3.38976205],[57.34556454,-3.38978731],[57.34555455,-3.38987834],[57.34555867,-3.38991173],[57.34556270,-3.38995344],[57.34557123,-3.38999531],[57.34564179,-3.39011431],[57.34565490,-3.39014804],[57.34566342,-3.39018991],[57.34567167,-3.39025670],[57.34566598,-3.39036452],[57.34567011,-3.39039791],[57.34568312,-3.39043995],[57.34570951,-3.39049081],[57.34576734,-3.39054285],[57.34585669,-3.39058778],[57.34589674,-3.39062253],[57.34591452,-3.39063982],[57.34593220,-3.39066542],[57.34594091,-3.39069068],[57.34595805,-3.39076612],[57.34601935,-3.39090970],[57.34604969,-3.39101057],[57.34607131,-3.39108617],[57.34609193,-3.39125315],[57.34611310,-3.39137029],[57.34613023,-3.39144573],[57.34616075,-3.39152998],[57.34618274,-3.39157236],[57.34617798,-3.39159711],[57.34617303,-3.39163847],[57.34617229,-3.39170492],[57.34618081,-3.39174679],[57.34622911,-3.39184834],[57.34626393,-3.39194938],[57.34628171,-3.39196667],[57.34631754,-3.39197634],[57.34633092,-3.39198515],[57.34633972,-3.39200210],[57.34635227,-3.39208568],[57.34636455,-3.39219417],[57.34639515,-3.39227012],[57.34645710,-3.39235556],[57.34647937,-3.39237303],[57.34651502,-3.39239931],[57.34653280,-3.39241660],[57.34654572,-3.39246695],[57.34656166,-3.39265037],[57.34656477,-3.39277514],[57.34656385,-3.39285820],[57.34655826,-3.39295771],[57.34654845,-3.39303213],[57.34652462,-3.39315587],[57.34651939,-3.39322216],[57.34652333,-3.39327216],[57.34653588,-3.39335574],[57.34655751,-3.39343135],[57.34658372,-3.39349882],[57.34661441,-3.39356646],[57.34663650,-3.39360054],[57.34667636,-3.39365191],[57.34669387,-3.39369412],[57.34671045,-3.39381940],[57.34672245,-3.39395282],[57.34673078,-3.39401130],[57.34674370,-3.39406165],[57.34677871,-3.39414608],[57.34680079,-3.39418016],[57.34682755,-3.39419779],[57.34687677,-3.39421628],[57.34689209,-3.39421922],[57.34698848,-3.39427037],[57.34700616,-3.39429597],[57.34701927,-3.39432971],[57.34702770,-3.39437989],[57.34704062,-3.39443024],[57.34708039,-3.39448992],[57.34709780,-3.39454044],[57.34710632,-3.39458231],[57.34711475,-3.39463249],[57.34711832,-3.39471573],[57.34710883,-3.39487299],[57.34711304,-3.39500821],[57.34711473,-3.39503968],[57.34712746,-3.39510665],[57.34713607,-3.39514021],[57.34716640,-3.39524109],[57.34719279,-3.39529195],[57.34720141,-3.39532551],[57.34719655,-3.39535857],[57.34717757,-3.39544926],[57.34717656,-3.39554063],[57.34718517,-3.39557420],[57.34720716,-3.39561659],[57.34722925,-3.39565066],[57.34724703,-3.39566796],[57.34729156,-3.39570289],[57.34730916,-3.39573680],[57.34732226,-3.39577054],[57.34732647,-3.39579563],[57.34732949,-3.39592870],[57.34733792,-3.39597888],[57.34734644,-3.39602076],[57.34735945,-3.39606280],[57.34742140,-3.39614825],[57.34744339,-3.39619064],[57.34745182,-3.39624082],[57.34744238,-3.39628201],[57.34743761,-3.39630676],[57.34739627,-3.39638830],[57.34738206,-3.39645424],[57.34737702,-3.39650391],[57.34737656,-3.39654544],[57.34738929,-3.39661240],[57.34740670,-3.39666293],[57.34742420,-3.39670514],[57.34753957,-3.39683418],[57.34755277,-3.39685961],[57.34757824,-3.39699354],[57.34759894,-3.39715222],[57.34761177,-3.39721088],[57.34762917,-3.39726140],[57.34764677,-3.39729531],[57.34769982,-3.39737212],[57.34776598,-3.39748266],[57.34786293,-3.39765255],[57.34793807,-3.39776344],[57.34796437,-3.39782261],[57.34797729,-3.39787296],[57.34799442,-3.39794841],[57.34800697,-3.39803199],[57.34800961,-3.39819829],[57.34800795,-3.39834782],[57.34802370,-3.39854786],[57.34804028,-3.39867315],[57.34806977,-3.39884878],[57.34812135,-3.39905850],[57.34814316,-3.39911751],[57.34823177,-3.39922891],[57.34829556,-3.39930876],[57.34836373,-3.39943355],[57.34837737,-3.39946714],[57.34842098,-3.39958515],[57.34846825,-3.39977808],[57.34852946,-3.39993000],[57.34865251,-3.40017569],[57.34870071,-3.40028556],[57.34871802,-3.40034439],[57.34872224,-3.40036948],[57.34875053,-3.40065311],[57.34876344,-3.40070347],[57.34878965,-3.40077095],[57.34882493,-3.40083047],[57.34885897,-3.40087548],[57.34891400,-3.40094821],[57.34892233,-3.40095883],[57.34894423,-3.40100953],[57.34895733,-3.40104327],[57.34897474,-3.40109380],[57.34899122,-3.40122740],[57.34898909,-3.40141846],[57.34899257,-3.40151000],[57.34900062,-3.40159342],[57.34901317,-3.40167700],[57.34905641,-3.40182824],[57.34909141,-3.40191268],[57.34910469,-3.40192980],[57.34916252,-3.40198187],[57.34924288,-3.40202649],[57.34927404,-3.40205261],[57.34928723,-3.40207804],[57.34932260,-3.40212925],[57.34935330,-3.40219691],[57.34938793,-3.40231458],[57.34941367,-3.40242360],[57.34943042,-3.40253227],[57.34944251,-3.40265739],[57.34945093,-3.40270758],[57.34948172,-3.40276693],[57.34952139,-3.40283493],[57.34959120,-3.40302042],[57.34976208,-3.40340923],[57.34981888,-3.40355268],[57.34990554,-3.40383856],[57.35002794,-3.40414241],[57.35010654,-3.40434487],[57.35017186,-3.40453021],[57.35023783,-3.40465739],[57.35026852,-3.40472505],[57.35032018,-3.40492648],[57.35037971,-3.40522794],[57.35042688,-3.40542921],[57.35045169,-3.40562130],[57.35047220,-3.40579662],[57.35048316,-3.40602143],[57.35049515,-3.40615486],[57.35051246,-3.40621370],[57.35054297,-3.40629797],[57.35063064,-3.40649248],[57.35066545,-3.40659354],[57.35068707,-3.40666916],[57.35072077,-3.40686991],[57.35072863,-3.40696995],[57.35073678,-3.40704506],[57.35077140,-3.40716273],[57.35081098,-3.40723905],[57.35081519,-3.40726414],[57.35083213,-3.40735621],[57.35085152,-3.40763121],[57.35086004,-3.40767309],[57.35089063,-3.40774906],[57.35094350,-3.40784251],[57.35096979,-3.40790169],[57.35099992,-3.40801920],[57.35104278,-3.40820368],[57.35108546,-3.40840478],[57.35112804,-3.40861418],[57.35121039,-3.40888329],[57.35127972,-3.40911035],[57.35131865,-3.40924481],[57.35137966,-3.40941337],[57.35141446,-3.40951444],[57.35142719,-3.40958142],[57.35145723,-3.40970723],[57.35148194,-3.40990765],[57.35148925,-3.41005753],[57.35150188,-3.41013281],[57.35152340,-3.41021675],[57.35154099,-3.41025067],[57.35158983,-3.41030241],[57.35162501,-3.41037024],[57.35164251,-3.41041247],[57.35166310,-3.41057948],[57.35167564,-3.41066308],[57.35169136,-3.41086315],[57.35170372,-3.41096335],[57.35172515,-3.41105560],[57.35174667,-3.41113954],[57.35177726,-3.41121551],[57.35180804,-3.41127487],[57.35182554,-3.41131710],[57.35183396,-3.41136729],[57.35184220,-3.41143409],[57.35184622,-3.41147580],[57.35184099,-3.41154209],[57.35184483,-3.41160042],[57.35184904,-3.41162551],[57.35187477,-3.41173455],[57.35191397,-3.41184410],[57.35198396,-3.41201301],[57.35200585,-3.41206372],[57.35203598,-3.41218123],[57.35206620,-3.41229044],[57.35210980,-3.41240847],[57.35214058,-3.41246783],[57.35217146,-3.41251888],[57.35224247,-3.41259641],[57.35230880,-3.41269038],[57.35237836,-3.41280110],[57.35243192,-3.41292783],[57.35258601,-3.41320802],[57.35267910,-3.41331965],[57.35275455,-3.41340151],[57.35278987,-3.41345689],[57.35296772,-3.41362164],[57.35301665,-3.41366508],[57.35308784,-3.41372600],[57.35314547,-3.41379471],[57.35320301,-3.41387172],[57.35331434,-3.41395912],[57.35334989,-3.41399373],[57.35341660,-3.41405448],[57.35344345,-3.41406382],[57.35347918,-3.41408182],[57.35351034,-3.41410795],[57.35354580,-3.41415087],[57.35358546,-3.41421889],[57.35359416,-3.41424416],[57.35364674,-3.41436254],[57.35367752,-3.41442191],[57.35372599,-3.41450689],[57.35374807,-3.41454098],[57.35380120,-3.41460952],[57.35382973,-3.41464094],[57.35394716,-3.41476247],[57.35713952,-3.41904367],[57.35708961,-3.41905058],[57.35559247,-3.42140109],[57.35460471,-3.42289965],[57.35401788,-3.42328273],[57.35251687,-3.42406282],[57.35127808,-3.42454700],[57.35121972,-3.42493721],[57.35118331,-3.42529500],[57.35117183,-3.42567371],[57.35122520,-3.42794410],[57.35127406,-3.42997484],[57.35082484,-3.43027002],[57.34929582,-3.43129476],[57.34805931,-3.43215808],[57.34806345,-3.43220525]]]]},"properties":{"GmlID":"CairngormsNationalPark.1","OBJECTID":1,"NPCode":"S21000003","NPName":"Cairngorms National Park","st_area_shape_":4528098739.66568851,"st_length_shape_":414299.06215096}}
]}